"","ADFG_Station","Latitude","Longitude","NMFS_Station","Area_Nm2","ADFG_tier","NOAA_tier","CPT_STD","1976_NOAA","1979_NOAA","1982_NOAA","1985_NOAA","1988_NOAA","1991_NOAA","1996_ADFG","1999_ADFG","2002_ADFG","2006_ADFG","2008_ADFG","2010_NBS","2011_ADFG","2014_ADFG","2017_ADFG","2017_NBS","2018_ADFG","2019_ADFG","2019_NBS","2020_ADFG","2021_ADFG","2021_NBS","2022_NBS","2023_ADFG","2023_NBS"
"1",3,63,-165.701,"A13",100,"O","O","O",NA,NA,NA,0,NA,NA,NA,NA,NA,NA,NA,NA,NA,NA,NA,NA,NA,NA,NA,NA,NA,NA,NA,NA,NA
"2",4,63,-166.0665,"A14",100,"O","O","O",NA,NA,NA,NA,NA,NA,NA,NA,NA,NA,NA,57278.6941284934,NA,NA,NA,0,NA,NA,0,NA,NA,0,527568.922734726,NA,33667.6794183735
"3",6,63,-166.7973333,"A16",225,"O","O","O",NA,NA,NA,NA,NA,NA,NA,NA,NA,NA,NA,0,NA,NA,NA,0,NA,NA,0,NA,NA,60325.3478174855,30318.9460702408,NA,29520.3668703511
"4",8,63,-167.5283333,"A18",225,"ONS","O","O",NA,NA,NA,NA,NA,NA,NA,NA,NA,NA,NA,0,NA,NA,NA,0,NA,NA,31019.7075550884,NA,NA,0,518084.484476989,NA,0
"5",9,63,-167.8938333,"A19/N009",225,"ONS","O","O",NA,NA,NA,NA,NA,NA,NA,NA,NA,0,NA,NA,NA,NA,NA,NA,NA,NA,NA,NA,NA,NA,NA,NA,NA
"6",10,63.0305,-168.61775,"A21/N009AB",225,"ONS","O","O",NA,NA,NA,NA,NA,NA,NA,NA,NA,0,NA,NA,NA,NA,NA,NA,NA,NA,NA,NA,NA,NA,NA,NA,NA
"7",18,63.16666667,-165.3375,"B12",100,"O","O","O",0,NA,NA,NA,NA,NA,NA,NA,NA,NA,NA,NA,NA,NA,NA,NA,NA,NA,NA,NA,NA,NA,NA,NA,NA
"8",19,63.16666667,-165.7051667,"B13",100,"O","O","O",15190.2733641595,0,NA,8439.04075786637,0,NA,NA,NA,NA,NA,NA,NA,NA,NA,NA,NA,NA,NA,NA,NA,NA,NA,NA,NA,NA
"9",20,63.16666667,-166.0726667,"B14",100,"O","O","O",8101.47912755171,0,NA,0,0,NA,NA,NA,NA,NA,NA,NA,NA,NA,NA,NA,NA,NA,NA,NA,NA,NA,NA,NA,NA
"10",21,63.16666667,-166.4403333,"B15",225,"O","O","O",34178.1150693588,0,NA,0,0,NA,NA,NA,NA,NA,NA,NA,NA,NA,NA,NA,NA,NA,NA,NA,NA,NA,NA,NA,NA
"11",22,63.16666667,-166.8078333,"B16",225,"O","O","O",0,NA,NA,NA,NA,NA,NA,NA,NA,NA,NA,NA,NA,NA,NA,NA,NA,NA,NA,NA,NA,NA,NA,NA,NA
"12",23,63.16666667,-167.1755,"B17",225,"ONS","O","O",42065.372393057,0,NA,NA,NA,NA,NA,NA,NA,NA,NA,NA,NA,NA,NA,NA,NA,NA,NA,NA,NA,NA,NA,NA,NA
"13",24,63.16666667,-167.543,"B18/N024",225,"ONS","O","O",0,0,NA,NA,NA,NA,NA,NA,NA,0,NA,NA,NA,NA,NA,NA,NA,NA,NA,NA,NA,NA,NA,NA,NA
"14",25,63.16666667,-167.9106667,"B19/N025",225,"ONS","O","O",NA,NA,NA,NA,NA,NA,NA,NA,NA,0,NA,NA,NA,NA,NA,NA,NA,NA,NA,NA,NA,NA,NA,NA,NA
"15",37,63.33333333,-165.3396667,"C12",100,"O","O","O",0,NA,NA,0,0,NA,NA,NA,NA,NA,NA,28746.7617667564,NA,NA,NA,NA,NA,NA,0,NA,NA,0,0,NA,0
"16",38,63.33333333,-165.7093333,"C13",100,"O","S","O",37975.6834103986,0,NA,24970.3123794402,0,0,NA,NA,NA,NA,NA,NA,NA,NA,NA,NA,NA,NA,NA,NA,NA,NA,NA,NA,NA
"17",39,63.33333333,-166.0791667,"C14",100,"O","S","O",34720.6248323645,0,NA,0,0,25673.7014605512,NA,NA,NA,NA,NA,0,NA,NA,NA,NA,NA,NA,60818.8555226277,NA,NA,29643.4386008989,163209.407673008,NA,0
"18",40,63.33333333,-166.4488333,"C15",225,"O","S","O",NA,NA,NA,0,16878.0815157327,18600.3347316238,NA,NA,NA,NA,NA,NA,NA,NA,NA,NA,NA,NA,NA,NA,NA,NA,NA,NA,NA
"19",41,63.33333333,-166.8185,"C16",225,"O","O","O",NA,NA,NA,NA,NA,NA,NA,NA,NA,NA,NA,0,NA,NA,NA,0,NA,NA,0,NA,NA,0,359994.183876574,NA,27872.8829875831
"20",43,63.33333333,-167.558,"C18",225,"ONS","O","O",NA,NA,NA,NA,NA,NA,NA,NA,NA,NA,NA,0,NA,NA,NA,0,NA,NA,0,NA,NA,31372.1018115199,31320.5931082584,NA,0
"21",44,63.33333333,-167.9276667,"C19/N044",225,"ONS","O","O",NA,NA,NA,NA,NA,NA,NA,NA,NA,0,NA,NA,NA,NA,NA,NA,NA,NA,NA,NA,NA,NA,NA,NA,NA
"22",49,63.5,-163.1106667,"D06",100,"O","O","O",7595.13668207973,NA,NA,NA,NA,NA,NA,NA,NA,NA,NA,NA,NA,NA,NA,NA,NA,NA,NA,NA,NA,NA,NA,NA,NA
"23",50,63.5,-163.4825,"D07",100,"O","O","O",0,NA,NA,NA,NA,NA,NA,NA,NA,NA,NA,NA,NA,NA,NA,NA,NA,NA,NA,NA,NA,NA,NA,NA,NA
"24",52,63.5,-164.2263333,"D09",100,"O","O","O",0,NA,NA,NA,NA,NA,NA,NA,NA,NA,NA,NA,NA,NA,NA,NA,NA,NA,NA,NA,NA,NA,NA,NA,NA
"25",53,63.5,-164.5981667,"D10",100,"O","O","O",0,NA,NA,NA,NA,NA,NA,NA,NA,NA,NA,NA,NA,NA,NA,NA,NA,NA,NA,NA,NA,NA,NA,NA,NA
"26",54,63.5,-164.97,"D11",100,"O","O","O",0,NA,NA,0,0,NA,NA,NA,NA,NA,NA,NA,NA,NA,NA,NA,NA,NA,NA,NA,NA,NA,NA,NA,NA
"27",55,63.5,-165.3418333,"D12",100,"O","O","O",6076.10934566378,NA,NA,7691.27765273897,0,0,NA,NA,NA,NA,NA,NA,NA,NA,NA,NA,NA,NA,NA,NA,NA,NA,NA,NA,NA
"28",56,63.5,-165.7136667,"D13",100,"O","S","O",0,0,NA,0,0,15285.8096746259,NA,NA,NA,NA,NA,NA,NA,NA,NA,NA,NA,NA,NA,NA,NA,NA,NA,NA,NA
"29",57,63.5,-166.0855,"D14",100,"O","S","O",30380.5467283189,8101.47912755171,NA,0,7409.88944593144,0,NA,NA,NA,NA,NA,NA,NA,NA,NA,NA,NA,NA,NA,NA,NA,NA,NA,NA,NA
"30",58,63.5,-166.4575,"D15",225,"O","S","O",0,18228.3280369914,0,0,0,19120.6238150259,NA,NA,NA,NA,NA,NA,NA,NA,NA,NA,NA,NA,NA,NA,NA,NA,NA,NA,NA
"31",60,63.5,-167.2011667,"D17",225,"ONS","O","O",0,0,0,NA,NA,NA,NA,NA,NA,NA,NA,NA,NA,NA,NA,NA,NA,NA,NA,NA,NA,NA,NA,NA,NA
"32",61,63.5,-167.573,"D18/N061",225,"ONS","O","O",0,0,NA,NA,NA,NA,NA,NA,NA,0,NA,NA,NA,NA,NA,NA,NA,NA,NA,NA,NA,NA,NA,NA,NA
"33",62,63.5,-167.9448333,"D19/N062",225,"ONS","O","O",NA,NA,NA,NA,NA,NA,NA,NA,NA,0,NA,NA,NA,NA,NA,NA,NA,NA,NA,NA,NA,NA,NA,NA,NA
"34",63,63.53333333,-168.2166667,"D20",225,"ONS","O","O",0,0,NA,NA,NA,NA,NA,NA,NA,NA,NA,NA,NA,NA,NA,NA,NA,NA,NA,NA,NA,NA,NA,NA,NA
"35",64,63.4945,-168.82925,"D21/N064",225,"ONS","O","O",0,0,NA,NA,NA,NA,NA,NA,NA,0,NA,NA,NA,NA,NA,NA,NA,NA,NA,NA,NA,NA,NA,NA,NA
"36",68,63.66666667,-161.2296667,"E01",100,"O","O","O",0,NA,NA,NA,NA,NA,NA,NA,NA,NA,43400.7810404556,NA,NA,NA,NA,NA,NA,NA,NA,NA,NA,NA,NA,NA,NA
"37",69,63.66666667,-161.6036667,"E02",100,"O","O","O",NA,NA,NA,NA,NA,NA,NA,NA,NA,0,30380.5467283189,144555.065627519,NA,NA,NA,71164.2727449541,NA,NA,NA,NA,NA,NA,NA,NA,NA
"38",70,63.66666667,-161.9776667,"E03",100,"O","O","O",NA,NA,NA,NA,NA,NA,NA,NA,NA,0,65101.1715606834,NA,NA,NA,NA,NA,NA,NA,NA,NA,NA,NA,NA,NA,NA
"39",73,63.66666667,-163.0998333,"E06",100,"O","O","O",0,0,0,NA,NA,NA,NA,NA,NA,NA,NA,30741.8256751906,NA,NA,NA,0,NA,NA,0,NA,NA,69523.7461353726,31828.4014585804,NA,32688.23090207
"40",74,63.66666667,-163.4738333,"E07",100,"O","O","O",6751.23260629309,NA,NA,NA,NA,NA,NA,NA,NA,NA,NA,NA,NA,NA,NA,NA,NA,NA,NA,NA,NA,NA,NA,NA,NA
"41",75,63.66666667,-163.8478333,"E08",100,"O","O","O",149565.768508647,NA,NA,NA,NA,NA,NA,NA,NA,NA,NA,35022.0858207727,NA,NA,NA,NA,NA,NA,0,NA,NA,0,0,NA,0
"42",76,63.66666667,-164.222,"E09",100,"O","O","O",0,NA,NA,NA,NA,NA,NA,NA,NA,NA,NA,NA,NA,NA,NA,NA,NA,NA,NA,NA,NA,NA,NA,NA,NA
"43",77,63.66666667,-164.596,"E10",100,"O","O","O",0,NA,NA,8498.0550289004,0,NA,NA,0,NA,NA,NA,0,NA,NA,NA,0,NA,NA,0,NA,NA,0,0,NA,0
"44",78,63.66666667,-164.97,"E11",100,"t1","O","O",0,NA,NA,7994.88071797866,0,8047.82694789905,0,NA,0,0,15190.2733641595,NA,0,0,0,NA,0,0,NA,30380.5467283189,NA,NA,NA,0,NA
"45",79,63.66666667,-165.344,"E12",100,"t1","S","S",NA,0,NA,8155.85147068964,7740.26668237425,0,11595.6285222591,NA,65101.1715606834,15190.2733641595,91141.6401849568,162022.732999219,45570.8200924784,0,0,0,0,15190.2733641595,33599.6597412431,273424.92055487,NA,398838.985888137,97375.2053956922,45570.8200924784,197102.33054031
"46",80,63.66666667,-165.718,"E13",100,"t1","S","S",15190.2733641595,7595.13668207973,NA,23369.6513294761,22643.8857602377,14213.1212764065,12553.9449290574,NA,20253.6978188793,15190.2733641595,60761.0934566378,NA,30380.5467283189,45570.8200924784,167093.007005754,NA,0,91141.6401849568,NA,0,NA,NA,NA,15190.2733641595,NA
"47",81,63.66666667,-166.0921667,"E14",100,"t1","S","S",37975.6834103986,95481.7182890023,135912.972205637,8210.95857522133,46739.3026589522,16761.6809535553,0,NA,0,15190.2733641595,15190.2733641595,0,0,0,15190.2733641595,29408.2508118782,0,75951.3668207973,262960.990721321,0,NA,92505.1142272865,63105.5848360625,30380.5467283189,268895.395479499
"48",82,63.66666667,-166.4661667,"E15",100,"t1","S","S",NA,56710.353892862,8155.85147068964,0,7547.96192007923,8680.15620809112,11867.4010657496,NA,0,0,0,NA,0,0,15190.2733641595,NA,15190.2733641595,0,NA,0,NA,NA,NA,0,NA
"49",83,63.66666667,-166.8401667,"E16",225,"O","O","O",NA,54684.9841109741,NA,NA,NA,NA,NA,NA,NA,NA,NA,0,NA,NA,NA,0,NA,NA,515177.701130071,NA,NA,62571.2883953327,0,NA,59156.4932063564
"50",84,63.66666667,-167.2141667,"E17/N084",225,"ONS","O","O",0,16083.8188561688,0,NA,NA,NA,NA,NA,NA,0,NA,NA,NA,NA,NA,NA,NA,NA,NA,NA,NA,NA,NA,NA,NA
"51",85,63.66666667,-167.5883333,"E18",225,"ONS","O","O",NA,NA,NA,NA,NA,NA,NA,NA,NA,NA,NA,0,NA,NA,NA,32796.499375242,NA,NA,0,NA,NA,0,0,NA,0
"52",86,63.66666667,-167.9623333,"E19/N086",225,"ONS","O","O",NA,NA,NA,NA,NA,NA,NA,NA,NA,0,NA,NA,NA,NA,NA,NA,NA,NA,NA,NA,NA,NA,NA,NA,NA
"53",93,63.83333333,-161.2075,"F01",100,"O","O","O",21445.0918082251,NA,NA,NA,NA,NA,NA,NA,NA,21700.3905202278,15190.2733641595,NA,NA,NA,NA,NA,NA,NA,NA,NA,NA,NA,NA,NA,NA
"54",94,63.83333333,-161.5838333,"F02",100,"t2","S","S",12152.2186913276,8101.47912755171,0,8047.82694789905,0,NA,NA,NA,11684.825664738,0,NA,NA,18753.4239063697,NA,15190.2733641595,NA,30380.5467283189,NA,NA,0,NA,NA,NA,NA,NA
"55",95,63.83333333,-161.96,"F03",100,"t2","S","S",12791.8091487659,NA,NA,NA,NA,NA,NA,NA,0,136712.460277435,60761.0934566378,NA,17663.1085629761,NA,15190.2733641595,NA,45570.8200924784,NA,NA,0,NA,NA,NA,NA,NA
"56",96,63.83333333,-162.3363333,"F04",100,"t3","S","O",36456.6560739827,8101.47912755171,15002.7391250958,8266.81543627726,0,NA,NA,NA,NA,60761.0934566378,60761.0934566378,NA,91141.6401849568,NA,15190.2733641595,NA,30380.5467283189,NA,NA,15190.2733641595,15190.2733641595,NA,NA,91141.6401849568,NA
"57",97,63.83333333,-162.7125,"F05",100,"t3","S","O",NA,NA,NA,NA,NA,NA,NA,13809.3394219631,NA,30380.5467283189,NA,NA,0,NA,NA,NA,0,NA,NA,75951.3668207973,15190.2733641595,NA,NA,15190.2733641595,NA
"58",98,63.83333333,-163.0888333,"F06",100,"t3","S","S",35741.8196803752,0,7994.88071797866,7595.13668207973,0,NA,NA,75951.3668207973,NA,15190.2733641595,15190.2733641595,NA,0,NA,15190.2733641595,NA,NA,NA,NA,30380.5467283189,0,NA,NA,NA,NA
"59",99,63.83333333,-163.465,"F07",100,"t3","S","S",57186.9114886003,0,7455.34889038501,16878.0815157327,0,NA,NA,11684.825664738,NA,15190.2733641595,30380.5467283189,NA,0,NA,0,NA,45570.8200924784,NA,NA,15190.2733641595,NA,NA,NA,NA,NA
"60",100,63.83333333,-163.8413333,"F08",100,"t3","S","S",162029.582551034,16202.9582551034,7891.05109826465,15190.2733641595,0,NA,NA,82856.0365317789,NA,30380.5467283189,15190.2733641595,NA,15190.2733641595,NA,15190.2733641595,NA,15190.2733641595,0,NA,0,NA,NA,NA,NA,NA
"61",101,63.83333333,-164.2175,"F09",100,"t3","S","S",NA,0,0,0,0,NA,NA,0,0,151902.733641595,45570.8200924784,NA,15190.2733641595,NA,0,NA,0,0,NA,0,NA,NA,NA,0,NA
"62",102,63.83333333,-164.5938333,"F10",100,"t3","S","S",21445.0918082251,0,0,18228.3280369914,15190.2733641595,0,NA,37975.6834103987,0,15190.2733641595,0,NA,15190.2733641595,NA,15190.2733641595,NA,0,15190.2733641595,NA,0,NA,NA,NA,15190.2733641595,NA
"63",103,63.83333333,-164.97,"F11",100,"t1","S","S",11573.5416107882,16202.9582551034,7789.88377649203,8101.47912755171,33067.261745109,52455.6202503348,0,46739.3026589522,43400.7810404556,15190.2733641595,30380.5467283189,NA,15190.2733641595,60761.0934566378,15190.2733641595,NA,15190.2733641595,0,NA,15190.2733641595,NA,NA,NA,0,NA
"64",104,63.83333333,-165.3461667,"F12",100,"t1","S","S",31979.5228719147,0,7547.96192007923,0,23073.8329582169,145484.308276457,11595.6285222591,91141.6401849568,108501.952601139,60761.0934566378,45570.8200924784,NA,91141.6401849568,30380.5467283189,15190.2733641595,NA,45570.8200924784,60761.0934566378,NA,60761.0934566378,NA,NA,NA,243044.373826551,NA
"65",105,63.83333333,-165.7225,"F13",100,"t1","S","S",129117.323595355,0,15885.2531912779,8047.82694789905,81014.7912755171,8805.95557342578,32319.7305620414,0,40507.3956377586,106331.913549116,30380.5467283189,NA,45570.8200924784,121522.186913276,91141.6401849568,NA,0,2749439.47891286,NA,45570.8200924784,NA,NA,NA,106331.913549116,NA
"66",106,63.83333333,-166.0986667,"F14",100,"t1","S","S",100077.095105051,97217.7495306205,279820.825129253,95938.568615744,115369.164791085,51347.4029211024,149601.177071267,56963.525115598,0,30380.5467283189,0,NA,45570.8200924784,91141.6401849568,45570.8200924784,NA,30380.5467283189,106331.913549116,NA,15190.2733641595,NA,NA,NA,60761.0934566378,NA
"67",107,63.83333333,-166.475,"F15",100,"t1","S","S",0,NA,NA,8101.47912755171,7364.98102504701,16761.6809535553,35882.5355058885,0,0,0,0,NA,0,0,0,NA,0,0,NA,15190.2733641595,NA,NA,NA,0,NA
"68",108,63.83333333,-166.8511667,"F16",225,"O","O","O",NA,17089.0575346794,NA,0,0,NA,NA,NA,NA,NA,NA,NA,NA,NA,NA,NA,NA,NA,NA,NA,NA,NA,NA,NA,NA
"69",110,63.83333333,-167.6036667,"F18/N110",225,"ONS","O","O",0,0,NA,NA,NA,NA,NA,NA,NA,0,NA,NA,NA,NA,NA,NA,NA,NA,NA,NA,NA,NA,NA,NA,NA
"70",112,63.76911111,-168.3361111,"F20/N087",225,"ONS","O","O",0,0,NA,NA,NA,NA,NA,NA,NA,0,NA,NA,NA,NA,NA,NA,NA,NA,NA,NA,NA,NA,NA,NA,NA
"71",113,63.76666667,-168.8833333,"F21",100,"ONS","O","O",0,NA,NA,NA,NA,NA,NA,NA,NA,NA,NA,NA,NA,NA,NA,NA,NA,NA,NA,NA,NA,NA,NA,NA,NA
"72",120,64,-161.1851667,"G01",100,"O","O","O",NA,NA,NA,NA,NA,NA,NA,NA,NA,0,45570.8200924784,NA,NA,NA,NA,NA,NA,NA,NA,NA,NA,NA,NA,NA,NA
"73",121,64,-161.5636667,"G02",100,"t2","S","S",7595.13668207973,7595.13668207973,7547.96192007923,15285.8096746259,30191.8476803169,NA,NA,NA,NA,0,30380.5467283189,30479.6443000284,0,NA,0,0,15190.2733641595,NA,0,0,NA,33177.8406908144,636168.484978999,NA,33497.7862213763
"74",122,64,-161.9421667,"G03",100,"t2","S","S",0,NA,NA,NA,NA,NA,NA,NA,43400.7810404556,15190.2733641595,15190.2733641595,NA,683562.301387176,NA,30380.5467283189,NA,15190.2733641595,NA,NA,15190.2733641595,NA,NA,NA,15190.2733641595,NA
"75",123,64,-162.3206667,"G04",100,"c","S","S",0,0,0,24632.875725664,60761.0934566378,NA,40507.3956377586,0,45570.8200924784,30380.5467283189,30380.5467283189,31896.6604290544,45570.8200924784,0,30380.5467283189,69441.5679226202,15190.2733641595,15190.2733641595,32735.0319638038,15190.2733641595,0,32701.1338413455,379014.794189655,0,65773.587197214
"76",124,64,-162.699,"G05",100,"c","S","S",0,NA,NA,NA,NA,NA,34008.0746958794,0,15190.2733641595,30380.5467283189,121522.186913276,NA,15190.2733641595,60761.0934566378,15190.2733641595,NA,0,0,NA,30380.5467283189,0,NA,NA,NA,NA
"77",125,64,-163.0775,"G06",100,"c","S","S",0,16202.9582551034,NA,51347.4029211024,7409.88944593144,44459.3366755887,35741.8196803752,45570.8200924784,30380.5467283189,60761.0934566378,45570.8200924784,123564.466120333,45570.8200924784,106331.913549116,45570.8200924784,354653.392935352,0,NA,0,106331.913549116,30380.5467283189,508988.552692808,104637.833847774,NA,0
"78",126,64,-163.456,"G07",100,"c","S","S",71483.6393607504,16202.9582551034,49745.9244674228,25494.1650867012,0,0,8439.04075786637,15190.2733641595,45570.8200924784,45570.8200924784,60761.0934566378,NA,45570.8200924784,212663.827098232,45570.8200924784,NA,0,15190.2733641595,NA,227854.100462392,0,NA,NA,NA,NA
"79",127,64,-163.8345,"G08",100,"c","S","S",0,NA,39455.2554913233,49940.6247588804,7364.98102504701,0,11087.7907767587,0,30380.5467283189,121522.186913276,15190.2733641595,122311.340591022,60761.0934566378,121522.186913276,NA,0,167093.007005754,45570.8200924784,111817.062855412,30380.5467283189,121522.186913276,543415.832245851,680656.082058428,60761.0934566378,31307.6264638461
"80",128,64,-164.213,"G09",100,"c","S","S",26417.8667202773,48608.8747653103,7789.88377649203,78401.4109117908,7595.13668207973,0,23369.6513294761,45570.8200924784,0,60761.0934566378,45570.8200924784,NA,45570.8200924784,30380.5467283189,0,NA,136712.460277435,15190.2733641595,NA,15190.2733641595,15190.2733641595,NA,NA,15190.2733641595,NA
"81",129,64,-164.5915,"G10",100,"c","S","S",57563.1411694464,0,7891.05109826465,24800.4463088318,0,0,0,151902.733641595,10126.8489094396,60761.0934566378,182283.280369914,119824.044265086,15190.2733641595,30380.5467283189,30380.5467283189,31317.0463310909,NA,0,388696.096368065,15190.2733641595,106331.913549116,497534.494087002,60874.6714122438,75951.3668207973,63043.4649414285
"82",130,64,-164.97,"G11",100,"c","S","S",23147.0832215763,32405.9165102068,126256.817572234,26040.4686242734,15382.5553054779,14641.2273389489,63735.412716753,58424.1283236902,50634.2445471982,0,0,NA,45570.8200924784,0,0,NA,60761.0934566378,0,NA,30380.5467283189,0,NA,NA,15190.2733641595,NA
"83",131,64,-165.3485,"G12",100,"c","S","S",76750.8548925952,8101.47912755171,426116.759306291,15885.2531912779,7501.36956254788,372006.694632477,11087.7907767587,0,11684.825664738,45570.8200924784,30380.5467283189,292409.470172699,30380.5467283189,15190.2733641595,30380.5467283189,148283.640388772,15190.2733641595,15190.2733641595,650801.167976501,288615.19391903,15190.2733641595,69820.1484100422,163715.561086605,106331.913549116,32598.0020847996
"84",132,64,-165.727,"G13",100,"c","S","S",189878.417051993,8101.47912755171,15989.7614359573,16202.9582551034,7409.88944593144,53165.9567745581,57538.9142581798,15190.2733641595,131649.035822715,167093.007005754,45570.8200924784,NA,136712.460277435,349376.287375668,30380.5467283189,NA,60761.0934566378,592420.661202219,NA,75951.3668207973,15190.2733641595,NA,NA,136712.460277435,NA
"85",133,64,-166.1055,"G14",100,"c","S","S",81014.7912755171,85780.3672329005,186334.019933689,57090.9602948275,39974.4035898933,8155.85147068964,50634.2445471982,0,NA,15190.2733641595,15190.2733641595,31688.2319894026,0,91141.6401849568,258234.647190711,181874.848888942,15190.2733641595,273424.92055487,164641.14816501,30380.5467283189,0,284840.289187987,450884.039033905,60761.0934566378,583077.393119769
"86",134,64,-166.484,"G15",100,"c","S","S",0,20253.6978188793,15480.5333647485,52835.7334405546,7994.88071797866,26806.3647602814,0,0,10850.1952601139,13809.3394219631,0,NA,0,0,0,NA,0,0,NA,15190.2733641595,0,NA,NA,0,NA
"87",135,64,-166.8625,"G16",100,"O","S","S",NA,NA,NA,0,0,NA,0,0,10850.1952601139,15190.2733641595,0,30405.0468579017,0,0,0,171277.28031349,NA,NA,460463.012033566,NA,NA,31998.5825195447,0,NA,57681.3435176326
"88",136,64,-167.241,"G17",225,"ONS","O","O",0,0,0,NA,NA,NA,NA,NA,NA,NA,NA,NA,NA,NA,NA,NA,NA,NA,NA,NA,NA,NA,NA,NA,NA
"89",137,64,-167.6193333,"G18/N137",225,"ONS","O","O",0,0,NA,NA,NA,NA,NA,NA,NA,0,NA,0,NA,NA,NA,35391.1205114039,NA,NA,0,NA,NA,0,0,NA,0
"90",139,64.019,-168.3145833,"G20",225,"ONS","O","O",0,0,NA,NA,NA,NA,NA,NA,NA,0,NA,NA,NA,NA,NA,0,NA,NA,0,NA,NA,0,NA,NA,0
"91",147,64.16666667,-161.1625,"H01",100,"O","O","O",NA,NA,NA,NA,NA,NA,NA,NA,NA,0,30380.5467283189,NA,0,NA,NA,NA,NA,NA,NA,NA,NA,NA,NA,NA,NA
"92",148,64.16666667,-161.5431667,"H02",100,"t2","S","S",6395.90457438293,0,8266.81543627726,8155.85147068964,0,NA,NA,NA,21700.3905202278,45570.8200924784,15190.2733641595,NA,0,NA,0,NA,0,0,NA,0,NA,NA,NA,NA,NA
"93",149,64.16666667,-161.924,"H03",100,"t2","S","S",19187.7137231488,NA,NA,NA,NA,NA,NA,NA,21700.3905202278,NA,0,NA,0,NA,30380.5467283189,NA,NA,0,NA,0,NA,NA,NA,0,NA
"94",150,64.16666667,-162.3046667,"H04",100,"c","S","S",24304.4373826551,0,NA,32623.4058827586,24304.4373826551,NA,21700.3905202278,69046.6971098157,0,0,30380.5467283189,NA,15190.2733641595,30380.5467283189,15190.2733641595,NA,0,15190.2733641595,NA,0,15190.2733641595,NA,NA,NA,NA
"95",151,64.16666667,-162.6855,"H05",100,"c","S","S",18003.2869501149,NA,NA,NA,NA,NA,10333.5192953466,151902.733641595,30380.5467283189,27618.6788439263,15190.2733641595,NA,45570.8200924784,45570.8200924784,15190.2733641595,NA,0,15190.2733641595,NA,15190.2733641595,15190.2733641595,NA,NA,60761.0934566378,NA
"96",152,64.16666667,-163.0661667,"H06",100,"c","S","S",31979.5228719147,NA,47040.8465470745,16996.1100578008,47969.284307872,248568.109595337,10263.6982190267,337561.630314655,0,45570.8200924784,106331.913549116,NA,62425.7809486005,30380.5467283189,30380.5467283189,NA,0,0,NA,0,0,NA,NA,0,NA
"97",153,64.16666667,-163.447,"H07",100,"c","S","S",30380.5467283189,13502.4652125862,7409.88944593144,43092.9740827219,223047.05192943,132269.046980436,0,303805.467283189,15190.2733641595,0,15190.2733641595,NA,45570.8200924784,15190.2733641595,30380.5467283189,NA,NA,0,NA,0,0,NA,NA,0,NA
"98",154,64.16666667,-163.8276667,"H08",100,"c","S","S",60761.0934566378,16202.9582551034,22643.8857602377,92189.245244554,463303.337606863,1059213.65620355,28481.762557799,75951.3668207973,15190.2733641595,15190.2733641595,15190.2733641595,NA,30380.5467283189,15190.2733641595,121522.186913276,NA,NA,30380.5467283189,NA,0,15190.2733641595,NA,NA,15190.2733641595,NA
"99",155,64.16666667,-164.2085,"H09",100,"c","S","S",12152.2186913276,7595.13668207973,198715.525770136,83808.4047677763,203794.971842139,7691.27765273897,43400.7810404556,50634.2445471982,45570.8200924784,15190.2733641595,45570.8200924784,NA,30380.5467283189,91141.6401849568,15190.2733641595,NA,121522.186913276,0,NA,30380.5467283189,45570.8200924784,NA,NA,45570.8200924784,NA
"100",156,64.16666667,-164.5891667,"H10",100,"c","S","S",141775.884732155,0,15190.2733641595,24632.875725664,0,0,15989.7614359573,75951.3668207973,10126.8489094396,30380.5467283189,45570.8200924784,NA,45570.8200924784,15190.2733641595,0,NA,15190.2733641595,0,NA,15190.2733641595,0,NA,NA,30380.5467283189,NA
"101",157,64.16666667,-164.97,"H11",100,"c","S","S",236293.141220258,8101.47912755171,53500.3338611905,16761.6809535553,0,7994.88071797866,10928.2542188198,12658.5611367996,40507.3956377586,15190.2733641595,0,NA,0,NA,0,NA,0,0,NA,0,91141.6401849568,NA,NA,15190.2733641595,NA
"102",158,64.16666667,-165.3508333,"H12",100,"c","S","S",128273.419519569,8101.47912755171,31360.5643647163,40507.3956377586,0,95311.5191476672,0,15190.2733641595,21700.3905202278,15190.2733641595,15190.2733641595,NA,15190.2733641595,0,0,NA,30380.5467283189,30380.5467283189,NA,15190.2733641595,60761.0934566378,NA,NA,60761.0934566378,NA
"103",159,64.16666667,-165.7315,"H13",100,"c","S","S",114770.954306983,0,23827.8797869168,79948.8071797866,52509.5869378352,83027.5811208716,11684.825664738,0,32550.5857803417,75951.3668207973,243044.373826551,NA,106331.913549116,60761.0934566378,15190.2733641595,NA,45570.8200924784,15190.2733641595,NA,212663.827098232,75951.3668207973,NA,NA,91141.6401849568,NA
"104",160,64.16666667,-166.1123333,"H14",100,"c","S","S",189878.417051993,28593.4557443002,329285.925829521,158145.311736455,60010.9565003831,25494.1650867012,84390.4075786637,0,10850.1952601139,167093.007005754,0,NA,45570.8200924784,0,151902.733641595,NA,0,106331.913549116,NA,0,0,NA,NA,45570.8200924784,NA
"105",161,64.16666667,-166.493,"H15",100,"c","S","S",16202.9582551034,0,NA,24467.5544120689,216727.467106479,23369.6513294761,96446.1800899013,16878.0815157327,0,0,0,NA,15190.2733641595,15190.2733641595,30380.5467283189,NA,0,0,NA,0,15190.2733641595,NA,NA,45570.8200924784,NA
"106",162,64.16666667,-166.8738333,"H16",100,"O","O","O",NA,NA,NA,0,0,22366.046671155,NA,NA,NA,NA,NA,NA,NA,NA,NA,NA,NA,NA,NA,NA,NA,NA,NA,NA,NA
"107",163,64.16666667,-167.2545,"H17/N163",225,"ONS","O","O",0,0,17870.9098401876,NA,0,NA,NA,NA,NA,0,NA,NA,NA,NA,NA,NA,NA,NA,NA,NA,NA,NA,NA,NA,NA
"108",164,64.16666667,-167.6353333,"H18/N164",225,"ONS","O","O",NA,NA,NA,NA,NA,NA,NA,NA,NA,0,NA,NA,NA,NA,NA,NA,NA,NA,NA,NA,NA,NA,NA,NA,NA
"109",165,64.16666667,-168.016,"H19/N165",225,"ONS","O","O",NA,NA,NA,NA,NA,NA,NA,NA,NA,0,NA,NA,NA,NA,NA,NA,NA,NA,NA,NA,NA,NA,NA,NA,NA
"110",166,64.249,-168.3676667,"H20",225,"ONS","O","O",0,0,NA,NA,NA,NA,NA,NA,NA,NA,NA,NA,NA,NA,NA,NA,NA,NA,NA,NA,NA,NA,NA,NA,NA
"111",174,64.33333333,-161.5225,"I02",100,"t2","S","S",30380.5467283189,0,14729.962050094,0,0,NA,NA,NA,NA,0,NA,26478.1235373654,NA,NA,NA,0,NA,NA,0,NA,NA,0,198615.410828569,NA,0
"112",175,64.33333333,-161.9055,"I03",100,"t2","S","S",14296.7278721501,NA,NA,NA,NA,NA,NA,NA,NA,0,30380.5467283189,NA,0,NA,0,NA,0,0,NA,0,NA,NA,NA,0,NA
"113",176,64.33333333,-162.2886667,"I04",100,"c","S","S",NA,16202.9582551034,23220.8000471227,10386.5117019894,0,NA,10850.1952601139,0,0,45570.8200924784,15190.2733641595,30260.2509930799,136712.460277435,440517.927560624,NA,64622.7024732897,0,0,0,NA,0,33030.5312292788,0,0,0
"114",177,64.33333333,-162.6716667,"I05",78.1,"O","S","O",NA,NA,NA,NA,NA,NA,0,NA,NA,NA,NA,NA,NA,NA,NA,NA,NA,NA,NA,NA,NA,NA,NA,NA,NA
"115",178,64.33333333,-163.0546667,"I06",89.8,"O","S","O",NA,NA,NA,NA,NA,NA,NA,NA,NA,NA,NA,0,NA,NA,NA,26921.8295689237,NA,NA,0,NA,NA,31114.1995491595,0,NA,81528.991370111
"116",179,64.33333333,-163.4378333,"I07",100,"c","S","S",14296.7278721501,0,44189.8861502821,70108.9539884283,NA,NA,18987.8417051993,33756.1630314655,NA,0,15190.2733641595,NA,15190.2733641595,91141.6401849568,0,NA,0,0,NA,0,0,NA,NA,0,NA
"117",180,64.33333333,-163.8208333,"I08",100,"c","S","S",5523.73576878526,NA,22504.1086876436,8618.59481654438,15382.5553054779,7789.88377649203,17870.9098401876,41428.0182658894,30380.5467283189,15190.2733641595,15190.2733641595,87322.7206563509,45570.8200924784,15190.2733641595,15190.2733641595,372879.382626159,0,0,0,15190.2733641595,15190.2733641595,142284.130985982,29853.3854889692,15190.2733641595,32770.2185430737
"118",181,64.33333333,-164.2038333,"I09",100,"c","S","S",12791.8091487659,16202.9582551034,7024.4038678194,16878.0815157327,0,0,0,60761.0934566378,0,0,15190.2733641595,NA,0,0,45570.8200924784,NA,30380.5467283189,0,NA,0,0,NA,NA,15190.2733641595,NA
"119",182,64.33333333,-164.587,"I10",100,"c","S","S",94517.2564881033,0,30191.8476803169,7891.05109826465,16311.7029413793,21319.6819146098,0,151902.733641595,15190.2733641595,15190.2733641595,NA,168234.670184606,0,0,0,0,15190.2733641595,0,30411.28424156,15190.2733641595,0,66201.8798770924,0,0,0
"120",183,64.33333333,-164.97,"I11",100,"c","S","S",627864.632385258,16202.9582551034,126256.817572234,611634.848040328,0,0,271254.881502848,421952.037893318,713942.848115495,15190.2733641595,410137.380832305,NA,91141.6401849568,60761.0934566378,15190.2733641595,NA,91141.6401849568,91141.6401849568,NA,60761.0934566378,15190.2733641595,NA,NA,345233.485549079,NA
"121",184,64.33333333,-165.353,"I12",100,"c","S","S",142967.278721501,0,85688.7215414123,114953.420053099,0,56710.353892862,0,88609.9279575969,167093.007005754,45570.8200924784,744323.394843814,884704.841548459,394947.107468146,258234.647190711,75951.3668207973,30233.211373185,60761.0934566378,151902.733641595,220817.046806057,60761.0934566378,243044.373826551,270714.199287431,25909.6815336025,745704.32878601,232850.942532858
"122",185,64.33333333,-165.7361667,"I13",100,"c","S","S",NA,48608.8747653103,57867.7080539408,41334.0771813863,52509.5869378352,76385.3746312019,34786.8855667774,60761.0934566378,43400.7810404556,364566.560739827,197473.553734073,NA,379756.834103987,440517.927560624,151902.733641595,NA,30380.5467283189,30380.5467283189,NA,75951.3668207973,1473456.51632347,NA,NA,774703.941572133,NA
"123",186,64.33333333,-166.1191667,"I14",100,"c","S","S",8101.47912755171,72913.3121479654,148962.680732402,164219.171504427,53500.3338611905,47346.3065895879,12055.7725112377,18987.8417051993,32550.5857803417,1245602.41586108,45570.8200924784,94073.71819979,410137.380832305,2764629.75227702,30380.5467283189,32375.7103718225,0,106331.913549116,175460.544570321,30380.5467283189,30380.5467283189,842101.296269606,53263.8807717029,212663.827098232,342529.480630998
"124",187,64.33333333,-166.5021667,"I15",100,"c","S","S",NA,NA,50634.2445471982,108204.686977574,576046.73017332,18412.4525626175,67015.9119007035,11684.825664738,11684.825664738,15190.2733641595,0,NA,15190.2733641595,258234.647190711,121522.186913276,NA,45570.8200924784,106331.913549116,NA,0,15190.2733641595,NA,NA,15190.2733641595,NA
"125",188,64.33333333,-166.8853333,"I16",100,"O","S","O",NA,NA,NA,23520.4232735372,212663.827098232,51554.8671753291,NA,NA,NA,NA,NA,0,NA,NA,NA,462783.916862161,NA,NA,378726.38360342,NA,NA,65457.0941822909,321274.008343899,NA,378604.728564294
"126",189,64.33333333,-167.2683333,"I17/N189",225,"ONS","O","O",NA,NA,NA,NA,0,19391.8383372248,NA,NA,NA,34178.1150693588,NA,NA,NA,NA,NA,NA,NA,NA,NA,NA,NA,NA,NA,NA,NA
"127",190,64.33333333,-167.6513333,"I18/N190",225,"ONS","O","O",0,0,NA,NA,NA,NA,NA,NA,NA,0,NA,0,NA,NA,NA,0,NA,NA,417338.406258747,NA,NA,0,0,NA,0
"128",191,64.33333333,-168.0345,"I19/N191",225,"ONS","O","O",NA,NA,NA,NA,NA,NA,NA,NA,NA,0,NA,NA,NA,NA,NA,NA,NA,NA,NA,NA,NA,NA,NA,NA,NA
"129",200,64.5,-161.8868333,"J03",100,"O","O","O",18228.3280369914,NA,NA,NA,NA,NA,NA,NA,NA,NA,NA,NA,0,NA,NA,NA,NA,NA,NA,NA,NA,NA,NA,NA,NA
"130",201,64.5,-162.2723333,"J04",91.2,"O","S","O",5541.41172324537,7388.54896432716,0,0,0,NA,0,0,0,NA,NA,NA,NA,NA,NA,NA,NA,NA,NA,NA,NA,NA,NA,NA,NA
"131",202,64.5,-163.8138333,"J08",85.6,"c","S","S",29720.854856504,6934.86613318426,0,0,NA,NA,9631.75851831148,0,0,0,0,NA,0,13002.8739997205,0,NA,0,0,NA,0,0,NA,NA,0,NA
"132",203,64.5,-164.1991667,"J09",82.8,"c","S","S",65107.2987297715,0,6708.02471761282,NA,14072.7791278591,5590.02059801068,8983.96167537431,10481.28862127,12577.546345524,NA,0,NA,0,12577.546345524,0,NA,12577.546345524,12577.546345524,NA,0,0,NA,NA,0,NA
"133",204,64.5,-165.7408333,"J13",61.4,"O","S","O",NA,0,0,4974.30818431675,0,0,NA,0,0,0,0,NA,NA,NA,NA,NA,NA,NA,NA,NA,NA,NA,NA,NA,NA
"134",205,64.5,-166.0833333,"J14",78.1,"O","S","O",NA,NA,NA,NA,NA,NA,NA,NA,NA,NA,NA,NA,0,NA,NA,NA,NA,NA,NA,NA,NA,NA,NA,NA,NA
"135",206,64.5,-166.5115,"J15",100,"O","S","O",NA,NA,15579.7675529841,140535.862416713,7840.14109117908,9206.22628130876,0,NA,NA,NA,NA,NA,NA,NA,NA,NA,NA,NA,NA,NA,NA,NA,NA,NA,NA
"136",207,64.5,-166.897,"J16",100,"O","S","O",NA,NA,NA,58264.0622186938,75013.6956254788,0,NA,NA,NA,NA,NA,NA,NA,NA,NA,NA,NA,NA,NA,NA,NA,NA,NA,NA,NA
"137",208,64.5,-167.2823333,"J17",225,"ONS","O","O",0,16083.8188561688,NA,NA,NA,NA,NA,NA,NA,NA,NA,NA,NA,NA,NA,NA,NA,NA,NA,NA,NA,NA,NA,NA,NA
"138",209,64.5,-167.6676667,"J18/N209",225,"ONS","O","O",NA,NA,NA,NA,NA,NA,NA,NA,NA,0,NA,NA,NA,NA,NA,NA,NA,NA,NA,NA,NA,NA,NA,NA,NA
"139",210,64.5,-168.0531667,"J19/N210",225,"ONS","O","O",0,0,NA,NA,NA,NA,NA,NA,NA,0,NA,NA,NA,NA,NA,NA,NA,NA,NA,NA,NA,NA,NA,NA,NA
"140",211,64.48533333,-168.4831667,"J20/N211",225,"ONS","O","O",0,0,NA,NA,NA,NA,NA,NA,NA,0,NA,NA,NA,NA,NA,NA,NA,NA,NA,NA,NA,NA,NA,NA,NA
"141",220,64.66666667,-161.4801667,"K02",100,"O","O","O",NA,NA,NA,NA,NA,NA,NA,NA,NA,NA,NA,NA,0,NA,NA,NA,NA,NA,NA,NA,NA,NA,NA,NA,NA
"142",222,64.66666667,-166.521,"K15",67.4,"O","S","O",NA,NA,NA,5534.18607969918,NA,NA,NA,NA,NA,NA,NA,NA,NA,NA,NA,NA,NA,NA,NA,NA,NA,NA,NA,NA,NA
"143",223,64.66666667,-166.9088333,"K16",100,"O","S","O",NA,NA,NA,335233.619071105,76912.7765273897,NA,NA,NA,NA,NA,NA,59206.0981004258,NA,NA,NA,60140.0448776911,NA,NA,0,NA,NA,0,184508.903529412,NA,NA
"144",224,64.66666667,-167.2965,"K17",225,"ONS","O","O",0,18228.3280369914,NA,NA,NA,NA,NA,NA,NA,NA,NA,NA,NA,NA,NA,NA,NA,NA,NA,NA,NA,NA,NA,NA,NA
"145",225,64.66666667,-167.6843333,"K18/N225",225,"ONS","O","O",0,0,NA,NA,NA,NA,NA,NA,NA,0,NA,0,NA,NA,NA,0,NA,NA,228027.681825591,NA,NA,0,NA,NA,0
"146",226,64.66666667,-168.072,"K19/N226",225,"ONS","O","O",NA,NA,NA,NA,NA,NA,NA,NA,NA,0,NA,NA,NA,NA,NA,NA,NA,NA,NA,NA,NA,NA,NA,NA,NA
"147",227,64.74725,-168.4125278,"K20/N239",225,"ONS","O","O",0,0,NA,NA,NA,NA,NA,NA,NA,0,NA,NA,NA,NA,NA,NA,NA,NA,NA,NA,NA,NA,NA,NA,NA
"148",230,64.73725,-169.57625,"K23",225,"ONS","O","O",0,0,NA,NA,NA,NA,NA,NA,NA,NA,NA,NA,NA,NA,NA,NA,NA,NA,NA,NA,NA,NA,NA,NA,NA
"149",236,64.83333333,-167.3108333,"L17/N236",225,"ONS","O","O",NA,NA,NA,NA,NA,NA,NA,NA,NA,0,NA,NA,NA,NA,NA,NA,NA,NA,NA,NA,NA,NA,NA,NA,NA
"150",237,64.83333333,-167.701,"L18/N237",225,"ONS","O","O",NA,NA,NA,NA,NA,NA,NA,NA,NA,0,NA,NA,NA,NA,NA,NA,NA,NA,NA,NA,NA,NA,NA,NA,NA
"151",238,64.83333333,-168.0911667,"L19/N238",225,"ONS","O","O",NA,NA,NA,NA,NA,NA,NA,NA,NA,0,NA,NA,NA,NA,NA,NA,NA,NA,NA,NA,NA,NA,NA,NA,NA
"152",240,64.76666667,-169.05,"L21",225,"ONS","O","O",0,0,NA,NA,NA,NA,NA,NA,NA,NA,NA,NA,NA,NA,NA,NA,NA,NA,NA,NA,NA,NA,NA,NA,NA
"153",247,65,-167.718,"M18/N301A",225,"ONS","O","O",0,NA,NA,NA,NA,NA,NA,NA,NA,33839.7178904542,NA,NA,NA,NA,NA,NA,NA,NA,NA,NA,NA,NA,NA,NA,NA
"154",249,64.98254167,-168.4670834,"M20/N302A",225,"ONS","O","O",0,NA,NA,NA,NA,NA,NA,NA,NA,0,NA,NA,NA,NA,NA,NA,NA,NA,NA,NA,NA,NA,NA,NA,NA
"155",250,65,-169.0666667,"M21",225,"ONS","O","O",0,NA,NA,NA,NA,NA,NA,NA,NA,NA,NA,NA,NA,NA,NA,NA,NA,NA,NA,NA,NA,NA,NA,NA,NA
"156",252,65,-169.5,"M23",225,"ONS","O","O",0,NA,NA,NA,NA,NA,NA,NA,NA,NA,NA,NA,NA,NA,NA,NA,NA,NA,NA,NA,NA,NA,NA,NA,NA
"157",611,65.31233333,-166.8896667,"PC-01",100,"O","O","O",NA,NA,NA,NA,NA,NA,NA,NA,NA,NA,0,NA,NA,NA,NA,NA,NA,NA,NA,NA,NA,NA,NA,NA,NA
"158",612,65.30416667,-166.5081667,"PC03",100,"O","O","O",NA,NA,NA,NA,NA,NA,NA,NA,NA,NA,0,NA,NA,NA,NA,NA,NA,NA,NA,NA,NA,NA,NA,NA,NA
"159",613,65.2995,-166.9181667,"C-14",100,"O","O","O",NA,NA,NA,NA,NA,NA,NA,NA,NA,NA,15190.2733641595,NA,NA,NA,NA,NA,NA,NA,NA,NA,NA,NA,NA,NA,NA
"160",614,65.29866667,-167.0003333,"C-16",100,"O","O","O",NA,NA,NA,NA,NA,NA,NA,NA,NA,NA,0,NA,NA,NA,NA,NA,NA,NA,NA,NA,NA,NA,NA,NA,NA
"161",615,65.27383333,-167.0835,"C-18",100,"O","O","O",NA,NA,NA,NA,NA,NA,NA,NA,NA,NA,0,NA,NA,NA,NA,NA,NA,NA,NA,NA,NA,NA,NA,NA,NA
"162",616,65.29983333,-167.0825,"C-14",100,"O","O","O",NA,NA,NA,NA,NA,NA,NA,NA,NA,NA,0,NA,NA,NA,NA,NA,NA,NA,NA,NA,NA,NA,NA,NA,NA
"163",617,65.32483333,-167.0001667,"C-17",100,"O","O","O",NA,NA,NA,NA,NA,NA,NA,NA,NA,NA,15190.2733641595,NA,NA,NA,NA,NA,NA,NA,NA,NA,NA,NA,NA,NA,NA
