NOAA_Station,ADFG_Station,Haul ,Haul_rate,Month,Day,Year,Latitude,Longitude,tow_distance_NM,Depth_m,Bottom_Temp,Surface_Temp
G10,129,1,,9,2,1976,64,-164.6,1.9,21,8.6,11
G11,130,2,,9,2,1976,64,-164.9666667,2.1,20,7.2,10.5
G12,131,3,,9,2,1976,64,-165.35,1.9,20,6.6,9.8
H12,158,4,,9,2,1976,64.16666667,-165.35,1.8,20,7.4,10.9
H13,159,5,,9,2,1976,64.16666667,-165.7333333,1.8,22,6.2,10.6
I10,182,7,,9,3,1976,64.33333333,-164.6666667,1.8,18,6,13.2
H10,156,8,,9,3,1976,64.16666667,-164.5833333,1.8,18,6.5,13.7
H11,157,9,,9,3,1976,64.16666667,-164.9833333,1.8,18,7.6,11.5
I11,183,10,,9,3,1976,64.3,-165.0833333,1.8,28,7.6,12
I12,184,11,,9,3,1976,64.35,-165.4166667,1.7,28,7.5,10.2
I14,186,13,,9,3,1976,64.33333333,-166.15,1.5,26,5,10.2
J17,208,15,,9,4,1976,64.48333333,-167.2833333,1.9,34,6.2,9.8
J19,210,16,,9,4,1976,64.46666667,-167.9,1.8,35,4.4,8.3
K18,225,17,,9,4,1976,64.71666667,-167.85,1.8,36,3.6,10.5
K20,227,18,,9,4,1976,64.75,-168.4166667,1.6,43,2,7.9
L21,240,19,,9,4,1976,64.76666667,-169.05,1.8,46,0.9,6.1
J22,213,20,,9,4,1976,64.53333333,-169.05,2.3,45,1,6.2
J20,211,21,,9,4,1976,64.53333333,-168.45,1.9,41,1.8,6.6
K17,224,22,,9,4,1976,64.73333333,-167.2666667,1.7,29,3.5,10.5
O15,,23,,9,5,1976,65.26666667,-166.6,1.8,13,,
O17,,25,,9,5,1976,65.3,-167.1833333,1.8,14,,
M18,247,26,,9,5,1976,65.01666667,-167.8833333,2.2,47,,
o18,,27,,9,5,1976,65.26666667,-167.8666667,2,35,,
p20,,28,,9,5,1976,65.53333333,-168.4666667,2,58,,
r19,,29,,9,5,1976,65.78333333,-168.2666667,2.1,50,,
s19,,30,,9,5,1976,66.03333333,-168.0333333,1.7,38,,
r18,,31,,9,6,1976,65.83333333,-167.7666667,2,17,,
A17,,33,,9,6,1976,66.25,-167.4,1.9,25,,
E17,,35,,9,6,1976,66.76666667,-167.4166667,1.4,34,,
s17,,36,,9,6,1976,66.06666667,-167.3,2.2,19,,
B15,,37,,9,6,1976,66.26666667,-166.7833333,1.8,19,,
C15,,38,,9,6,1976,66.48333333,-166.7166667,1.5,27,,
E14,,40,,9,7,1976,66.8,-166.15,2.1,22,,
C14,,41,,9,7,1976,66.45,-166.1666667,1.9,18,,
C12,,42,,9,7,1976,66.51666667,-165.4833333,1.9,17,,
D12,,43,,9,7,1976,66.75,-165.4666667,1.4,24,,
E11,,44,,9,7,1976,66.85,-165.1166667,2.1,27,,
E10,,45,,9,7,1976,66.86666667,-164.7333333,2,27,,
D10,,46,,9,7,1976,66.7,-164.5833333,2.3,20,,
,,47,d,9,7,1976,66.68333333,-164.2666667,,20,,
D09,,48,,9,7,1976,66.68333333,-164.2666667,1.9,20,,
D07,,49,,9,8,1976,66.68333333,-163.3,1.7,21,,
E07,,50,,9,8,1976,66.81666667,-163.3833333,1.9,16,,
F07,,51,,9,8,1976,67.01666667,-163.3333333,1.8,15,,
D05,,52,,9,8,1976,66.7,-162.5666667,1.9,15,,
C04,,53,,9,8,1976,66.5,-162.0333333,1.7,15,,
,,54,d,9,8,1976,66.51666667,-162.5333333,,,,
,,55,d,9,8,1976,,,,,,
D06,,56,,9,8,1976,66.65,-162.9666667,0.7,17,,
B07,,57,,9,9,1976,66.36666667,-163.35,1.6,16,,
B06,,58,,9,9,1976,66.35,-162.9333333,1.9,15,,
B05,,59,,9,9,1976,66.35,-162.4666667,1.6,16,,
C06,,61,,9,9,1976,66.53333333,-163.0666667,1.9,19,,
C07,,62,,9,9,1976,66.51666667,-163.35,1.3,23,,
D08,,63,,9,10,1976,66.68333333,-163.7833333,1.8,25,,
E08,,65,,9,10,1976,66.83333333,-163.8166667,1.8,27,,
E09,,66,,9,10,1976,66.86666667,-164.25,1.1,26,,
F08,,68,,9,10,1976,67.01666667,-163.7833333,2.1,18,,
F09,,69,,9,10,1976,67.03333333,-164.1666667,2.1,27,,
F10,,70,,9,10,1976,67.03333333,-164.6666667,1.7,28,,
F11,,71,,9,10,1976,67.03333333,-165.0333333,1.8,28,,
I10,,72,,9,10,1976,67.5,-164.65,1.7,33,,
K11,,73,,9,10,1976,67.76666667,-164.8333333,1.5,19,,
I09,,75,,9,11,1976,67.53333333,-164.2,1.7,21,,
H09,,76,,9,11,1976,67.38333333,-164.2166667,1.4,27,,
H10,,77,,9,11,1976,67.35,-164.6166667,2,32,,
G09,,79,,9,11,1976,67.23333333,-164.2166667,1.4,27,,
G10,,80,,9,11,1976,67.2,-164.6333333,2,33,,
G11,,81,,9,11,1976,67.2,-165.0833333,1.3,33,,
F12,,82,,9,11,1976,67.03333333,-165.4333333,2.1,29,,
G12,,83,,9,11,1976,67.25,-165.4166667,1.8,34,,
I12,,84,,9,11,1976,67.51666667,-165.35,1.8,39,,
K12,,86,,9,11,1976,67.78333333,-165.4666667,1.8,43,,
N15,,89,,9,12,1976,68.28333333,-166.8333333,1.8,38,,
L18,,90,,9,12,1976,68.05,-168.1666667,1.6,61,,
K18,,91,,9,12,1976,67.8,-168.1666667,1.8,54,,
I18,,92,,9,12,1976,67.56666667,-168.15,1.2,49,,
H18,,93,,9,12,1976,67.31666667,-168.1166667,1.5,46,,
F18,,94,,9,12,1976,67.03333333,-167.8833333,1.4,73,,
F17,,95,,9,12,1976,67.06666667,-167.3833333,1.8,43,,
H17,,96,,9,12,1976,67.28333333,-167.3666667,2.3,47,,
I17,,97,,9,12,1976,67.51666667,-167.4666667,1.6,51,,
K17,,98,,9,13,1976,67.76666667,-167.5,2,58,,
K14,,100,,9,13,1976,67.81666667,-166.2,1.4,57,,
N17,,101,,9,13,1976,68.3,-167.5,1.8,49,,
N18,,102,,9,13,1976,68.3,-168.15,1.8,57,,
N20,,103,,9,13,1976,68.3,-168.7666667,1.6,57,,
L20,,104,,9,14,1976,68.05,-168.7833333,1.3,64,,
K20,,105,,9,14,1976,67.81666667,-168.8,1.5,58,,
H15,,106,,9,14,1976,67.31666667,-166.8166667,1.7,51,,
F15,,107,,9,14,1976,67.05,-166.8166667,2.2,42,,
F14,,108,,9,14,1976,67.05,-166.1333333,1.9,31,,
I15,,109,,9,14,1976,67.56666667,-166.85,1.4,52,,
I14,,110,,9,14,1976,67.53333333,-166.1333333,1.6,46,,
H14,,111,,9,14,1976,67.3,-166.1166667,1.7,42,,
E08,,113,,9,15,1976,66.86666667,-163.6666667,1.9,21,,
E08,,114,,9,15,1976,66.9,-163.6833333,1.9,22,,
E08,,115,,9,15,1976,66.86666667,-163.7,1.5,23,,
E08,,116,,9,15,1976,66.9,-163.7,1.9,22,,
E08,,117,,9,15,1976,66.86666667,-163.7166667,1.8,21,,
E08,,118,,9,15,1976,66.9,-163.6666667,1.8,20,,
E08,,119,,9,15,1976,66.88333333,-163.7166667,1.6,23,,
E08,,120,,9,15,1976,66.9,-163.7333333,1.7,25,,
E08,,121,,9,15,1976,66.86666667,-163.75,1.9,26,,
E08,,122,,9,15,1976,66.88333333,-163.75,1.7,30,,
E08,,123,,9,16,1976,66.86666667,-163.6833333,2,22,,
E08,,124,,9,16,1976,66.9,-163.6833333,1.8,22,,
D18,,125,,9,16,1976,66.75,-167.9666667,1.6,32,,
C18,,126,,9,16,1976,66.51666667,-168,1.3,28,,
A18,,127,,9,16,1976,66.25,-167.9833333,1.1,35,,
n15,,128,,9,17,1976,65.25,-166.6833333,1.9,13,,
o15,,129,,9,17,1976,65.26666667,-166.6,1.8,15,,
n15,,130,,9,17,1976,65.25,-166.7,1.9,15,,
o15,,131,,9,17,1976,65.28333333,-166.5666667,1.9,15,,
o15,,132,,9,17,1976,65.26666667,-166.65,1.6,15,,
o15,,133,,9,17,1976,65.28333333,-166.5666667,1.6,15,,
n14,,134,,9,18,1976,65.25,-166.2666667,1.6,15,,
o15,,135,,9,18,1976,65.26666667,-166.6,2,15,,
H14,160,136,,9,18,1976,64.18333333,-166.15,1.6,25,8,8
G14,133,137,,9,18,1976,64.03333333,-166.1666667,1.8,27,8.2,8.2
G13,132,138,,9,18,1976,64,-165.65,1.6,22,8.9,8.9
F13,105,139,,9,19,1976,63.85,-165.6666667,1.6,23,9.9,9.9
F14,106,140,,9,19,1976,63.85,-166.0666667,1.7,29,8.6,8.6
E14,81,141,,9,19,1976,63.66666667,-166.0333333,1.6,29,,
E13,80,142,,9,19,1976,63.66666667,-165.7666667,1.6,27,8.2,8.6
D14,57,143,,9,19,1976,63.48333333,-166.0166667,1.6,27,6.2,7.8
C14,39,144,,9,19,1976,63.35,-166.0833333,1.4,26,8.6,9.7
B14,20,145,,9,19,1976,63.18333333,-166.0833333,1.5,24,9.3,9.9
B13,19,146,,9,19,1976,63.16666667,-165.7333333,1.6,24,10.5,9.7
B12,18,147,,9,19,1976,63.15,-165.35,1.5,18,9.6,9.4
C13,38,148,,9,19,1976,63.31666667,-165.75,1.6,26,9,9.6
D13,56,149,,9,19,1976,63.53333333,-165.7166667,1.9,27,8.6,9.6
C12,37,150,,9,19,1976,63.38333333,-165.3166667,1.7,20,9.7,9.6
D12,55,151,,9,20,1976,63.5,-165.35,2,20,9.8,9.8
F12,104,153,,9,20,1976,63.83333333,-165.3333333,1.9,21,,
F11,103,154,,9,20,1976,63.83333333,-165.0333333,2.1,20,9.7,9.5
E10,77,155,,9,20,1976,63.68333333,-164.6333333,1.3,17,9.3,9.6
E11,78,156,,9,20,1976,63.66666667,-164.9833333,1.6,20,9.5,9.6
D11,54,157,,9,20,1976,63.56666667,-164.9666667,1.6,13,10.1,9.4
D10,53,158,,9,20,1976,63.55,-164.6166667,1.6,13,10.1,9.5
D09,52,159,,9,20,1976,63.53333333,-164.25,1.5,13,9.7,9.4
E09,76,160,,9,20,1976,63.63333333,-164.2333333,1.8,15,9.5,9.4
F10,102,161,,9,20,1976,63.83333333,-164.6,1.7,19,9.4,9.4
F08,100,163,,9,20,1976,63.85,-163.8666667,1.8,20,9.2,9.8
E08,75,164,,9,21,1976,63.66666667,-163.8833333,1.3,17,9.5,9.8
D07,50,166,,9,21,1976,63.55,-163.5,1.4,16,9.8,9.6
E07,74,167,,9,21,1976,63.66666667,-163.45,1.8,17,8.9,9.6
F07,99,168,,9,21,1976,63.83333333,-163.4666667,1.7,20,8.5,9.8
G07,126,169,,9,21,1976,64.01666667,-163.4333333,1.7,24,7,9.5
G06,125,170,,9,21,1976,64,-163.05,1.5,22,4.8,9.4
F06,98,171,,9,21,1976,63.85,-163.1333333,1.7,20,7.5,9.2
E06,73,172,,9,21,1976,63.63333333,-163.1666667,1.6,17,9.1,9.6
D06,49,173,,9,21,1976,63.51666667,-163.1666667,1.6,14,11.4,9.4
G05,124,176,,9,22,1976,64,-162.6833333,1.4,22,4.2,9.8
F04,96,177,,9,22,1976,63.81666667,-162.35,2,20,6.3,9.1
F02,94,178,,9,22,1976,63.81666667,-161.6,2,18,2.5,9.3
F03,95,179,,9,22,1976,63.85,-161.9833333,1.9,20,3.7,9.4
G04,123,180,,9,22,1976,64,-162.3333333,1.8,21,3.8,9.1
G03,122,181,,9,22,1976,64,-161.9666667,1.9,20,4.2,9.1
G02,121,182,,9,23,1976,64,-161.55,1.6,21,1.6,9.2
E01,68,183,,9,23,1976,63.68333333,-161.25,2,15,4,9.1
F01,93,184,,9,23,1976,63.81666667,-161.25,1.7,16,3.3,9.4
I02,174,185,,9,23,1976,64.33333333,-161.5666667,2,17,2.6,9.3
J03,200,186,,9,23,1976,64.5,-161.9,2,15,7,9.4
I03,175,187,,9,23,1976,64.33333333,-161.9666667,1.7,20,2.7,9.2
H02,148,188,,9,23,1976,64.18333333,-161.5166667,1.9,19,2.5,9.1
H03,149,190,,9,23,1976,64.15,-161.85,1.9,22,3.7,9.2
M20,249,192,,9,28,1976,65,-168.4833333,1.6,51,2.2,4.7
M21,250,193,,9,29,1976,65,-169.0666667,2.1,51,2.4,4.4
M23,252,194,,9,29,1976,65,-169.5,2,51,2,4.4
K23,230,195,,9,29,1976,64.73333333,-169.5833333,1.5,48,1.7,4.1
J23,214,196,,9,29,1976,64.48333333,-169.5833333,1.5,38,1.9,3.8
H23,169,197,,9,29,1976,64.25,-169.5833333,1.5,40,2.1,4.2
G23,141,198,,9,29,1976,64.01666667,-169.4666667,1.3,41,1.6,4.5
E23,66,199,,9,29,1976,63.71666667,-169.4333333,2.1,38,5.6,5.1
D21,64,201,,9,29,1976,63.5,-168.8666667,1.4,27,6.7,6.3
A22,11,202,,9,30,1976,63.06666667,-169.1166667,1.7,28,6.3,6.4
B18,24,203,,9,30,1976,63.25,-167.6166667,1.8,38,4.2,6.9
B17,23,204,,9,30,1976,63.23333333,-167.0833333,1.3,27,7.8,7.3
B15,21,205,,10,1,1976,63.25,-166.4833333,1.6,26,8.8,8.6
D15,58,206,,10,1,1976,63.46666667,-166.4666667,1.7,27,8,8.1
D17,60,207,,10,1,1976,63.53333333,-167.1,1.5,30,6.7,6.5
D18,61,208,,10,1,1976,63.48333333,-167.6666667,1.8,34,5.3,5.3
D20,63,209,,10,1,1976,63.53333333,-168.2166667,1.8,32,6.2,6.4
F21,113,210,,10,1,1976,63.76666667,-168.8833333,2,35,3.7,4.5
E17,84,211,,10,1,1976,63.73333333,-167.1,1.6,33,6.2,6.2
F18,110,212,,10,1,1976,63.76666667,-167.6833333,1.8,33,7.3,7.1
F20,112,213,,10,1,1976,63.76666667,-168.3,1.7,35,5.1,4.9
G21,140,214,,10,2,1976,64.01666667,-168.9333333,1.9,38,2.2,4.9
G20,139,215,,10,2,1976,64.01666667,-168.3166667,1.9,40,1.9,4.7
G18,137,216,,10,2,1976,64.03333333,-167.7833333,1.6,38,6.7,6.6
G17,136,217,,10,2,1976,64.03333333,-167.1666667,1.8,35,6.2,5.1
G15,134,218,,10,2,1976,64.01666667,-166.6,1.7,33,4.8,7.2
F15,107,219,,10,2,1976,63.76666667,-166.55,1.6,32,5.8,6.6
G09,128,220,,10,2,1976,64.01666667,-164.3,2.3,20,8.8,8.2
G08,127,221,,10,2,1976,64,-163.8166667,2.4,22,8.8,8.2
H09,155,222,,10,2,1976,64.15,-164.2333333,2,23,8.1,8.6
H07,153,223,,10,2,1976,64.16666667,-163.4833333,1.6,22,7.4,8.6
H05,151,224,,10,3,1976,64.16666667,-162.75,2.7,22,1.4,8.1
J04,201,225,,10,3,1976,64.5,-162.3333333,2,17,6.8,7.5
H04,150,227,,10,3,1976,64.15,-162.2666667,1.5,18,7,8
H06,152,228,,10,3,1976,64.16666667,-163.1,1.9,28,6.4,8.2
H08,154,229,,10,3,1976,64.16666667,-163.8,1.6,23,11.2,8
I09,181,230,,10,3,1976,64.33333333,-164.2166667,1.9,17,8.6,7.6
I07,179,231,,10,3,1976,64.33333333,-163.55,1.7,22,8.7,7.4
J07,201.5,232,,10,3,1976,64.5,-163.5333333,1.6,19,8.5,7.8
I08,180,233,,10,4,1976,64.33333333,-163.8,2.2,19,9.1,8
J08,202,234,,10,4,1976,64.5,-163.9166667,1.4,18,8.8,7.2
I12,184,235,r,10,4,1976,64.3,-165.2666667,1.7,21,,
I12,184,236,r,10,4,1976,64.28333333,-165.3166667,1.8,22,,
I12,184,237,r,10,4,1976,64.3,-165.2833333,1.7,21,,
I12,184,238,r,10,4,1976,64.26666667,-165.3666667,1.8,22,,
I12,184,239,r,10,4,1976,64.31666667,-165.3166667,1.8,22,,
I12,184,240,r,10,4,1976,64.3,-165.35,1.9,23,,
I12,184,241,r,10,5,1976,64.3,-165.3833333,1.9,22,,
I12,184,242,r,10,5,1976,64.3,-165.4166667,1.9,22,,
J09,203,243,,10,5,1976,64.5,-164.2833333,1.7,20,8.5,7.2
G08,127,244,r,10,5,1976,63.96666667,-163.8333333,1.9,20,,
G08,127,245,r,10,5,1976,63.96666667,-163.95,1.5,20,,
G08,127,246,r,10,5,1976,63.96666667,-163.8833333,1.9,20,,
G08,127,247,r,10,5,1976,63.98333333,-163.9166667,1.7,20,,
G08,127,248,r,10,6,1976,63.98333333,-163.8166667,1.9,20,,
G08,127,249,r,10,6,1976,63.98333333,-163.9,1.6,21,,
G08,127,250,r,10,6,1976,63.98333333,-163.8,2.7,21,,
G08,127,251,r,10,6,1976,63.96666667,-163.8,2,22,,
H15,161,252,,10,6,1976,64.25,-166.5666667,1.5,29,7.4,7.3
H17,163,253,,10,7,1976,64.25,-167.1,2.1,31,6.3,6.1
I18,190,254,,10,7,1976,64.26666667,-167.8333333,1.9,37,7,6.3
H20,166,255,,10,7,1976,64.25,-168.3666667,2,39,3.6,4.3
H21,167,256,,10,7,1976,64.25,-168.9333333,1.6,40,3.6,4
I26,198,258,,10,7,1976,64.26666667,-170.6833333,2,38,0.2,2.8
B17,23,260,r,10,8,1976,63.23333333,-167.0333333,1.6,26,,
B17,23,261,r,10,8,1976,63.25,-167.05,2,27,,
B17,23,262,r,10,8,1976,63.23333333,-167.0166667,1.5,27,,
B17,23,263,r,10,8,1976,63.23333333,-167,1.6,27,,
B17,23,265,r,10,9,1976,63.23333333,-167.0166667,1.4,26,,
B16,22,266,,10,9,1976,63.23333333,-166.9833333,1.8,26,,
B16,22,267,r,10,9,1976,63.2,-166.95,1.3,27,,
B17,23,268,r,10,9,1976,63.21666667,-167,1.7,27,,
H15,161,1,,7,26,1979,64.26333333,-166.5438333,1.5,23.7744,7.1,9.7
H17,163,2,,7,26,1979,64.254,-167.1348333,1.5,25.6032,5,9.7
J17,208,3,,7,27,1979,64.49583333,-167.2938333,1.7,25.6032,5.1,8.1
K17,224,4,,7,27,1979,64.725,-167.2715,1.5,25.6032,7.6,8.8
K18,225,5,,7,27,1979,64.72666667,-167.8555,1.5,32.9184,2.6,8.7
K20,227,6,,7,27,1979,64.7595,-168.4273333,1.5,40.2336,3.4,9
L21,240,7,,7,27,1979,64.7615,-169.0483333,1.5,43.8912,0.5,9
K23,230,8,,7,27,1979,64.74116667,-169.5691667,1,43.8912,0.8,8.8
J23,214,9,,7,27,1979,64.48533333,-169.577,1.5,34.7472,1.2,8.3
J22,213,10,,7,27,1979,64.53183333,-169.0525,1.5,38.4048,0.3,8.2
J20,211,11,,7,27,1979,64.54433333,-168.4556667,1.5,38.4048,2.7,9.9
J19,210,12,,7,27,1979,64.48783333,-167.894,1.5,32.9184,1.8,10.1
I18,190,13,,7,27,1979,64.27933333,-167.8401667,1.5,31.0896,2.2,10.1
H20,166,14,,7,28,1979,64.248,-168.3686667,1.5,34.7472,2.3,9.5
H21,167,15,,7,28,1979,64.25083333,-168.8995,1.5,34.7472,2.5,7.1
H23,169,16,,7,28,1979,64.23183333,-169.5813333,1.3,34.7472,0.1,7.8
G23,141,17,,7,28,1979,64.0105,-169.53,1.7,34.7472,0.4,10
G21,140,19,,7,28,1979,64.0165,-168.9273333,1.6,31.0896,3.7,7.8
G20,139,20,,7,28,1979,64.03116667,-168.3048333,1.7,32.9184,4,8.3
G18,137,21,,7,28,1979,64.0295,-167.773,1.7,32.9184,2.6,9.4
G17,136,22,,7,28,1979,64.01366667,-167.1765,1.5,29.2608,3.4,8.9
G15,134,23,,7,28,1979,64.0295,-166.6091667,1.5,27.432,5.6,8
G15,134,24,,7,28,1979,64.01216667,-166.6158333,1.5,27.432,,
E15,82,25,,7,29,1979,63.76433333,-166.546,1.5,25.6032,5.4,7.8
D17,60,26,,7,29,1979,63.522,-167.085,1.5,21.9456,6,7.9
E17,84,27,,7,29,1979,63.73816667,-167.101,1.7,27.432,5.6,8.7
F18,110,28,,7,29,1979,63.7685,-167.669,1.7,27.432,4,8.9
F20,112,29,,7,29,1979,63.76833333,-168.2905,1.7,29.2608,1,9.3
E21,88,30,,7,29,1979,63.76616667,-168.8921667,1.5,31.0896,0.7,7.8
E23,66,31,,7,29,1979,63.71733333,-169.4306667,1.8,32.9184,3.6,8.1
E22,65,32,,7,29,1979,63.60533333,-169.2091667,1.5,32.9184,3.8,8.4
D21,64,33,,7,29,1979,63.48716667,-168.8563333,1.5,23.7744,1.7,8.3
D20,63,34,,7,29,1979,63.5235,-168.2013333,1.5,27.432,1.3,8.9
D18,61,35,,7,30,1979,63.485,-167.6583333,1.5,27.432,6.1,6.8
B18,24,36,,7,30,1979,63.24116667,-167.6111667,1.6,31.0896,6.2,8.2
B17,23,37,,7,30,1979,63.24066667,-167.0743333,1.5,21.9456,5.6,8.3
B15,21,38,,7,30,1979,63.253,-166.4775,1.5,20.1168,8,8.3
D15,58,39,,7,30,1979,63.479,-166.4661667,1.5,21.9456,6.7,8.3
C14,39,40,,7,30,1979,63.3375,-166.0938333,1.6,20.1168,9.6,10
B14,20,41,,7,30,1979,63.16766667,-166.1098333,1.3,18.288,9,10
B13,19,42,,7,30,1979,63.17633333,-165.741,1.5,18.288,10,9.9
C13,38,43,,7,30,1979,63.30266667,-165.7555,1.6,18.288,9.4,9.7
D13,56,44,,7,30,1979,63.53466667,-165.7245,1.5,20.1168,10.3,10.3
D14,57,45,,7,30,1979,63.48983333,-166.024,1.5,21.9456,9.8,10
E14,81,46,,7,30,1979,63.64883333,-166.0478333,1.4,21.9456,,
G14,133,47,,7,31,1979,64.04116667,-166.1408333,1.7,20.1168,9,9.4
H14,160,48,,7,31,1979,64.19416667,-166.1321667,1.7,18.288,8.5,9.2
I14,186,49,,7,31,1979,64.3275,-166.177,1.5,20.1168,8.5,10.4
J13,204,50,,7,31,1979,64.47466667,-165.81,1.3,14.6304,,
I13,185,51,,7,31,1979,64.33216667,-165.7486667,1.5,20.1168,10.9,11.1
H12,159,52,,7,31,1979,64.14633333,-165.7353333,1.5,16.4592,14.7,11.3
G13,132,53,,7,31,1979,63.993,-165.6501667,1.5,14.6304,8.7,10.1
F14,106,54,,7,31,1979,63.83416667,-166.0893333,1.5,21.9456,8.7,8.9
F13,105,55,,7,31,1979,63.83266667,-165.6725,1.5,16.4592,9.4,9.5
F12,104,56,,7,31,1979,63.82266667,-165.3241667,1.7,14.6304,9.1,9.7
G12,131,57,,8,1,1979,63.99383333,-165.28,1.5,14.6304,10.3,11.6
H12,158,58,,8,1,1979,64.15,-165.3486667,1.5,14.6304,10.6,11.1
I12,184,59,,8,1,1979,64.33066667,-165.4271667,1.5,23.7744,10.5,12.3
I11,183,60,,8,1,1979,64.2965,-165.0831667,1.5,16.4592,11.1,11.3
H11,157,61,,8,1,1979,64.15416667,-164.9948333,1.5,12.8016,10.9,11.1
G11,130,62,,8,1,1979,63.99416667,-164.9765,1.5,14.6304,9.3,11.7
F11,103,63,,8,1,1979,63.84,-165.0306667,1.5,14.6304,9.4,11.7
F10,102,64,,8,1,1979,63.81366667,-164.6281667,1.4,12.8016,10.6,12.2
G10,129,65,,8,1,1979,63.98666667,-164.6135,1.4,16.4592,9.3,11.7
H10,156,66,,8,1,1979,64.16433333,-164.5963333,1.5,10.9728,10.2,13.7
I10,182,67,,8,1,1979,64.31666667,-164.6785,1.6,16.4592,11.9,14.2
J09,203,68,,8,1,1979,64.4785,-164.3078333,1.5,16.4592,10.2,13.9
I09,181,69,,8,1,1979,64.32566667,-164.215,1.5,10.9728,12,14.2
H09,155,70,,8,1,1979,64.15633333,-164.2371667,1.6,14.6304,9.1,14.7
G09,128,71,,8,2,1979,64.00033333,-164.2828333,1.5,14.6304,9,13.8
F09,101,72,,8,2,1979,63.80583333,-164.2275,1.6,12.8016,10.2,12.7
F08,100,73,,8,2,1979,63.85216667,-163.856,1.5,14.6304,8.8,14.4
H08,154,75,,8,2,1979,64.1825,-163.8013333,1.5,14.6304,9.8,14.4
I08,180,76,,8,2,1979,64.33866667,-163.7921667,1.5,14.6304,9.5,13.9
J08,202,77,,8,2,1979,64.48883333,-163.926,1.5,12.8016,10,14
J07,201.5,78,,8,2,1979,64.47,-163.563,1.5,12.8016,9.8,13.9
I07,179,79,,8,2,1979,64.34983333,-163.5446667,1.4,14.6304,9.3,14.6
H07,153,80,,8,2,1979,64.1665,-163.4866667,1.8,14.6304,8.6,14.5
G07,126,81,,8,2,1979,64.00083333,-163.4146667,1.5,18.288,8.4,14.5
F07,99,82,,8,2,1979,63.83616667,-163.4708333,1.5,14.6304,9.4,14.1
F06,98,83,,8,2,1979,63.82833333,-163.1316667,1.5,14.6304,9.8,14.2
G06,125,84,,8,3,1979,63.99866667,-163.037,1.5,16.4592,8.6,14.4
H06,152,85,,8,3,1979,64.15116667,-163.0958333,1.5,18.288,8.9,14.6
H04,150,86,,8,3,1979,64.1475,-162.2561667,1.6,14.6304,10,14.8
I04,176,87,,8,3,1979,64.30566667,-162.3038333,1.5,14.6304,11,15
J04,201,88,,8,3,1979,64.48166667,-162.3535,1.5,10.9728,15,15
I02,174,89,,8,3,1979,64.29983333,-161.6191667,1.5,10.9728,15,15
H02,148,90,,8,3,1979,64.175,-161.535,1.5,12.8016,13.8,15
G02,121,91,,8,3,1979,63.978,-161.5828333,1.6,14.6304,14,14.9
F02,94,92,,8,3,1979,63.79583333,-161.5813333,1.5,10.9728,14.6,15
F04,96,93,,8,3,1979,63.82033333,-162.3268333,1.5,12.8016,14.3,15
G04,123,94,,8,3,1979,63.985,-162.3375,1.5,12.8016,8.4,15
E06,73,95,,8,3,1979,63.66283333,-163.0815,1.5,12.8016,10,13.3
G06,152,96,r,8,4,1979,64.07316667,-163.2653333,1.5,23.7744,,
G07,153,97,r,8,4,1979,64.08133333,-163.6376667,1.5,18.288,8.3,14.7
H09,155,98,r,8,4,1979,64.09583333,-164.0486667,1.6,18.288,,
F11,130,99,r,8,4,1979,63.9195,-164.8421667,1.5,14.6304,,
F11,130,100,r,8,4,1979,63.913,-165.1423333,1.5,14.6304,,
G11,131,101,r,8,4,1979,64.08383333,-165.1476667,1.7,14.6304,,
H12,158,102,r,8,4,1979,64.23283333,-165.1753333,1.3,14.6304,,
G12,131,103,r,8,4,1979,64.06583333,-165.489,1.5,14.6304,,
H14,160,105,r,8,4,1979,64.23833333,-165.9588333,1.4,18.288,,
H13,159,106,r,8,4,1979,64.11333333,-165.9216667,1.5,16.4592,,
G14,133,107,r,8,4,1979,64.02466667,-166.1903333,1.5,20.1168,,
H15,161,108,r,8,4,1979,64.11483333,-166.3226667,1.5,21.9456,,
F16,108,109,,8,5,1979,63.869,-166.8703333,1.6,29.2608,,
F15,134,110,r,8,5,1979,63.91816667,-166.3153333,1.6,25.6032,,
F13,105,111,r,8,5,1979,63.9225,-165.8611667,1.6,18.288,,
F14,106,112,r,8,5,1979,63.83616667,-166.068,1.5,21.9456,,
F14,106,113,r,8,5,1979,63.8,-166.2083333,1.5,25.6032,,
E16,83,114,,8,5,1979,63.63266667,-166.818,1.5,25.6032,,
D14,57,115,r,8,5,1979,63.57966667,-166.1941667,1.6,21.9456,,
E14,81,116,r,8,5,1979,63.66166667,-166.0406667,1.8,21.9456,8.3,9.8
E13,80,117,,8,5,1979,63.65183333,-165.7573333,1.6,18.288,10,10.3
E12,79,118,,8,5,1979,63.67283333,-165.3335,1.5,14.6304,,
J13,204,20,,9,5,1982,64.48133333,-165.87,1.57,14.6304,11.8,12.3
I14,186,21,,9,5,1982,64.33433333,-166.1736667,1.55,21.9456,9.6,9.6
I13,185,22,,9,5,1982,64.333,-165.7616667,1.47,18.288,9.9,13.6
I12,184,23,,9,5,1982,64.33266667,-165.4441667,1.56,20.1168,9,10.3
I11,183,24,,9,6,1982,64.33566667,-164.9768333,1.54,23.7744,8.4,9.7
I10,182,25,,9,6,1982,64.31033333,-164.6941667,1.61,10.9728,9.2,11.5
I09,181,26,,9,6,1982,64.32083333,-164.2216667,1.73,10.9728,8.8,11.7
J09,203,27,,9,6,1982,64.48016667,-164.2996667,1.5,16.4592,8.4,12.1
J08,202,28,,9,6,1982,64.49216667,-163.8723333,1.65,12.8016,12.5,12.5
I08,180,29,,9,6,1982,64.33016667,-163.7946667,1.62,12.8016,8.5,12.8
I07,179,30,,9,6,1982,64.341,-163.5526667,1.65,14.6304,8.7,13
H07,153,31,,9,6,1982,64.14966667,-163.523,1.64,14.6304,8.3,12.7
H06,152,32,,9,6,1982,64.14883333,-163.0726667,1.55,21.9456,5.7,12.4
H04,150,33,,9,6,1982,64.141,-162.2618333,1.58,12.8016,4.9,13
I04,176,34,,9,6,1982,64.298,-162.3101667,1.57,12.8016,6.4,12.8
J04,201,35,,9,6,1982,64.46866667,-162.3563333,1.61,9.144,12.8,13.3
I02,174,36,,9,7,1982,64.3175,-161.625,1.65,10.9728,6,12.7
H02,148,37,,9,7,1982,64.1715,-161.5186667,1.47,12.8016,8.7,12.9
G02,121,38,,9,7,1982,63.97716667,-161.5761667,1.61,12.8016,3,12.6
F02,94,39,,9,7,1982,63.78733333,-161.5853333,1.61,9.144,4.3,11.8
F04,96,40,,9,7,1982,63.8225,-162.3236667,1.62,12.8016,6,11.2
G04,123,41,,9,7,1982,63.975,-162.341,1.7,12.8016,,
G06,125,42,,9,7,1982,64.00566667,-163.0495,1.59,14.6304,6.3,11.6
F06,98,43,,9,7,1982,63.82983333,-163.1303333,1.52,12.8016,7.7,11.2
E06,73,44,,9,7,1982,63.65516667,-163.0618333,1.48,10.9728,9.8,10.3
F07,99,45,,9,7,1982,63.8345,-163.463,1.63,12.8016,9.8,11
G07,126,46,,9,8,1982,64.00016667,-163.4113333,1.71,16.4592,8.3,11.5
H08,154,47,,9,8,1982,64.19583333,-163.8368333,1.61,14.6304,8.8,11.9
H09,155,48,,9,8,1982,64.16533333,-164.2345,1.59,14.6304,11.5,11.7
H10,156,49,,9,8,1982,64.15866667,-164.5981667,1.6,12.8016,9.9,10.9
H11,157,50,,9,8,1982,64.15033333,-164.9695,1.59,12.8016,10.2,10.3
H12,158,51,,9,8,1982,64.14883333,-165.3396667,1.55,12.8016,8.3,9.7
H13,159,52,,9,8,1982,64.1405,-165.72,1.53,14.6304,8.7,9.7
H14,160,53,,9,8,1982,64.186,-166.1373333,1.55,18.288,6.7,10.2
G14,133,54,,9,8,1982,64.02566667,-166.186,1.5,20.1168,4,10.2
G13,132,55,,9,8,1982,63.98116667,-165.6483333,1.52,14.6304,6.9,8.6
G12,131,56,,9,9,1982,63.98283333,-165.2741667,1.54,12.8016,6.7,9.3
G11,130,57,,9,9,1982,63.9885,-164.9735,1.54,12.8016,9.8,9.9
G10,129,58,,9,9,1982,63.978,-164.6305,1.54,14.6304,10.2,10.2
G09,128,59,,9,9,1982,64.00283333,-164.2901667,1.56,14.6304,10.2,10.7
G08,127,60,,9,9,1982,63.994,-163.8151667,1.54,14.6304,10,11.3
F08,100,61,,9,9,1982,63.84783333,-163.8493333,1.54,12.8016,10.3,10.5
F09,101,62,,9,9,1982,63.78566667,-164.213,1.56,12.8016,10.6,10
F10,102,63,,9,9,1982,63.81183333,-164.6276667,1.58,12.8016,10.4,10
F11,103,64,,9,9,1982,63.83883333,-165.0248333,1.56,12.8016,6.5,9.4
F12,104,65,,9,9,1982,63.8175,-165.3291667,1.61,14.6304,8,8.6
F13,105,66,,9,9,1982,63.824,-165.6543333,1.53,16.4592,4.6,8.9
F14,106,67,,9,10,1982,63.82616667,-166.0861667,1.52,21.9456,4.7,8.9
E15,82,68,,9,10,1982,63.75533333,-166.5365,1.49,27.432,4.3,6
E14,81,69,,9,10,1982,63.63366667,-166.021,1.52,21.9456,8.3,9.4
D15,58,70,,9,10,1982,63.47533333,-166.4558333,1.52,21.9456,1.7,4.5
D17,60,71,,9,10,1982,63.48783333,-167.0721667,1.57,21.9456,5.2,7.4
E17,84,72,,9,10,1982,63.73766667,-167.102,1.59,27.432,4.3,8.2
G17,136,73,,9,10,1982,64.0085,-167.1726667,1.62,29.2608,4.2,7.3
G15,134,74,,9,10,1982,63.99483333,-166.6135,1.57,27.432,2.3,8.5
I15,187,75,,9,10,1982,64.24466667,-166.6146667,1.68,23.7744,5,8.2
H17,163,76,,9,10,1982,64.254,-167.1133333,1.53,25.6032,4.1,4.3
J15,206,77,,9,11,1982,64.504,-166.6738333,1.56,21.9456,4.7,7.3
I12,184,211,,9,16,1985,64.345,-165.36,1.48,21.9456,8,7.4
I11,183,212,,9,16,1985,64.332,-164.989,1.51,31.0896,8.1,7.3
H11,157,213,,9,17,1985,64.164,-164.996,1.45,14.6304,8.2,6.8
H12,158,214,,9,17,1985,64.179,-165.36,1.5,14.6304,7.7,7.7
H13,159,215,,9,17,1985,64.179,-165.748,1.52,16.4592,7.5,7.4
I13,185,216,,9,17,1985,64.321,-165.757,1.47,18.288,8.2,7.3
I14,186,217,,9,17,1985,64.321,-166.175,1.48,21.9456,8.3,7.5
J13,204,218,,9,19,1985,64.494,-165.74,1.5,16.4592,8.3,6.9
I15,187,219,,9,19,1985,64.345,-166.551,1.46,23.7744,8,7.2
I16,188,220,,9,19,1985,64.324,-166.91,1.55,27.432,6.9,6.7
H16,162,221,,9,19,1985,64.172,-166.928,1.48,29.2608,7.7,7
H15,161,222,,9,19,1985,64.172,-166.543,1.49,25.6032,7,7
G15,134,223,,9,20,1985,64.004,-166.532,1.38,27.432,6.5,6.6
G16,135,224,,9,20,1985,63.992,-166.909,1.48,31.0896,5,6
F16,108,225,,9,20,1985,63.841,-166.893,1.49,29.2608,2,5.7
F15,107,226,,9,20,1985,63.843,-166.507,1.5,27.432,3.5,6.2
E15,82,227,,9,20,1985,63.654,-166.478,1.48,25.6032,3.9,5.8
D15,58,228,,9,20,1985,63.508,-166.464,1.46,23.7744,9,
C15,40,229,,9,20,1985,63.343,-166.447,1.46,21.9456,6.4,6.5
B15,21,230,,9,21,1985,63.16,-166.397,1.49,20.1168,6.4,6.4
B14,20,231,,9,21,1985,63.158,-166.057,1.5,20.1168,6.8,6.8
C14,39,232,,9,21,1985,63.325,-166.061,1.54,20.1168,7.2,7
D14,57,233,,9,21,1985,63.498,-166.088,1.52,21.9456,6.8,6.9
E14,81,234,,9,21,1985,63.657,-166.097,1.48,23.7744,6.9,7
F14,106,235,,9,21,1985,63.845,-166.122,1.52,23.7744,6.8,7
F13,105,236,,9,22,1985,63.821,-165.739,1.51,18.288,7.1,6.3
G13,132,237,,9,22,1985,63.999,-165.762,1.5,18.288,7.7,6.3
G14,133,238,,9,22,1985,64.001,-166.121,1.49,20.1168,7.6,6.3
H14,160,239,,9,22,1985,64.164,-166.18,1.46,20.1168,7.6,6.3
J15,206,240,,9,22,1985,64.499,-166.547,1.47,21.9456,7.7,6.1
E13,80,241,,9,23,1985,63.668,-165.738,1.56,20.1168,6.8,6.6
D13,56,242,,9,23,1985,63.498,-165.695,1.46,20.1168,7.1,7.1
D12,55,243,,9,23,1985,63.514,-165.336,1.58,14.6304,7.2,7
E12,79,244,,9,24,1985,63.664,-165.312,1.49,14.6304,7.3,6.6
F12,104,245,,9,24,1985,63.822,-165.352,1.49,14.6304,7.2,5.9
G12,131,246,,9,24,1985,63.999,-165.361,1.53,14.6304,7.7,6
G11,130,248,,9,24,1985,63.996,-165.021,1.4,14.6304,7.7,6.2
G10,129,249,,9,24,1985,64,-164.612,1.47,16.4592,7.9,6.3
H10,156,250,,9,24,1985,64.169,-164.602,1.48,12.8016,7.9,7
I10,182,251,,9,24,1985,64.333,-164.577,1.54,12.8016,7.9,6.6
I09,181,252,,9,25,1985,64.334,-164.227,1.44,10.9728,7.8,6.1
J09,203,253,,9,25,1985,64.5,-164.182,1.5,16.4592,8,5.7
J08,202,254,,9,25,1985,64.484,-163.795,1.62,12.8016,7.8,6.2
I08,180,255,,9,25,1985,64.334,-163.826,1.41,14.6304,8,6.5
I07,179,256,,9,25,1985,64.343,-163.401,1.56,16.4592,7.5,6.7
H06,152,257,,9,25,1985,64.168,-163.049,1.43,21.9456,5.4,6.5
H07,153,258,,9,25,1985,64.167,-163.398,1.41,16.4592,5.6,6.5
H08,154,259,,9,26,1985,64.167,-163.825,1.45,18.288,7.4,6.7
H09,155,260,,9,26,1985,64.164,-164.197,1.45,16.4592,7.5,6.7
G09,128,261,,9,26,1985,64.01,-164.22,1.55,14.6304,7.8,7.2
G08,127,262,,9,26,1985,64.002,-163.861,1.46,16.4592,8,6.5
G07,126,263,,9,26,1985,64.005,-163.472,1.43,16.4592,7.1,6.5
G06,125,264,,9,26,1985,64,-163.106,1.42,16.4592,7.1,6.1
J04,201,265,,9,27,1985,64.494,-162.233,1.48,9.144,7,6.2
I04,176,266,,9,27,1985,64.344,-162.262,1.17,16.4592,6.8,6.5
H04,150,267,,9,27,1985,64.179,-162.289,1.49,14.6304,6.8,6.8
G04,123,268,,9,27,1985,64.01,-162.351,1.48,14.6304,5.8,6.8
F04,96,269,,9,27,1985,63.843,-162.373,1.47,12.8016,6.5,6.4
I02,174,270,,9,28,1985,64.35,-161.485,1.49,7.3152,7.4,6.5
H02,148,271,,9,28,1985,64.175,-161.512,1.49,14.6304,6.7,6.5
G02,121,272,,9,28,1985,64.007,-161.532,1.59,14.6304,6.8,6.7
F02,94,273,,9,28,1985,63.842,-161.579,1.51,12.8016,5.2,6.7
F06,98,274,,9,28,1985,63.834,-163.102,1.6,14.6304,7,6.8
F07,99,275,,9,29,1985,63.835,-163.447,1.44,14.6304,7,6.6
F08,100,276,,9,29,1985,63.833,-163.868,1.6,14.6304,7.6,6.8
F09,101,277,,9,29,1985,63.835,-164.209,1.71,14.6304,7.5,7
F10,102,278,,9,29,1985,63.837,-164.595,2,12.8016,7.5,7
F11,103,279,,9,29,1985,63.836,-164.96,1.5,14.6304,7,7
E11,78,280,,9,29,1985,63.676,-164.957,1.52,14.6304,6.7,6.3
E10,77,281,,9,30,1985,63.667,-164.572,1.43,9.144,6.5,6.5
D11,54,282,,9,30,1985,63.507,-164.95,1.54,5.4864,6.7,6.4
C12,37,283,,9,30,1985,63.339,-165.325,1.46,14.6304,7.3,6.3
C13,38,284,,9,30,1985,63.33,-165.68,1.46,20.1168,7,6.2
B13,19,285,,9,30,1985,63.173,-165.699,1.44,18.288,6.8,6.3
A13,3,286,,9,30,1985,63.011,-165.701,1.44,16.4592,,
K15,222,288,,10,1,1985,64.666,-166.582,1.48,14.6304,7.5,6
J16,207,289,,10,1,1985,64.508,-166.968,1.46,25.6032,,
K16,223,290,,10,1,1985,64.65,-166.9833333,1.45,21.9456,,
I11,183,1,,8,16,1988,64.413,-165.0043333,1.6,18.288,10.5,13.5
I10,182,2,,8,16,1988,64.40883333,-164.6131667,1.49,31.0896,9.9,11.8
I09,181,3,,8,17,1988,64.41633333,-164.1883333,1.45,16.4592,9.9,12.4
J09,203,4,,8,17,1988,64.49683333,-164.1993333,1.43,20.1168,12.8,13.2
J08,202,5,,8,17,1988,64.49433333,-163.7983333,1.42,18.288,12.4,12.7
I08,180,6,,8,17,1988,64.34016667,-163.8263333,1.58,18.288,10.1,12.6
I07,179,7,,8,17,1988,64.32633333,-163.4386667,1.5,20.1168,12.2,13.3
I04,176,8,,8,17,1988,64.32416667,-162.32,1.46,20.1168,11.4,14.3
J04,201,9,,8,17,1988,64.50483333,-162.2621667,1.55,14.6304,13.1,14.9
I02,174,10,,8,17,1988,64.33083333,-161.5305,1.49,12.8016,13.1,14.5
H02,148,11,,8,17,1988,64.17416667,-161.5385,1.65,18.288,13.7,14.6
G02,121,12,,8,18,1988,64.00516667,-161.5808333,1.61,18.288,10.7,14
F02,94,13,,8,18,1988,63.84183333,-161.59,1.55,16.4592,11.3,13.4
F04,96,14,,8,18,1988,63.83016667,-162.3513333,1.62,18.288,12.1,13.5
G04,123,15,,8,18,1988,64.0255,-162.3623333,1.6,18.288,11,12.8
H04,150,16,,8,18,1988,64.149,-162.3263333,1.5,18.288,8.6,13
H06,152,17,,8,18,1988,64.16466667,-163.0531667,1.52,25.6032,7.8,13.6
G06,125,18,,8,18,1988,64.008,-163.1096667,1.64,20.1168,9.2,13.5
F06,98,19,,8,18,1988,63.84183333,-163.116,1.66,18.288,12.6,14.1
F07,99,20,,8,18,1988,63.81566667,-163.4895,1.63,18.288,12.1,13.9
G07,126,21,,8,18,1988,63.98733333,-163.4748333,1.58,21.9456,7.4,13.2
H07,153,22,,8,18,1988,64.15116667,-163.4483333,1.58,21.9456,11.5,14.2
H08,154,23,,8,18,1988,64.165,-163.7966667,1.6,21.9456,8.4,13.8
G08,127,24,,8,18,1988,64.00533333,-163.8586667,1.65,20.1168,12.5,13.3
F08,100,25,,8,19,1988,63.84283333,-163.8695,1.69,18.288,10.7,13.9
F09,101,26,,8,19,1988,63.82616667,-164.1986667,1.57,18.288,10.4,14.1
G09,128,27,,8,19,1988,63.9835,-164.2316667,1.6,18.288,11.3,13.1
H09,155,28,,8,19,1988,64.152,-164.2253333,1.61,20.1168,9.7,13.3
I09,181,29,,8,19,1988,64.31483333,-164.2301667,1.48,16.4592,10,13.2
I10,182,30,r,8,19,1988,64.33183333,-164.5746667,1.67,18.288,11.8,12.6
H10,156,31,,8,19,1988,64.17683333,-164.6005,1.64,18.288,10.6,13.2
G10,129,32,,8,19,1988,64.013,-164.6088333,1.43,21.9456,11.1,13.5
F10,102,33,,8,19,1988,63.84166667,-164.6263333,1.6,18.288,10,13.5
E10,77,34,,8,19,1988,63.6805,-164.6275,1.61,12.8016,11.2,15.2
D11,54,35,,8,19,1988,63.4955,-165.147,1.6,9.144,12.5,14.3
E11,78,36,,8,19,1988,63.65316667,-164.9986667,1.7,18.288,11.7,15.5
F11,103,37,,8,19,1988,63.8195,-164.9846667,1.47,18.288,10.2,12.9
G11,130,38,,8,19,1988,63.96866667,-164.9578333,1.58,21.9456,11.3,12.7
H11,157,39,,8,20,1988,64.149,-164.9883333,1.5,18.288,11.8,13.3
I11,183,40,r,8,20,1988,64.32783333,-164.9598333,1.64,32.9184,10.9,13.2
I12,184,41,,8,20,1988,64.41283333,-165.4048333,1.54,25.6032,10.5,13
I12,184,42,r,8,20,1988,64.3355,-165.3796667,1.66,25.6032,10,12.4
H12,158,43,,8,20,1988,64.17866667,-165.381,1.68,20.1168,9.7,11.5
G12,131,44,,8,20,1988,64.01083333,-165.3675,1.62,20.1168,9.8,11.8
F12,104,45,,8,20,1988,63.84183333,-165.367,1.58,20.1168,10.6,12.7
E12,79,46,,8,20,1988,63.67416667,-165.3663333,1.57,20.1168,12.2,14.4
D12,55,47,,8,20,1988,63.51366667,-165.3578333,1.57,20.1168,11.8,12.8
C12,37,48,,8,20,1988,63.34416667,-165.357,1.59,18.288,11.9,13.4
B13,19,49,,8,20,1988,63.16666667,-165.702,0.95,23.7744,10.3,12.9
C13,38,50,,8,20,1988,63.32133333,-165.7268333,1.65,23.7744,7.8,13.5
D13,56,51,,8,20,1988,63.48666667,-165.7375,1.62,25.6032,8,13.7
E13,80,52,,8,20,1988,63.65416667,-165.7398333,1.61,23.7744,11.4,13.7
F13,105,53,,8,20,1988,63.82133333,-165.7531667,1.65,23.7744,9.6,13
G13,132,54,,8,21,1988,63.9875,-165.7533333,1.64,21.9456,5.6,12.3
H13,159,55,,8,21,1988,64.154,-165.7713333,1.62,21.9456,9.5,11.9
I13,185,56,,8,21,1988,64.31866667,-165.7743333,1.62,23.7744,9.4,12.4
J13,204,58,,8,21,1988,64.49616667,-165.7756667,1.64,20.1168,10.8,13.1
I14,186,60,,8,21,1988,64.32683333,-166.1991667,1.59,27.432,9.2,11.3
H14,160,61,,8,21,1988,64.17333333,-166.2025,1.62,23.7744,9,11.6
G14,133,62,,8,21,1988,64.011,-166.1686667,1.52,25.6032,4.5,12
F14,106,63,,8,21,1988,63.84666667,-166.1476667,1.58,29.2608,5.6,11.9
E14,81,64,,8,21,1988,63.68016667,-166.1311667,1.56,29.2608,5.4,13.1
D14,57,65,,8,21,1988,63.51066667,-166.1088333,1.64,27.432,5.7,11.3
C14,39,66,,8,21,1988,63.34483333,-166.088,1.58,25.6032,6.9,10.3
B14,20,67,,8,21,1988,63.1785,-166.0903333,1.62,23.7744,7.5,10.5
B15,21,68,,8,22,1988,63.14983333,-166.4366667,1.57,23.7744,7.6,9.9
C15,40,69,,8,22,1988,63.3175,-166.4633333,1.62,25.6032,6.1,9.1
D15,58,70,,8,22,1988,63.48866667,-166.487,1.56,27.432,5.3,8
E15,82,71,,8,22,1988,63.65666667,-166.5293333,1.61,29.2608,3.9,8.9
F15,107,72,,8,22,1988,63.84166667,-166.5463333,1.65,32.9184,4,8.5
G15,134,73,,8,22,1988,64.00633333,-166.5701667,1.52,32.9184,3.6,10.4
H15,161,74,,8,22,1988,64.15683333,-166.5516667,1.57,29.2608,4.4,9.6
I15,187,75,,8,22,1988,64.32433333,-166.5655,1.54,29.2608,3.9,10.4
J15,206,76,,8,22,1988,64.4885,-166.5298333,1.55,29.2608,10.5,12.1
K16,223,78,,8,22,1988,64.65766667,-166.9391667,1.58,27.432,7,11.8
J16,207,79,,8,23,1988,64.5045,-166.9348333,1.62,27.432,3.6,11.7
I15,188,80,,8,23,1988,64.34583333,-166.925,1.6,31.0896,3.4,9.7
I17,189,81,,8,23,1988,64.34466667,-167.3183333,1.59,31.0896,2.8,7.7
H17,163,82,,8,23,1988,64.1795,-167.322,1.65,34.7472,2.2,7.6
H16,162,83,,8,23,1988,64.18033333,-166.9168333,1.59,32.9184,2.6,8.6
G16,135,84,,8,23,1988,64.00783333,-166.9193333,1.62,-16.4592,2.7,8.9
F16,108,85,,8,23,1988,63.841,-166.9008333,1.54,32.9184,2.4,7.1
T21,,193,,8,17,1991,61.34517,-170.778,1.67,49.3776,0.4,10.2
U22,,194,,8,17,1991,61.66517,-171.4967,1.61,56.6928,0.9,10.2
V21,,195,,8,17,1991,61.97516,-171.0618,1.56,51.2064,,10.2
W22,,196,,8,18,1991,62.3265,-171.6689,1.38,47.5488,,10
X21,,197,,8,18,1991,62.6545,-171.3582,1.65,47.5488,0.7,9.7
Y22,,198,,8,18,1991,63.05367,-171.7665,1.47,56.6928,0.9,10.2
Y20,,199,,8,19,1991,62.9535,-170.3369,1.45,42.0624,0.9,9
X19,,200,,8,19,1991,62.63317,-169.824,1.44,40.2336,0.9,9.8
W20,,201,,8,19,1991,62.33683,-170.26,1.45,40.2336,0.9,10.1
V19,,202,,8,19,1991,61.99866,-169.7418,1.53,43.8912,2.1,10.1
U20,,203,,8,19,1991,61.69017,-170.1,0.95,45.72,1,
T19,,204,,8,20,1991,61.38717,-169.5238,1.42,42.0624,2.8,10.7
T01,,205,,8,20,1991,61.38617,-168.2332,1.53,31.0896,6.5,11.7
U18,,206,,8,20,1991,61.66083,-168.7765,1.4,36.576,3.9,
V01,,207,,8,20,1991,61.98333,-168.217,1.36,29.2608,3.6,12.8
W18,,208,,8,21,1991,62.36683,-168.794,1.57,34.7472,1.7,
X01,,209,,8,21,1991,62.68983,-168.2958,1.4,34.7472,3,10.2
Y18,,210,,8,21,1991,62.96484,-168.809,0.55,27.432,2.9,
C15,40,211,,8,22,1991,63.38766,-166.4832,1.47,27.432,3.6,12.2
D15,58,212,,8,22,1991,63.5055,-166.4288,1.43,27.432,3.7,11.2
E15,82,213,,8,22,1991,63.63,-166.4828,1.4,27.432,3.9,11
F15,107,214,,8,22,1991,63.83067,-166.489,1.45,31.0896,3.3,10.6
G15,134,215,,8,22,1991,63.999,-166.4708,1.36,31.0896,4.1,11.5
H15,161,216,,8,22,1991,64.15166,-166.5013,1.56,27.432,3.1,11.7
H16,162,217,,8,22,1991,64.19733,-166.7995,1.63,31.0896,3.1,11
I16,188,218,,8,23,1991,64.33701,-166.8218,1.65,29.2608,4.2,11.8
I17,189,219,,8,23,1991,64.4015,-167.2452,1.41,29.2608,2.1,11.2
J16,207,220,,8,23,1991,64.4985,-166.916,1.42,27.432,3.6,12
J15,206,221,,8,23,1991,64.48617,-166.572,1.32,27.432,3.5,10.4
I15,187,222,,8,23,1991,64.31867,-166.5088,1.32,27.432,3.6,11
I14,186,223,,8,23,1991,64.3345,-166.1732,0.77,31.0896,3.1,
H14,160,224,,8,24,1991,64.15433,-166.1277,1.43,23.7744,4.5,11
G14,133,225,,8,25,1991,64.01867,-166.1167,1.49,25.6032,3.3,10
F14,106,226,,8,25,1991,63.82634,-166.086,1.42,27.432,2.8,10
E14,81,227,,8,25,1991,63.645,-166.0702,1.45,27.432,3.2,
D14,57,228,,8,25,1991,63.46683,-166.0792,1.26,25.6032,3.7,11.5
C14,39,229,,8,25,1991,63.35167,-166.0505,1.42,23.7744,3.1,12.5
C13,38,230,,8,25,1991,63.364,-165.7608,1.45,23.7744,4.9,12.5
D13,56,231,,8,26,1991,63.5085,-165.7048,1.59,23.7744,4.5,11
E13,80,232,,8,26,1991,63.68534,-165.7052,1.71,23.7744,3.9,11.8
F13,105,233,,8,26,1991,63.83817,-165.7133,1.38,21.9456,4.1,10.5
G13,132,234,,8,26,1991,64.02351,-165.7023,1.6,20.1168,3.7,10
H13,159,235,,8,26,1991,64.16467,-165.696,1.61,20.1168,3.9,9.8
I13,185,236,,8,26,1991,64.327,-165.6415,1.75,20.1168,4.7,9.2
j12,204,237,,8,26,1991,64.49567,-165.5527,0.93,18.288,8.2,12.4
I12,184,238,,8,27,1991,64.33533,-165.3743,1.5,21.9456,6.8,12
H12,158,239,,8,27,1991,64.1735,-165.371,1.53,18.288,6.7,10.2
G12,131,240,,8,27,1991,63.97616,-165.3343,1.47,18.288,6.8,12.5
F12,104,241,,8,27,1991,63.82767,-165.2987,1.42,18.288,7.5,12
E12,79,242,,8,28,1991,63.64967,-165.2263,1.61,18.288,5.5,11.9
D12,55,243,,8,28,1991,63.50633,-165.302,1.54,18.288,5.9,12
E11,78,244,,8,28,1991,63.6525,-164.9695,1.51,16.4592,8.6,12.2
F11,103,245,,8,28,1991,63.83567,-164.953,1.39,16.4592,10.2,12.4
G11,130,246,,8,28,1991,63.98534,-164.9545,1.66,16.4592,8.4,12.8
H11,157,247,,8,28,1991,64.171,-164.9215,1.52,16.4592,7.1,11.5
I11,183,248,,8,28,1991,64.3125,-164.8843,1.71,16.4592,7.4,11.5
I10,182,249,,8,28,1991,64.40116,-164.6202,1.71,32.9184,6.4,12.2
J09,203,250,,8,29,1991,64.49966,-164.2122,1.8,23.7744,7.1,12.1
I09,181,251,,8,29,1991,64.328,-164.1823,0.73,14.6304,,
H10,156,252,,8,29,1991,64.17433,-164.5495,1.47,16.4592,,11.9
H09,155,253,,8,29,1991,64.16216,-164.1947,1.58,20.1168,10.1,12
H08,154,254,,8,29,1991,64.17683,-163.8372,1.48,21.9456,9.5,13
I08,180,255,,8,29,1991,64.32967,-163.8493,1.56,14.6304,9.5,13
H07,153,256,,8,29,1991,64.17133,-163.4847,1.47,21.9456,8.7,13.5
H06,152,257,,8,29,1991,64.168,-163.16,1.32,23.7744,9.7,13.1
G06,125,258,,8,30,1991,64.06816,-163.1502,1.64,20.1168,11,12.7
G07,126,259,,8,30,1991,63.9985,-163.4383,1.8,18.288,9.7,12.3
G08,127,260,,8,30,1991,63.99316,-163.7798,1.61,16.4592,11.3,12.8
G09,128,261,,8,30,1991,63.98817,-164.2678,1.53,16.4592,10.9,12.1
G10,129,262,,8,30,1991,63.95733,-164.5403,1.51,16.4592,9.9,12.5
F10,102,263,,8,30,1991,63.84133,-164.6425,1.64,16.4592,,12.8
