Haul #,Station,Vessel,Month,Day,Year,Species Code,Sample1 wt,Sample1 #
1,134,Peggy Jo,7,28,99,10130,0.02,2
1,134,Peggy Jo,7,28,99,10210,0.24,3
1,134,Peggy Jo,7,28,99,10260,2.34,5
1,134,Peggy Jo,7,28,99,10285,0.16,1
1,134,Peggy Jo,7,28,99,21315,0.12,4
1,134,Peggy Jo,7,28,99,21370,0.16,1
1,134,Peggy Jo,7,28,99,21371,2.22,1
1,134,Peggy Jo,7,28,99,21725,0.04,2
1,134,Peggy Jo,7,28,99,21735,0.96,7
1,134,Peggy Jo,7,28,99,40500,2.56,6
1,134,Peggy Jo,7,28,99,41201,0.36,1
1,134,Peggy Jo,7,28,99,66045,0.08,7
1,134,Peggy Jo,7,28,99,66610,0.01,1
1,134,Peggy Jo,7,28,99,68577,0.58,9
1,134,Peggy Jo,7,28,99,68580,1.62,51
1,134,Peggy Jo,7,28,99,69061,0.48,6
1,134,Peggy Jo,7,28,99,69086,0.8,4
1,134,Peggy Jo,7,28,99,71010,0.4,1
1,134,Peggy Jo,7,28,99,71580,0.01,2
1,134,Peggy Jo,7,28,99,80020,2.98,10
1,134,Peggy Jo,7,28,99,80594,0.02,1
1,134,Peggy Jo,7,28,99,81742,20.5,98
1,134,Peggy Jo,7,28,99,83020,1.75,16
1,134,Peggy Jo,7,28,99,98082,5.37,27
1,134,Peggy Jo,7,28,99,98205,0.36,1
1,134,Peggy Jo,7,28,99,999998,1.28,30
2,133,Peggy Jo,7,28,99,10210,0.4,6
2,133,Peggy Jo,7,28,99,10285,0.5,4
2,133,Peggy Jo,7,28,99,21735,0.12,2
2,133,Peggy Jo,7,28,99,40500,0.42,3
2,133,Peggy Jo,7,28,99,66611,0.3,22
2,133,Peggy Jo,7,28,99,68577,0.06,1
2,133,Peggy Jo,7,28,99,68580,0.14,7
2,133,Peggy Jo,7,28,99,69061,0.12,3
2,133,Peggy Jo,7,28,99,80020,1.16,15
2,133,Peggy Jo,7,28,99,81742,31.31,249
2,133,Peggy Jo,7,28,99,83020,0.01,1
2,133,Peggy Jo,7,28,99,999998,0.01,1
3,132,Peggy Jo,7,28,99,10210,0.8,11
3,132,Peggy Jo,7,28,99,10220,4.32,4
3,132,Peggy Jo,7,28,99,10285,0.66,5
3,132,Peggy Jo,7,28,99,21371,1.9,5
3,132,Peggy Jo,7,28,99,21378,0.2,1
3,132,Peggy Jo,7,28,99,21384,0.12,2
3,132,Peggy Jo,7,28,99,21725,0.12,4
3,132,Peggy Jo,7,28,99,21735,3.98,51
3,132,Peggy Jo,7,28,99,23055,0.24,4
3,132,Peggy Jo,7,28,99,23808,0.02,1
3,132,Peggy Jo,7,28,99,40500,0.96,4
3,132,Peggy Jo,7,28,99,54030,0.01,2
3,132,Peggy Jo,7,28,99,66611,0.31,26
3,132,Peggy Jo,7,28,99,69061,0.1,1
3,132,Peggy Jo,7,28,99,69322,0.86,1
3,132,Peggy Jo,7,28,99,74000,0.61,4
3,132,Peggy Jo,7,28,99,80020,3.4,17
3,132,Peggy Jo,7,28,99,80590,0.31,1
3,132,Peggy Jo,7,28,99,81742,23,224
3,132,Peggy Jo,7,28,99,83020,0.79,4
3,132,Peggy Jo,7,28,99,98000,0.21,1
3,132,Peggy Jo,7,28,99,999998,0.02,1
4,131,Peggy Jo,7,29,99,10210,3.7,58
4,131,Peggy Jo,7,29,99,10220,0.58,1
4,131,Peggy Jo,7,29,99,10285,4.2,30
4,131,Peggy Jo,7,29,99,21371,10.2,12
4,131,Peggy Jo,7,29,99,21384,0.06,1
4,131,Peggy Jo,7,29,99,21725,0.1,7
4,131,Peggy Jo,7,29,99,21735,3.1,41
4,131,Peggy Jo,7,29,99,23055,0.54,5
4,131,Peggy Jo,7,29,99,41201,0.01,1
4,131,Peggy Jo,7,29,99,66045,0.01,2
4,131,Peggy Jo,7,29,99,66530,0.03,16
4,131,Peggy Jo,7,29,99,66548,0.03,15
4,131,Peggy Jo,7,29,99,66611,0.92,145
4,131,Peggy Jo,7,29,99,68580,0.38,11
4,131,Peggy Jo,7,29,99,68781,0.3,1
4,131,Peggy Jo,7,29,99,69061,0.01,1
4,131,Peggy Jo,7,29,99,74000,0.01,1
4,131,Peggy Jo,7,29,99,80010,2.4,4
4,131,Peggy Jo,7,29,99,80020,1.4,7
4,131,Peggy Jo,7,29,99,81742,19,254
4,131,Peggy Jo,7,29,99,83020,0.9,16
4,131,Peggy Jo,7,29,99,98000,0.08,1
4,131,Peggy Jo,7,29,99,999998,0.01,1
5,130,Peggy Jo,7,29,99,10210,2.5,52
5,130,Peggy Jo,7,29,99,10220,6.5,11
5,130,Peggy Jo,7,29,99,10285,3,21
5,130,Peggy Jo,7,29,99,21384,0.4,4
5,130,Peggy Jo,7,29,99,21725,0.05,3
5,130,Peggy Jo,7,29,99,21735,1.8,13
5,130,Peggy Jo,7,29,99,23055,0.05,2
5,130,Peggy Jo,7,29,99,23808,0.02,2
5,130,Peggy Jo,7,29,99,24191,0.5,4
5,130,Peggy Jo,7,29,99,41201,0.02,1
5,130,Peggy Jo,7,29,99,66530,0.2,7
5,130,Peggy Jo,7,29,99,66548,0.1,5
5,130,Peggy Jo,7,29,99,66611,0.6,92
5,130,Peggy Jo,7,29,99,68580,0.3,2
5,130,Peggy Jo,7,29,99,69061,0.15,2
5,130,Peggy Jo,7,29,99,69322,4.5,5
5,130,Peggy Jo,7,29,99,71001,0.3,2
5,130,Peggy Jo,7,29,99,74435,0.1,1
5,130,Peggy Jo,7,29,99,81742,20.5,312
5,130,Peggy Jo,7,29,99,82510,0.1,1
5,130,Peggy Jo,7,29,99,83020,1.2,20
5,130,Peggy Jo,7,29,99,98000,0.4,1
5,130,Peggy Jo,7,29,99,99994,0.3,1
5,130,Peggy Jo,7,29,99,99999,0.7,0
6,129,Peggy Jo,7,29,99,10210,2.8,47
6,129,Peggy Jo,7,29,99,10220,26.7,32
6,129,Peggy Jo,7,29,99,21371,3.3,2
6,129,Peggy Jo,7,29,99,21384,0.12,3
6,129,Peggy Jo,7,29,99,21384,0.1,1
6,129,Peggy Jo,7,29,99,21725,0.05,3
6,129,Peggy Jo,7,29,99,21735,1.4,4
6,129,Peggy Jo,7,29,99,23808,0.2,1
6,129,Peggy Jo,7,29,99,40500,0.1,2
6,129,Peggy Jo,7,29,99,41201,0.01,1
6,129,Peggy Jo,7,29,99,43000,2.8,18
6,129,Peggy Jo,7,29,99,65201,0.4,17
6,129,Peggy Jo,7,29,99,66530,0.1,2
6,129,Peggy Jo,7,29,99,66611,0.4,31
6,129,Peggy Jo,7,29,99,68781,0.7,1
6,129,Peggy Jo,7,29,99,69322,12.2,10
6,129,Peggy Jo,7,29,99,70100,0.3,2
6,129,Peggy Jo,7,29,99,80200,3.1,8
6,129,Peggy Jo,7,29,99,81742,11.5,126
6,129,Peggy Jo,7,29,99,83020,0.5,5
6,129,Peggy Jo,7,29,99,98000,0.5,4
6,129,Peggy Jo,7,29,99,99994,1.3,8
6,129,Peggy Jo,7,29,99,99999,2.5,0
7,129,Peggy Jo,7,29,99,69322,0,0
8,128,Peggy Jo,7,29,99,10210,1.1,24
8,128,Peggy Jo,7,29,99,10211,0.1,2
8,128,Peggy Jo,7,29,99,10220,4,6
8,128,Peggy Jo,7,29,99,10285,0.24,5
8,128,Peggy Jo,7,29,99,21384,0.2,7
8,128,Peggy Jo,7,29,99,21725,0.1,1
8,128,Peggy Jo,7,29,99,21735,0.32,6
8,128,Peggy Jo,7,29,99,23808,0.3,4
8,128,Peggy Jo,7,29,99,40500,0.5,1
8,128,Peggy Jo,7,29,99,41201,0.1,1
8,128,Peggy Jo,7,29,99,59111,0.01,1
8,128,Peggy Jo,7,29,99,66530,0.1,5
8,128,Peggy Jo,7,29,99,66548,0.1,9
8,128,Peggy Jo,7,29,99,66611,0.1,9
8,128,Peggy Jo,7,29,99,68781,0.3,2
8,128,Peggy Jo,7,29,99,69322,3.5,4
8,128,Peggy Jo,7,29,99,71001,0.01,1
8,128,Peggy Jo,7,29,99,71884,0.72,1
8,128,Peggy Jo,7,29,99,74000,0.2,4
8,128,Peggy Jo,7,29,99,80010,0.9,1
8,128,Peggy Jo,7,29,99,80020,5,14
8,128,Peggy Jo,7,29,99,81742,26.5,237
8,128,Peggy Jo,7,29,99,82510,0.02,1
8,128,Peggy Jo,7,29,99,83020,0.25,6
8,128,Peggy Jo,7,29,99,98000,0.6,1
8,128,Peggy Jo,7,29,99,99994,0.3,1
8,128,Peggy Jo,7,29,99,99999,0.4,0
9,127,Peggy Jo,7,29,99,10210,0.42,17
9,127,Peggy Jo,7,29,99,10211,0.1,1
9,127,Peggy Jo,7,29,99,10220,0.56,1
9,127,Peggy Jo,7,29,99,10285,0.96,6
9,127,Peggy Jo,7,29,99,21371,0.44,1
9,127,Peggy Jo,7,29,99,21384,0.14,4
9,127,Peggy Jo,7,29,99,21725,0.04,4
9,127,Peggy Jo,7,29,99,21735,1.1,13
9,127,Peggy Jo,7,29,99,23808,0.04,4
9,127,Peggy Jo,7,29,99,24191,0.1,1
9,127,Peggy Jo,7,29,99,41201,0.06,2
9,127,Peggy Jo,7,29,99,66203,0.01,1
9,127,Peggy Jo,7,29,99,66530,0.01,1
9,127,Peggy Jo,7,29,99,66548,0.01,2
9,127,Peggy Jo,7,29,99,66601,0.02,2
9,127,Peggy Jo,7,29,99,66611,0.2,15
9,127,Peggy Jo,7,29,99,68580,0.02,1
9,127,Peggy Jo,7,29,99,68781,0.6,2
9,127,Peggy Jo,7,29,99,69061,0.04,2
9,127,Peggy Jo,7,29,99,71001,0.06,2
9,127,Peggy Jo,7,29,99,71884,0.4,3
9,127,Peggy Jo,7,29,99,74000,0.02,1
9,127,Peggy Jo,7,29,99,80010,1.6,3
9,127,Peggy Jo,7,29,99,80020,3,7
9,127,Peggy Jo,7,29,99,81742,21.7,207
9,127,Peggy Jo,7,29,99,82510,0.38,2
9,127,Peggy Jo,7,29,99,83020,0.03,2
9,127,Peggy Jo,7,29,99,85000,0.2,1
9,127,Peggy Jo,7,29,99,98000,0.56,1
9,127,Peggy Jo,7,29,99,99994,0.6,4
9,127,Peggy Jo,7,29,99,99999,0.34,0
10,126,Peggy Jo,7,29,99,10210,2.1,37
10,126,Peggy Jo,7,29,99,10220,1.3,2
10,126,Peggy Jo,7,29,99,10285,0.6,6
10,126,Peggy Jo,7,29,99,21350,0.01,1
10,126,Peggy Jo,7,29,99,21384,0.58,6
10,126,Peggy Jo,7,29,99,21735,1.4,15
10,126,Peggy Jo,7,29,99,23055,0.2,2
10,126,Peggy Jo,7,29,99,23808,0.01,1
10,126,Peggy Jo,7,29,99,24189,0.32,1
10,126,Peggy Jo,7,29,99,24191,0.3,2
10,126,Peggy Jo,7,29,99,41201,0.02,4
10,126,Peggy Jo,7,29,99,66045,0.01,1
10,126,Peggy Jo,7,29,99,66050,0.01,1
10,126,Peggy Jo,7,29,99,66203,0.01,1
10,126,Peggy Jo,7,29,99,66530,0.01,2
10,126,Peggy Jo,7,29,99,66548,0.01,3
10,126,Peggy Jo,7,29,99,66601,0.02,1
10,126,Peggy Jo,7,29,99,66611,0.2,26
10,126,Peggy Jo,7,29,99,68781,1.52,5
10,126,Peggy Jo,7,29,99,69086,0.03,1
10,126,Peggy Jo,7,29,99,69316,0.01,4
10,126,Peggy Jo,7,29,99,69322,,1
10,126,Peggy Jo,7,29,99,71001,0.03,1
10,126,Peggy Jo,7,29,99,71882,0.04,1
10,126,Peggy Jo,7,29,99,71884,0.74,3
10,126,Peggy Jo,7,29,99,80010,6.5,4
10,126,Peggy Jo,7,29,99,80020,3.3,7
10,126,Peggy Jo,7,29,99,81742,20.5,225
10,126,Peggy Jo,7,29,99,82510,0.28,5
10,126,Peggy Jo,7,29,99,83020,0.3,5
10,126,Peggy Jo,7,29,99,95000,0.36,1
10,126,Peggy Jo,7,29,99,98000,0.44,1
10,126,Peggy Jo,7,29,99,99994,0.54,5
10,126,Peggy Jo,7,29,99,99999,0.01,0
11,125,Peggy Jo,7,30,99,10210,1.1,17
11,125,Peggy Jo,7,30,99,10220,0.14,1
11,125,Peggy Jo,7,30,99,10285,1.2,8
11,125,Peggy Jo,7,30,99,21314,0.12,11
11,125,Peggy Jo,7,30,99,21315,0.02,1
11,125,Peggy Jo,7,30,99,21378,0.1,1
11,125,Peggy Jo,7,30,99,21384,0.22,5
11,125,Peggy Jo,7,30,99,21725,0.12,3
11,125,Peggy Jo,7,30,99,21735,0.12,2
11,125,Peggy Jo,7,30,99,23055,0.06,1
11,125,Peggy Jo,7,30,99,23808,0.04,3
11,125,Peggy Jo,7,30,99,24189,0.38,1
11,125,Peggy Jo,7,30,99,40500,0.01,1
11,125,Peggy Jo,7,30,99,41201,0.08,8
11,125,Peggy Jo,7,30,99,43000,0.24,2
11,125,Peggy Jo,7,30,99,56312,0.01,1
11,125,Peggy Jo,7,30,99,66045,0.44,131
11,125,Peggy Jo,7,30,99,66530,0.01,3
11,125,Peggy Jo,7,30,99,66548,0.08,3
11,125,Peggy Jo,7,30,99,66601,0.02,1
11,125,Peggy Jo,7,30,99,66611,0.52,40
11,125,Peggy Jo,7,30,99,68781,1.52,6
11,125,Peggy Jo,7,30,99,69010,0.3,3
11,125,Peggy Jo,7,30,99,69061,0.02,2
11,125,Peggy Jo,7,30,99,69090,0.34,1
11,125,Peggy Jo,7,30,99,69322,3.4,3
11,125,Peggy Jo,7,30,99,71001,0.01,1
11,125,Peggy Jo,7,30,99,71882,0.16,1
11,125,Peggy Jo,7,30,99,80010,1.9,2
11,125,Peggy Jo,7,30,99,80020,5.8,15
11,125,Peggy Jo,7,30,99,81742,10.5,127
11,125,Peggy Jo,7,30,99,82510,0.2,3
11,125,Peggy Jo,7,30,99,83020,0.05,1
11,125,Peggy Jo,7,30,99,98000,1.28,4
11,125,Peggy Jo,7,30,99,98025,0.02,1
11,125,Peggy Jo,7,30,99,99994,1,5
11,125,Peggy Jo,7,30,99,99999,2.5,
12,124,Peggy Jo,7,30,99,10210,0.3,6
12,124,Peggy Jo,7,30,99,10285,0.06,1
12,124,Peggy Jo,7,30,99,20040,0.02,2
12,124,Peggy Jo,7,30,99,21314,0.46,4
12,124,Peggy Jo,7,30,99,21371,0.08,1
12,124,Peggy Jo,7,30,99,21384,0.2,4
12,124,Peggy Jo,7,30,99,23808,0.04,3
12,124,Peggy Jo,7,30,99,24189,1.8,1
12,124,Peggy Jo,7,30,99,40500,0.02,1
12,124,Peggy Jo,7,30,99,41201,0.02,1
12,124,Peggy Jo,7,30,99,43000,0.8,3
12,124,Peggy Jo,7,30,99,60100,0.01,1
12,124,Peggy Jo,7,30,99,65201,0.14,2
12,124,Peggy Jo,7,30,99,66045,0.01,2
12,124,Peggy Jo,7,30,99,66050,0.02,1
12,124,Peggy Jo,7,30,99,66548,0.01,1
12,124,Peggy Jo,7,30,99,66611,0.02,8
12,124,Peggy Jo,7,30,99,68781,1.35,5
12,124,Peggy Jo,7,30,99,75111,0.06,4
12,124,Peggy Jo,7,30,99,80010,4.32,3
12,124,Peggy Jo,7,30,99,80020,3.4,6
12,124,Peggy Jo,7,30,99,81742,32.6,337
12,124,Peggy Jo,7,30,99,82510,0.54,7
12,124,Peggy Jo,7,30,99,83020,0.2,2
12,124,Peggy Jo,7,30,99,98000,0.36,1
12,124,Peggy Jo,7,30,99,99994,0.08,6
12,124,Peggy Jo,7,30,99,99999,0.18,0
13,123,Peggy Jo,7,30,99,10210,0.18,4
13,123,Peggy Jo,7,30,99,10285,0.38,2
13,123,Peggy Jo,7,30,99,21314,0.01,1
13,123,Peggy Jo,7,30,99,21384,0.08,2
13,123,Peggy Jo,7,30,99,21735,0.08,1
13,123,Peggy Jo,7,30,99,23055,0.1,5
13,123,Peggy Jo,7,30,99,23808,0.06,5
13,123,Peggy Jo,7,30,99,24189,0.32,1
13,123,Peggy Jo,7,30,99,40500,0.3,7
13,123,Peggy Jo,7,30,99,65201,0.64,2
13,123,Peggy Jo,7,30,99,66045,0.01,1
13,123,Peggy Jo,7,30,99,66530,0.01,1
13,123,Peggy Jo,7,30,99,66611,0.02,1
13,123,Peggy Jo,7,30,99,75111,0.04,3
13,123,Peggy Jo,7,30,99,80020,0.5,1
13,123,Peggy Jo,7,30,99,81742,30.5,258
13,123,Peggy Jo,7,30,99,82510,0.16,3
13,123,Peggy Jo,7,30,99,99999,0.24,0
14,150,Peggy Jo,7,30,99,10210,2.2,78
14,150,Peggy Jo,7,30,99,10285,1,12
14,150,Peggy Jo,7,30,99,20001,0.01,1
14,150,Peggy Jo,7,30,99,20040,0.02,1
14,150,Peggy Jo,7,30,99,21314,0.08,6
14,150,Peggy Jo,7,30,99,21315,0.02,1
14,150,Peggy Jo,7,30,99,21371,0.08,1
14,150,Peggy Jo,7,30,99,21378,0.16,1
14,150,Peggy Jo,7,30,99,21384,0.1,3
14,150,Peggy Jo,7,30,99,21405,0.02,3
14,150,Peggy Jo,7,30,99,21725,0.08,1
14,150,Peggy Jo,7,30,99,21735,2.04,30
14,150,Peggy Jo,7,30,99,23055,0.01,2
14,150,Peggy Jo,7,30,99,23808,0.1,7
14,150,Peggy Jo,7,30,99,43000,0.24,8
14,150,Peggy Jo,7,30,99,56312,0.01,1
14,150,Peggy Jo,7,30,99,62000,0.01,2
14,150,Peggy Jo,7,30,99,66045,0.01,8
14,150,Peggy Jo,7,30,99,66530,0.01,5
14,150,Peggy Jo,7,30,99,66548,0.02,1
14,150,Peggy Jo,7,30,99,66601,0.04,2
14,150,Peggy Jo,7,30,99,66611,0.08,14
14,150,Peggy Jo,7,30,99,68781,0.6,2
14,150,Peggy Jo,7,30,99,69035,0.14,1
14,150,Peggy Jo,7,30,99,69090,0.18,1
14,150,Peggy Jo,7,30,99,69322,6.24,5
14,150,Peggy Jo,7,30,99,71001,0.06,0
14,150,Peggy Jo,7,30,99,71772,0.12,1
14,150,Peggy Jo,7,30,99,71884,0.3,2
14,150,Peggy Jo,7,30,99,75111,0.08,1
14,150,Peggy Jo,7,30,99,80020,0.38,1
14,150,Peggy Jo,7,30,99,81742,37.3,337
14,150,Peggy Jo,7,30,99,82510,0.28,8
14,150,Peggy Jo,7,30,99,98000,0.04,1
14,150,Peggy Jo,7,30,99,99999,0.6,0
15,176,Peggy Jo,7,30,99,10210,0.5,7
15,176,Peggy Jo,7,30,99,10220,5.6,9
15,176,Peggy Jo,7,30,99,10285,0.76,2
15,176,Peggy Jo,7,30,99,20061,0.01,1
15,176,Peggy Jo,7,30,99,21314,0.08,3
15,176,Peggy Jo,7,30,99,21371,0.22,3
15,176,Peggy Jo,7,30,99,21384,0.16,3
15,176,Peggy Jo,7,30,99,21735,3.3,34
15,176,Peggy Jo,7,30,99,23808,0.02,5
15,176,Peggy Jo,7,30,99,40500,0.02,1
15,176,Peggy Jo,7,30,99,41201,0.01,2
15,176,Peggy Jo,7,30,99,43000,0.02,1
15,176,Peggy Jo,7,30,99,66530,0.01,5
15,176,Peggy Jo,7,30,99,66548,0.02,7
15,176,Peggy Jo,7,30,99,66601,0.14,6
15,176,Peggy Jo,7,30,99,66611,0.12,6
15,176,Peggy Jo,7,30,99,75111,0.18,5
15,176,Peggy Jo,7,30,99,81742,28.8,257
15,176,Peggy Jo,7,30,99,82510,0.04,1
15,176,Peggy Jo,7,30,99,99993,0.12,0
16,201,Peggy Jo,7,30,99,10210,5.1,112
16,201,Peggy Jo,7,30,99,10220,17.1,57
16,201,Peggy Jo,7,30,99,10285,0.8,8
16,201,Peggy Jo,7,30,99,20061,0.01,1
16,201,Peggy Jo,7,30,99,21314,0.9,15
16,201,Peggy Jo,7,30,99,21371,0.46,4
16,201,Peggy Jo,7,30,99,21378,0.32,3
16,201,Peggy Jo,7,30,99,21384,0.24,4
16,201,Peggy Jo,7,30,99,21735,1.7,26
16,201,Peggy Jo,7,30,99,21932,0.25,1
16,201,Peggy Jo,7,30,99,23055,0.08,8
16,201,Peggy Jo,7,30,99,23808,0.04,3
16,201,Peggy Jo,7,30,99,41201,0.01,1
16,201,Peggy Jo,7,30,99,43000,2.4,4
16,201,Peggy Jo,7,30,99,60100,0.02,1
16,201,Peggy Jo,7,30,99,66530,0.01,6
16,201,Peggy Jo,7,30,99,66548,0.21,31
16,201,Peggy Jo,7,30,99,66611,0.01,3
16,201,Peggy Jo,7,30,99,68781,1.3,8
16,201,Peggy Jo,7,30,99,69010,0.01,1
16,201,Peggy Jo,7,30,99,71001,0.01,0
16,201,Peggy Jo,7,30,99,71884,0.64,6
16,201,Peggy Jo,7,30,99,74000,0.32,0
16,201,Peggy Jo,7,30,99,80010,1.7,1
16,201,Peggy Jo,7,30,99,81742,45.4,390
16,201,Peggy Jo,7,30,99,82510,0.2,4
16,201,Peggy Jo,7,30,99,83010,0.03,402
16,201,Peggy Jo,7,30,99,91000,0.1,1
16,201,Peggy Jo,7,30,99,95000,0.02,1
16,201,Peggy Jo,7,30,99,98000,0.2,1
16,201,Peggy Jo,7,30,99,99999,5.8,0
17,204,Peggy Jo,7,31,99,10210,2.5,23
17,204,Peggy Jo,7,31,99,10211,0.01,1
17,204,Peggy Jo,7,31,99,10220,4,18
17,204,Peggy Jo,7,31,99,10285,1,14
17,204,Peggy Jo,7,31,99,20040,0.01,1
17,204,Peggy Jo,7,31,99,21314,0.4,15
17,204,Peggy Jo,7,31,99,21371,3,6
17,204,Peggy Jo,7,31,99,21378,0.08,1
17,204,Peggy Jo,7,31,99,21384,0.9,8
17,204,Peggy Jo,7,31,99,21735,5.5,53
17,204,Peggy Jo,7,31,99,21932,0.8,6
17,204,Peggy Jo,7,31,99,23055,0.5,10
17,204,Peggy Jo,7,31,99,23808,0.01,2
17,204,Peggy Jo,7,31,99,65201,0.12,1
17,204,Peggy Jo,7,31,99,66530,0.01,1
17,204,Peggy Jo,7,31,99,66548,0.02,4
17,204,Peggy Jo,7,31,99,66601,0.01,1
17,204,Peggy Jo,7,31,99,66611,0.01,1
17,204,Peggy Jo,7,31,99,68781,7.6,52
17,204,Peggy Jo,7,31,99,69010,0.05,1
17,204,Peggy Jo,7,31,99,69061,0.01,1
17,204,Peggy Jo,7,31,99,71001,0.01,1
17,204,Peggy Jo,7,31,99,71884,0.2,3
17,204,Peggy Jo,7,31,99,80010,0.98,3
17,204,Peggy Jo,7,31,99,81095,0.1,3
17,204,Peggy Jo,7,31,99,81742,24.6,413
17,204,Peggy Jo,7,31,99,82510,0.08,1
17,204,Peggy Jo,7,31,99,98000,0.6,8
17,204,Peggy Jo,7,31,99,99994,0.3,5
17,204,Peggy Jo,7,31,99,213761111,0.68,1
18,186,Peggy Jo,7,31,99,10140,0.02,1
18,186,Peggy Jo,7,31,99,10210,1.1,15
18,186,Peggy Jo,7,31,99,10220,15,11
18,186,Peggy Jo,7,31,99,10260,1,2
18,186,Peggy Jo,7,31,99,10285,2.3,13
18,186,Peggy Jo,7,31,99,21314,0.04,2
18,186,Peggy Jo,7,31,99,21371,7.6,9
18,186,Peggy Jo,7,31,99,21376,0.18,1
18,186,Peggy Jo,7,31,99,21384,0.06,3
18,186,Peggy Jo,7,31,99,21720,3.2,1
18,186,Peggy Jo,7,31,99,21735,6.5,55
18,186,Peggy Jo,7,31,99,23055,0.4,3
18,186,Peggy Jo,7,31,99,23808,0.03,3
18,186,Peggy Jo,7,31,99,24189,2,1
18,186,Peggy Jo,7,31,99,24191,8.2,5
18,186,Peggy Jo,7,31,99,40500,0.02,1
18,186,Peggy Jo,7,31,99,66530,0.01,2
18,186,Peggy Jo,7,31,99,66548,0.01,1
18,186,Peggy Jo,7,31,99,66611,0.6,64
18,186,Peggy Jo,7,31,99,68577,0.02,3
18,186,Peggy Jo,7,31,99,68580,12,428
18,186,Peggy Jo,7,31,99,68781,0.95,6
18,186,Peggy Jo,7,31,99,69061,0.22,9
18,186,Peggy Jo,7,31,99,69322,1.3,1
18,186,Peggy Jo,7,31,99,80010,3,6
18,186,Peggy Jo,7,31,99,80020,5.6,25
18,186,Peggy Jo,7,31,99,81095,0.01,1
18,186,Peggy Jo,7,31,99,81742,7.6,120
18,186,Peggy Jo,7,31,99,82510,0.08,2
18,186,Peggy Jo,7,31,99,98000,2,6
18,186,Peggy Jo,7,31,99,98082,0.1,3
18,186,Peggy Jo,7,31,99,99999,0.1,0
19,187,Peggy Jo,8,1,99,10210,2.6,67
19,187,Peggy Jo,8,1,99,10211,0.02,1
19,187,Peggy Jo,8,1,99,10220,0.53,5
19,187,Peggy Jo,8,1,99,10260,0.05,1
19,187,Peggy Jo,8,1,99,10285,3.2,26
19,187,Peggy Jo,8,1,99,20040,0.04,4
19,187,Peggy Jo,8,1,99,21315,0.3,8
19,187,Peggy Jo,8,1,99,21368,1.3,3
19,187,Peggy Jo,8,1,99,21371,3.9,3
19,187,Peggy Jo,8,1,99,21378,0.36,1
19,187,Peggy Jo,8,1,99,21384,0.2,2
19,187,Peggy Jo,8,1,99,21720,5.6,1
19,187,Peggy Jo,8,1,99,21725,0.08,3
19,187,Peggy Jo,8,1,99,21735,6.1,77
19,187,Peggy Jo,8,1,99,23055,0.14,26
19,187,Peggy Jo,8,1,99,23808,0.1,10
19,187,Peggy Jo,8,1,99,24191,0.5,2
19,187,Peggy Jo,8,1,99,40500,1.9,5
19,187,Peggy Jo,8,1,99,41201,0.06,7
19,187,Peggy Jo,8,1,99,66530,0.01,5
19,187,Peggy Jo,8,1,99,66548,0.01,6
19,187,Peggy Jo,8,1,99,66601,0.16,6
19,187,Peggy Jo,8,1,99,66611,2.3,327
19,187,Peggy Jo,8,1,99,68577,1.3,27
19,187,Peggy Jo,8,1,99,68580,5.8,271
19,187,Peggy Jo,8,1,99,69010,0.2,3
19,187,Peggy Jo,8,1,99,69061,0.06,10
19,187,Peggy Jo,8,1,99,69322,0.92,1
19,187,Peggy Jo,8,1,99,71001,0.01,7
19,187,Peggy Jo,8,1,99,71010,0.02,3
19,187,Peggy Jo,8,1,99,74983,0.02,1
19,187,Peggy Jo,8,1,99,75330,0.02,1
19,187,Peggy Jo,8,1,99,80010,10,26
19,187,Peggy Jo,8,1,99,80020,10,51
19,187,Peggy Jo,8,1,99,80590,1.5,6
19,187,Peggy Jo,8,1,99,80594,0.35,16
19,187,Peggy Jo,8,1,99,81095,0.28,11
19,187,Peggy Jo,8,1,99,81742,51.7,660
19,187,Peggy Jo,8,1,99,82510,0.36,6
19,187,Peggy Jo,8,1,99,83010,1.1,9
19,187,Peggy Jo,8,1,99,83400,0.03,12
19,187,Peggy Jo,8,1,99,98000,0.5,2
19,187,Peggy Jo,8,1,99,98082,0.8,6
19,187,Peggy Jo,8,1,99,99993,0.7,0
19,187,Peggy Jo,8,1,99,99994,0.3,0
19,187,Peggy Jo,8,1,99,99999,1.2,0
20,161,Peggy Jo,8,1,99,10140,0.2,9
20,161,Peggy Jo,8,1,99,10210,7.1,161
20,161,Peggy Jo,8,1,99,10211,0.06,1
20,161,Peggy Jo,8,1,99,10220,3.6,4
20,161,Peggy Jo,8,1,99,10260,3,6
20,161,Peggy Jo,8,1,99,10285,3.3,18
20,161,Peggy Jo,8,1,99,20040,0.02,3
20,161,Peggy Jo,8,1,99,21315,0.6,28
20,161,Peggy Jo,8,1,99,21370,0.2,2
20,161,Peggy Jo,8,1,99,21371,4.5,3
20,161,Peggy Jo,8,1,99,21378,0.46,2
20,161,Peggy Jo,8,1,99,21384,0.01,1
20,161,Peggy Jo,8,1,99,21725,0.25,12
20,161,Peggy Jo,8,1,99,21735,2.1,18
20,161,Peggy Jo,8,1,99,22200,0.2,2
20,161,Peggy Jo,8,1,99,23055,0.12,2
20,161,Peggy Jo,8,1,99,23808,0.01,1
20,161,Peggy Jo,8,1,99,24191,0.02,1
20,161,Peggy Jo,8,1,99,40500,4.3,6
20,161,Peggy Jo,8,1,99,41201,0.05,5
20,161,Peggy Jo,8,1,99,43000,0.01,1
20,161,Peggy Jo,8,1,99,66045,0.01,2
20,161,Peggy Jo,8,1,99,66203,0.01,1
20,161,Peggy Jo,8,1,99,66530,0.01,2
20,161,Peggy Jo,8,1,99,66548,0.02,3
20,161,Peggy Jo,8,1,99,66611,1.2,170
20,161,Peggy Jo,8,1,99,68577,0.9,12
20,161,Peggy Jo,8,1,99,68580,1.3,40
20,161,Peggy Jo,8,1,99,69010,0.2,1
20,161,Peggy Jo,8,1,99,69061,0.2,1
20,161,Peggy Jo,8,1,99,69323,0.9,1
20,161,Peggy Jo,8,1,99,71001,0.02,2
20,161,Peggy Jo,8,1,99,80010,8,10
20,161,Peggy Jo,8,1,99,80020,5.8,33
20,161,Peggy Jo,8,1,99,80590,0.7,4
20,161,Peggy Jo,8,1,99,80594,0.4,20
20,161,Peggy Jo,8,1,99,81095,0.04,1
20,161,Peggy Jo,8,1,99,81742,14,124
20,161,Peggy Jo,8,1,99,82150,0.44,6
20,161,Peggy Jo,8,1,99,83010,1,19
20,161,Peggy Jo,8,1,99,83400,0.01,3
20,161,Peggy Jo,8,1,99,98000,0.48,4
20,161,Peggy Jo,8,1,99,98082,1.3,
20,161,Peggy Jo,8,1,99,99993,0.1,6
21,160,Peggy Jo,8,1,99,10210,8.6,445
21,160,Peggy Jo,8,1,99,10211,2,50
21,160,Peggy Jo,8,1,99,10220,6.9,5
21,160,Peggy Jo,8,1,99,10260,0.56,1
21,160,Peggy Jo,8,1,99,10285,8.5,91
21,160,Peggy Jo,8,1,99,20040,0,0
21,160,Peggy Jo,8,1,99,21315,0.7,59
21,160,Peggy Jo,8,1,99,21368,0.06,2
21,160,Peggy Jo,8,1,99,21371,5.7,5
21,160,Peggy Jo,8,1,99,21378,0.34,1
21,160,Peggy Jo,8,1,99,21384,0.02,1
21,160,Peggy Jo,8,1,99,21725,0.8,21
21,160,Peggy Jo,8,1,99,21735,5.3,73
21,160,Peggy Jo,8,1,99,23055,0.05,2
21,160,Peggy Jo,8,1,99,23808,0.1,8
21,160,Peggy Jo,8,1,99,40500,0.34,1
21,160,Peggy Jo,8,1,99,41201,0.2,8
21,160,Peggy Jo,8,1,99,66045,0.01,1
21,160,Peggy Jo,8,1,99,66111,1.3,282
21,160,Peggy Jo,8,1,99,66203,0.02,6
21,160,Peggy Jo,8,1,99,66530,0.01,5
21,160,Peggy Jo,8,1,99,68577,0.01,1
21,160,Peggy Jo,8,1,99,68580,0.7,21
21,160,Peggy Jo,8,1,99,69061,0.08,4
21,160,Peggy Jo,8,1,99,80010,4.5,7
21,160,Peggy Jo,8,1,99,80020,2.8,14
21,160,Peggy Jo,8,1,99,80590,0.46,3
21,160,Peggy Jo,8,1,99,81742,12.8,89
21,160,Peggy Jo,8,1,99,82150,0.3,1
21,160,Peggy Jo,8,1,99,83010,0.34,17
21,160,Peggy Jo,8,1,99,83400,0.01,3
21,160,Peggy Jo,8,1,99,88594,0.08,8
21,160,Peggy Jo,8,1,99,98082,0.05,3
21,160,Peggy Jo,8,1,99,99993,0.02,3
22,159,Peggy Jo,8,1,99,10210,2.5,92
22,159,Peggy Jo,8,1,99,10211,0.02,4
22,159,Peggy Jo,8,1,99,10220,3.3,3
22,159,Peggy Jo,8,1,99,10285,1.1,19
22,159,Peggy Jo,8,1,99,20061,0.01,1
22,159,Peggy Jo,8,1,99,21315,0.25,14
22,159,Peggy Jo,8,1,99,21371,7.56,6
22,159,Peggy Jo,8,1,99,21378,0.32,2
22,159,Peggy Jo,8,1,99,21384,0.42,8
22,159,Peggy Jo,8,1,99,21725,0.14,4
22,159,Peggy Jo,8,1,99,21735,21.1,261
22,159,Peggy Jo,8,1,99,21740,0.16,12
22,159,Peggy Jo,8,1,99,21932,0.01,2
22,159,Peggy Jo,8,1,99,22200,0.02,1
22,159,Peggy Jo,8,1,99,23055,1,17
22,159,Peggy Jo,8,1,99,23801,0.01,3
22,159,Peggy Jo,8,1,99,23807,0.01,1
22,159,Peggy Jo,8,1,99,24191,0.9,6
22,159,Peggy Jo,8,1,99,40500,1.4,1
22,159,Peggy Jo,8,1,99,41201,0.18,6
22,159,Peggy Jo,8,1,99,66045,0.02,3
22,159,Peggy Jo,8,1,99,66548,0.02,10
22,159,Peggy Jo,8,1,99,66611,1.8,198
22,159,Peggy Jo,8,1,99,68577,0.06,1
22,159,Peggy Jo,8,1,99,68580,0.42,21
22,159,Peggy Jo,8,1,99,69061,0.02,2
22,159,Peggy Jo,8,1,99,80010,3.8,8
22,159,Peggy Jo,8,1,99,80200,4.1,24
22,159,Peggy Jo,8,1,99,80590,0.06,1
22,159,Peggy Jo,8,1,99,80594,0.08,12
22,159,Peggy Jo,8,1,99,81095,0.04,1
22,159,Peggy Jo,8,1,99,81742,21.5,162
22,159,Peggy Jo,8,1,99,82150,0.06,2
22,159,Peggy Jo,8,1,99,83010,0.6,6
22,159,Peggy Jo,8,1,99,83400,0.2,39
22,159,Peggy Jo,8,1,99,99993,0.12,5
23,185,Peggy Jo,8,1,99,10210,0.01,1
23,185,Peggy Jo,8,1,99,10220,2.4,2
23,185,Peggy Jo,8,1,99,21371,8.16,4
23,185,Peggy Jo,8,1,99,21735,1.3,12
23,185,Peggy Jo,8,1,99,23055,0.04,1
23,185,Peggy Jo,8,1,99,23807,0.02,3
23,185,Peggy Jo,8,1,99,24185,0.03,1
23,185,Peggy Jo,8,1,99,24189,0.66,1
23,185,Peggy Jo,8,1,99,56312,0.01,1
23,185,Peggy Jo,8,1,99,66045,0.01,1
23,185,Peggy Jo,8,1,99,66611,0.02,18
23,185,Peggy Jo,8,1,99,68580,8.3,353
23,185,Peggy Jo,8,1,99,68781,0.04,1
23,185,Peggy Jo,8,1,99,69061,0.1,10
23,185,Peggy Jo,8,1,99,69322,5,44
23,185,Peggy Jo,8,1,99,70100,0.02,0
23,185,Peggy Jo,8,1,99,74435,0.01,1
23,185,Peggy Jo,8,1,99,75111,0.2,5
23,185,Peggy Jo,8,1,99,75330,0.02,1
23,185,Peggy Jo,8,1,99,80010,1.6,5
23,185,Peggy Jo,8,1,99,80200,6.4,21
23,185,Peggy Jo,8,1,99,80590,0.06,1
23,185,Peggy Jo,8,1,99,80594,0.01,1
23,185,Peggy Jo,8,1,99,81742,26.46,187
23,185,Peggy Jo,8,1,99,82510,0.04,2
23,185,Peggy Jo,8,1,99,83010,0.6,6
23,185,Peggy Jo,8,1,99,98000,0.01,1
23,185,Peggy Jo,8,1,99,99993,1.1,0
24,184,Peggy Jo,8,2,99,10210,0.03,3
24,184,Peggy Jo,8,2,99,10220,6.2,3
24,184,Peggy Jo,8,2,99,10285,0.74,6
24,184,Peggy Jo,8,2,99,21368,0.42,1
24,184,Peggy Jo,8,2,99,21378,1.1,5
24,184,Peggy Jo,8,2,99,21735,3.04,36
24,184,Peggy Jo,8,2,99,21740,0.04,3
24,184,Peggy Jo,8,2,99,23055,0.26,6
24,184,Peggy Jo,8,2,99,23807,0.02,2
24,184,Peggy Jo,8,2,99,41201,0.04,1
24,184,Peggy Jo,8,2,99,43000,0.24,4
24,184,Peggy Jo,8,2,99,56312,0.01,3
24,184,Peggy Jo,8,2,99,66045,0.02,3
24,184,Peggy Jo,8,2,99,66203,0.03,2
24,184,Peggy Jo,8,2,99,66530,0.01,1
24,184,Peggy Jo,8,2,99,66548,0.02,3
24,184,Peggy Jo,8,2,99,66611,0.66,70
24,184,Peggy Jo,8,2,99,68577,0.54,5
24,184,Peggy Jo,8,2,99,68580,0.34,19
24,184,Peggy Jo,8,2,99,68781,1.4,5
24,184,Peggy Jo,8,2,99,69010,0.14,1
24,184,Peggy Jo,8,2,99,69322,7.4,7
24,184,Peggy Jo,8,2,99,71001,0.04,0
24,184,Peggy Jo,8,2,99,71001,0.01,1
24,184,Peggy Jo,8,2,99,71884,0.68,3
24,184,Peggy Jo,8,2,99,80010,4.64,14
24,184,Peggy Jo,8,2,99,80010,4.1,9
24,184,Peggy Jo,8,2,99,81742,32.6,258
24,184,Peggy Jo,8,2,99,82510,0.1,2
24,184,Peggy Jo,8,2,99,83010,0.58,2
24,184,Peggy Jo,8,2,99,85200,0.02,1
24,184,Peggy Jo,8,2,99,95000,0,1
24,184,Peggy Jo,8,2,99,98000,0.01,3
24,184,Peggy Jo,8,2,99,99993,0.02,0
24,184,Peggy Jo,8,2,99,99999,1.3,0
25,184,Peggy Jo,8,2,99,69322,7.5,10
26,158,Peggy Jo,8,2,99,10210,1,18
26,158,Peggy Jo,8,2,99,10220,4.8,3
26,158,Peggy Jo,8,2,99,10285,0.84,8
26,158,Peggy Jo,8,2,99,21110,0.04,1
26,158,Peggy Jo,8,2,99,21371,0.4,1
26,158,Peggy Jo,8,2,99,21384,0.02,1
26,158,Peggy Jo,8,2,99,21735,4.8,65
26,158,Peggy Jo,8,2,99,21740,0.02,2
26,158,Peggy Jo,8,2,99,23055,0.2,4
26,158,Peggy Jo,8,2,99,23807,0.02,1
26,158,Peggy Jo,8,2,99,40500,1.34,2
26,158,Peggy Jo,8,2,99,41201,0.04,3
26,158,Peggy Jo,8,2,99,43000,0.4,5
26,158,Peggy Jo,8,2,99,56312,0.01,1
26,158,Peggy Jo,8,2,99,66045,0.01,2
26,158,Peggy Jo,8,2,99,66530,0.04,6
26,158,Peggy Jo,8,2,99,66611,0.36,56
26,158,Peggy Jo,8,2,99,68580,0.1,5
26,158,Peggy Jo,8,2,99,69061,0.06,2
26,158,Peggy Jo,8,2,99,69322,1,1
26,158,Peggy Jo,8,2,99,80010,4.4,9
26,158,Peggy Jo,8,2,99,80200,3.7,16
26,158,Peggy Jo,8,2,99,81742,29.5,361
26,158,Peggy Jo,8,2,99,83010,0.2,2
26,158,Peggy Jo,8,2,99,98000,0.96,1
26,158,Peggy Jo,8,2,99,99993,0.06,0
26,158,Peggy Jo,8,2,99,99999,0.24,2
27,157,Peggy Jo,8,2,99,10210,4.1,187
27,157,Peggy Jo,8,2,99,10211,0.44,10
27,157,Peggy Jo,8,2,99,10260,0.66,2
27,157,Peggy Jo,8,2,99,10285,4.46,75
27,157,Peggy Jo,8,2,99,21110,0.1,2
27,157,Peggy Jo,8,2,99,21314,0.08,4
27,157,Peggy Jo,8,2,99,21315,0.08,4
27,157,Peggy Jo,8,2,99,21371,0.08,1
27,157,Peggy Jo,8,2,99,21378,0.38,2
27,157,Peggy Jo,8,2,99,21384,0.24,6
27,157,Peggy Jo,8,2,99,21725,0.54,17
27,157,Peggy Jo,8,2,99,21735,0.7,14
27,157,Peggy Jo,8,2,99,21740,0.01,1
27,157,Peggy Jo,8,2,99,23055,0.3,11
27,157,Peggy Jo,8,2,99,23807,0.18,16
27,157,Peggy Jo,8,2,99,40500,0.06,1
27,157,Peggy Jo,8,2,99,41201,0.02,2
27,157,Peggy Jo,8,2,99,56312,0.01,1
27,157,Peggy Jo,8,2,99,66530,0.02,12
27,157,Peggy Jo,8,2,99,66548,0.04,13
27,157,Peggy Jo,8,2,99,66611,0.76,107
27,157,Peggy Jo,8,2,99,68781,1.42,11
27,157,Peggy Jo,8,2,99,69090,0.16,1
27,157,Peggy Jo,8,2,99,69322,1.2,2
27,157,Peggy Jo,8,2,99,74435,0.01,1
27,157,Peggy Jo,8,2,99,80010,8.1,20
27,157,Peggy Jo,8,2,99,80200,8.06,21
27,157,Peggy Jo,8,2,99,80594,0.01,1
27,157,Peggy Jo,8,2,99,81742,42.6,590
27,157,Peggy Jo,8,2,99,83010,0.12,15
27,157,Peggy Jo,8,2,99,99993,0.04,0
27,157,Peggy Jo,8,2,99,99999,0.96,0
28,183,Peggy Jo,8,2,99,10210,0.26,9
28,183,Peggy Jo,8,2,99,10220,5.3,4
28,183,Peggy Jo,8,2,99,10285,1.86,3
28,183,Peggy Jo,8,2,99,20040,0.04,1
28,183,Peggy Jo,8,2,99,21371,1.5,1
28,183,Peggy Jo,8,2,99,21384,0.2,2
28,183,Peggy Jo,8,2,99,21735,1.8,28
28,183,Peggy Jo,8,2,99,23055,0.1,4
28,183,Peggy Jo,8,2,99,23807,0.04,1
28,183,Peggy Jo,8,2,99,24185,0.16,1
28,183,Peggy Jo,8,2,99,24189,1.3,2
28,183,Peggy Jo,8,2,99,40500,0.02,1
28,183,Peggy Jo,8,2,99,41201,0.08,9
28,183,Peggy Jo,8,2,99,43000,1.52,46
28,183,Peggy Jo,8,2,99,66045,0.01,4
28,183,Peggy Jo,8,2,99,66050,0.08,16
28,183,Peggy Jo,8,2,99,66203,0.01,2
28,183,Peggy Jo,8,2,99,66530,0.04,5
28,183,Peggy Jo,8,2,99,66601,0.02,3
28,183,Peggy Jo,8,2,99,66611,0.18,38
28,183,Peggy Jo,8,2,99,68577,0.42,6
28,183,Peggy Jo,8,2,99,68580,0.1,2
28,183,Peggy Jo,8,2,99,68781,2.52,28
28,183,Peggy Jo,8,2,99,69061,0.12,4
28,183,Peggy Jo,8,2,99,69322,22.4,28
28,183,Peggy Jo,8,2,99,71001,0.04,1
28,183,Peggy Jo,8,2,99,71772,0.1,1
28,183,Peggy Jo,8,2,99,80010,3.1,7
28,183,Peggy Jo,8,2,99,80200,2.1,12
28,183,Peggy Jo,8,2,99,80540,0.01,1
28,183,Peggy Jo,8,2,99,80590,0.34,5
28,183,Peggy Jo,8,2,99,80594,0.02,2
28,183,Peggy Jo,8,2,99,81095,0.08,2
28,183,Peggy Jo,8,2,99,81742,20.5,239
28,183,Peggy Jo,8,2,99,82510,1.3,23
28,183,Peggy Jo,8,2,99,83010,1.8,21
28,183,Peggy Jo,8,2,99,99993,0.1,0
28,183,Peggy Jo,8,2,99,99999,2.38,0
29,183,Peggy Jo,8,2,99,0,0,0
30,183,Peggy Jo,8,2,99,69322,33.1,39
31,182,Peggy Jo,8,2,99,10210,1.96,99
31,182,Peggy Jo,8,2,99,10220,5,6
31,182,Peggy Jo,8,2,99,10285,0.68,14
31,182,Peggy Jo,8,2,99,20040,0.02,1
31,182,Peggy Jo,8,2,99,21314,0.02,1
31,182,Peggy Jo,8,2,99,21371,0.2,2
31,182,Peggy Jo,8,2,99,21378,0.2,1
31,182,Peggy Jo,8,2,99,21384,0.06,1
31,182,Peggy Jo,8,2,99,21735,2.84,43
31,182,Peggy Jo,8,2,99,21740,0.04,5
31,182,Peggy Jo,8,2,99,23055,0.02,3
31,182,Peggy Jo,8,2,99,23807,0.04,6
31,182,Peggy Jo,8,2,99,41201,0.01,1
31,182,Peggy Jo,8,2,99,43000,0.06,1
31,182,Peggy Jo,8,2,99,56312,0.01,1
31,182,Peggy Jo,8,2,99,66203,0.01,1
31,182,Peggy Jo,8,2,99,66530,0.22,42
31,182,Peggy Jo,8,2,99,66548,0.12,21
31,182,Peggy Jo,8,2,99,68580,0.04,1
31,182,Peggy Jo,8,2,99,68781,0.48,2
31,182,Peggy Jo,8,2,99,69322,11.2,16
31,182,Peggy Jo,8,2,99,80010,2.6,6
31,182,Peggy Jo,8,2,99,80200,4.3,11
31,182,Peggy Jo,8,2,99,81742,27.1,508
31,182,Pe3ggy Jo,8,2,99,83010,0.76,10
31,182,Peggy Jo,8,2,99,99999,0.02,0
32,182,Peggy Jo,8,2,99,69322,16.8,23
33,156,Peggy Jo,8,3,99,10210,1.22,36
33,156,Peggy Jo,8,3,99,10211,0.12,1
33,156,Peggy Jo,8,3,99,10220,4.3,11
33,156,Peggy Jo,8,3,99,10285,1.72,16
33,156,Peggy Jo,8,3,99,21110,0.26,3
33,156,Peggy Jo,8,3,99,21314,0.03,5
33,156,Peggy Jo,8,3,99,21315,0.12,7
33,156,Peggy Jo,8,3,99,21371,0.46,2
33,156,Peggy Jo,8,3,99,21384,0.36,4
33,156,Peggy Jo,8,3,99,21735,2.5,27
33,156,Peggy Jo,8,3,99,21740,0.04,3
33,156,Peggy Jo,8,3,99,23055,0.22,2
33,156,Peggy Jo,8,3,99,23807,0.04,1
33,156,Peggy Jo,8,3,99,56312,0.01,1
33,156,Peggy Jo,8,3,99,66502,0.01,1
33,156,Peggy Jo,8,3,99,66530,0.3,13
33,156,Peggy Jo,8,3,99,66548,0.08,13
33,156,Peggy Jo,8,3,99,66610,0.04,3
33,156,Peggy Jo,8,3,99,68580,0.01,1
33,156,Peggy Jo,8,3,99,68781,4.2,16
33,156,Peggy Jo,8,3,99,69322,5.1,8
33,156,Peggy Jo,8,3,99,75330,0.01,1
33,156,Peggy Jo,8,3,99,80010,4.5,12
33,156,Peggy Jo,8,3,99,80200,5.4,21
33,156,Peggy Jo,8,3,99,81742,33.3,391
33,156,Peggy Jo,8,3,99,83010,2.65,43
33,156,Peggy Jo,8,3,99,98000,0.06,0
33,156,Peggy Jo,8,3,99,99999,0.3,0
34,155,Peggy Jo,8,3,99,10210,1.07,31
34,155,Peggy Jo,8,3,99,10220,4.6,4
34,155,Peggy Jo,8,3,99,10285,0.3,5
34,155,Peggy Jo,8,3,99,20040,0.1,4
34,155,Peggy Jo,8,3,99,21314,0.12,4
34,155,Peggy Jo,8,3,99,21371,0.18,1
34,155,Peggy Jo,8,3,99,21378,0.12,1
34,155,Peggy Jo,8,3,99,21387,0.12,2
34,155,Peggy Jo,8,3,99,21735,0.5,13
34,155,Peggy Jo,8,3,99,21740,0.02,1
34,155,Peggy Jo,8,3,99,23055,0.1,3
34,155,Peggy Jo,8,3,99,23807,0.01,1
34,155,Peggy Jo,8,3,99,24185,0.04,1
34,155,Peggy Jo,8,3,99,40500,0.24,3
34,155,Peggy Jo,8,3,99,41201,0.06,3
34,155,Peggy Jo,8,3,99,43000,0.02,1
34,155,Peggy Jo,8,3,99,56300,0.01,1
34,155,Peggy Jo,8,3,99,56312,0.01,1
34,155,Peggy Jo,8,3,99,66530,0.01,2
34,155,Peggy Jo,8,3,99,66601,0.02,1
34,155,Peggy Jo,8,3,99,66611,0.12,14
34,155,Peggy Jo,8,3,99,68577,0.01,1
34,155,Peggy Jo,8,3,99,68781,1.7,8
34,155,Peggy Jo,8,3,99,69061,0.01,1
34,155,Peggy Jo,8,3,99,69322,5.7,4
34,155,Peggy Jo,8,3,99,71001,0.02,0
34,155,Peggy Jo,8,3,99,71772,0.02,1
34,155,Peggy Jo,8,3,99,71882,0.16,1
34,155,Peggy Jo,8,3,99,71884,0.18,1
34,155,Peggy Jo,8,3,99,80010,1.5,2
34,155,Peggy Jo,8,3,99,80200,1.5,9
34,155,Peggy Jo,8,3,99,80594,0.02,2
34,155,Peggy Jo,8,3,99,81742,42.8,641
34,155,Peggy Jo,8,3,99,82510,0.14,2
34,155,Peggy Jo,8,3,99,83010,2.3,52
34,155,Peggy Jo,8,3,99,99993,0.04,0
34,155,Peggy Jo,8,3,99,99994,0.06,0
35,181,Peggy Jo,8,3,99,10210,3.8,55
35,181,Peggy Jo,8,3,99,10211,0.5,7
35,181,Peggy Jo,8,3,99,10220,5,7
35,181,Peggy Jo,8,3,99,21110,0.12,2
35,181,Peggy Jo,8,3,99,21371,0.6,6
35,181,Peggy Jo,8,3,99,21388,0.1,2
35,181,Peggy Jo,8,3,99,21735,1.8,22
35,181,Peggy Jo,8,3,99,21740,0.1,1
35,181,Peggy Jo,8,3,99,23055,0.1,1
35,181,Peggy Jo,8,3,99,40500,0.02,3
35,181,Peggy Jo,8,3,99,41201,0.08,1
35,181,Peggy Jo,8,3,99,43000,0.49,10
35,181,Peggy Jo,8,3,99,56312,0.01,3
35,181,Peggy Jo,8,3,99,66530,0.04,4
35,181,Peggy Jo,8,3,99,66548,0.22,35
35,181,Peggy Jo,8,3,99,66611,0.01,2
35,181,Peggy Jo,8,3,99,68781,2.76,17
35,181,Peggy Jo,8,3,99,69061,0.04,1
35,181,Peggy Jo,8,3,99,69322,1.7,5
35,181,Peggy Jo,8,3,99,80010,2.3,4
35,181,Peggy Jo,8,3,99,80200,1.2,4
35,181,Peggy Jo,8,3,99,81742,61.9,823
35,181,Peggy Jo,8,3,99,82510,0.86,15
35,181,Peggy Jo,8,3,99,83010,1,22
35,181,Peggy Jo,8,3,99,98000,0.2,1
35,181,Peggy Jo,8,3,99,98000,0.02,30
35,181,Peggy Jo,8,3,99,99994,0.1,0
35,181,Peggy Jo,8,3,99,99999,0.12,0
36,203,Peggy Jo,8,3,99,10210,0.94,29
36,203,Peggy Jo,8,3,99,10220,5,11
36,203,Peggy Jo,8,3,99,10285,1.1,7
36,203,Peggy Jo,8,3,99,20061,0.02,2
36,203,Peggy Jo,8,3,99,21314,0.02,1
36,203,Peggy Jo,8,3,99,21371,0.38,1
36,203,Peggy Jo,8,3,99,21388,0.02,1
36,203,Peggy Jo,8,3,99,21735,8.6,202
36,203,Peggy Jo,8,3,99,23055,0.54,36
36,203,Peggy Jo,8,3,99,23807,0.06,9
36,203,Peggy Jo,8,3,99,41201,0.01,1
36,203,Peggy Jo,8,3,99,43000,3.66,29
36,203,Peggy Jo,8,3,99,66502,0.01,2
36,203,Peggy Jo,8,3,99,66530,0.01,2
36,203,Peggy Jo,8,3,99,66548,0.16,71
36,203,Peggy Jo,8,3,99,66611,0.02,1
36,203,Peggy Jo,8,3,99,68781,3.1,29
36,203,Peggy Jo,8,3,99,69322,0.2,2
36,203,Peggy Jo,8,3,99,80010,0.5,2
36,203,Peggy Jo,8,3,99,80200,2.4,7
36,203,Peggy Jo,8,3,99,81095,0.02,3
36,203,Peggy Jo,8,3,99,81742,19.5,440
36,203,Peggy Jo,8,3,99,82510,0.02,1
36,203,Peggy Jo,8,3,99,83010,0.16,3
36,203,Peggy Jo,8,3,99,99993,0.03,0
36,203,Peggy Jo,8,3,99,99994,0.44,0
36,203,Peggy Jo,8,3,99,99999,4.05,0
36,203,Peggy Jo,8,3,99,213761111,0.2,2
37,202,Peggy Jo,8,3,99,10210,0.78,7
37,202,Peggy Jo,8,3,99,10220,0.75,2
37,202,Peggy Jo,8,3,99,10285,0.26,1
37,202,Peggy Jo,8,3,99,21110,0.24,3
37,202,Peggy Jo,8,3,99,21384,0.1,1
37,202,Peggy Jo,8,3,99,21735,0.62,9
37,202,Peggy Jo,8,3,99,23055,0.04,2
37,202,Peggy Jo,8,3,99,41201,0.1,2
37,202,Peggy Jo,8,3,99,43000,0.8,5
37,202,Peggy Jo,8,3,99,66548,0.08,11
37,202,Peggy Jo,8,3,99,66611,0.01,2
37,202,Peggy Jo,8,3,99,68781,1.11,9
37,202,Peggy Jo,8,3,99,69010,0.02,1
37,202,Peggy Jo,8,3,99,75110,0.18,3
37,202,Peggy Jo,8,3,99,80010,1.5,2
37,202,Peggy Jo,8,3,99,80200,1.7,3
37,202,Peggy Jo,8,3,99,81742,47.5,716
37,202,Peggy Jo,8,3,99,82510,0.1,2
37,202,Peggy Jo,8,3,99,83010,0.48,11
37,202,Peggy Jo,8,3,99,99993,0.01,1
37,202,Peggy Jo,8,3,99,99994,0.36,3
37,202,Peggy Jo,8,3,99,99999,0.9,0
38,180,Peggy Jo,8,3,99,10210,2.46,20
38,180,Peggy Jo,8,3,99,10220,2.44,2
38,180,Peggy Jo,8,3,99,20040,0.02,1
38,180,Peggy Jo,8,3,99,21314,0.04,2
38,180,Peggy Jo,8,3,99,21735,1.4,18
38,180,Peggy Jo,8,3,99,23055,0.06,1
38,180,Peggy Jo,8,3,99,23807,0.02,1
38,180,Peggy Jo,8,3,99,41201,0.07,2
38,180,Peggy Jo,8,3,99,43000,0.13,3
38,180,Peggy Jo,8,3,99,65201,0.02,1
38,180,Peggy Jo,8,3,99,66045,0.01,2
38,180,Peggy Jo,8,3,99,66530,0.01,2
38,180,Peggy Jo,8,3,99,66548,0.04,21
38,180,Peggy Jo,8,3,99,66611,0.06,6
38,180,Peggy Jo,8,3,99,68781,0.04,1
38,180,Peggy Jo,8,3,99,69322,4,47
38,180,Peggy Jo,8,3,99,75110,0.06,4
38,180,Peggy Jo,8,3,99,80010,4.4,3
38,180,Peggy Jo,8,3,99,80200,1.04,2
38,180,Peggy Jo,8,3,99,81095,0.04,1
38,180,Peggy Jo,8,3,99,81742,40.4,504
38,180,Peggy Jo,8,3,99,98000,0.2,2
38,180,Peggy Jo,8,3,99,99993,0.04,0
38,180,Peggy Jo,8,3,99,99999,0.2,0
39,154,Peggy Jo,8,3,99,1,0.02,1
39,154,Peggy Jo,8,3,99,10210,0.6,12
39,154,Peggy Jo,8,3,99,10220,1.4,1
39,154,Peggy Jo,8,3,99,10285,0.25,4
39,154,Peggy Jo,8,3,99,20001,0.04,2
39,154,Peggy Jo,8,3,99,21314,0.11,3
39,154,Peggy Jo,8,3,99,21371,0.2,1
39,154,Peggy Jo,8,3,99,21735,0.62,8
39,154,Peggy Jo,8,3,99,21740,0.04,1
39,154,Peggy Jo,8,3,99,23055,0.1,3
39,154,Peggy Jo,8,3,99,41201,0.08,5
39,154,Peggy Jo,8,3,99,66045,0.02,5
39,154,Peggy Jo,8,3,99,66530,0.01,1
39,154,Peggy Jo,8,3,99,66548,0.01,2
39,154,Peggy Jo,8,3,99,66601,0.04,1
39,154,Peggy Jo,8,3,99,66611,0.12,7
39,154,Peggy Jo,8,3,99,68781,0.42,1
39,154,Peggy Jo,8,3,99,69061,0.01,1
39,154,Peggy Jo,8,3,99,69322,6.2,5
39,154,Peggy Jo,8,3,99,71010,0.06,1
39,154,Peggy Jo,8,3,99,71884,0.16,1
39,154,Peggy Jo,8,3,99,75110,0.2,5
39,154,Peggy Jo,8,3,99,75330,0.04,1
39,154,Peggy Jo,8,3,99,80010,2.7,2
39,154,Peggy Jo,8,3,99,80206,9.8,21
39,154,Peggy Jo,8,3,99,80594,0.01,2
39,154,Peggy Jo,8,3,99,81742,39.9,658
39,154,Peggy Jo,8,3,99,82510,0.46,6
39,154,Peggy Jo,8,3,99,83010,0.06,4
39,154,Peggy Jo,8,3,99,99800,0.08,3
39,154,Peggy Jo,8,3,99,99993,0.04,0
39,154,Peggy Jo,8,3,99,99994,0.2,1
40,179,Peggy Jo,8,4,99,10210,1.1,12
40,179,Peggy Jo,8,4,99,10220,5.7,5
40,179,Peggy Jo,8,4,99,10285,0.1,2
40,179,Peggy Jo,8,4,99,21314,0.04,2
40,179,Peggy Jo,8,4,99,21371,0.04,2
40,179,Peggy Jo,8,4,99,21735,0.58,9
40,179,Peggy Jo,8,4,99,23055,0.02,1
40,179,Peggy Jo,8,4,99,23807,0.04,1
40,179,Peggy Jo,8,4,99,43000,0.06,1
40,179,Peggy Jo,8,4,99,66530,0.01,1
40,179,Peggy Jo,8,4,99,66548,0.02,5
40,179,Peggy Jo,8,4,99,66601,0.02,1
40,179,Peggy Jo,8,4,99,66611,0.02,2
40,179,Peggy Jo,8,4,99,68781,1,5
40,179,Peggy Jo,8,4,99,69061,0.01,1
40,179,Peggy Jo,8,4,99,69322,1,2
40,179,Peggy Jo,8,4,99,74985,0.1,1
40,179,Peggy Jo,8,4,99,80010,1,2
40,179,Peggy Jo,8,4,99,80200,3.2,8
40,179,Peggy Jo,8,4,99,80590,0.44,1
40,179,Peggy Jo,8,4,99,80594,0.01,1
40,179,Peggy Jo,8,4,99,81742,35.9,432
40,179,Peggy Jo,8,4,99,82510,0.2,4
40,179,Peggy Jo,8,4,99,83010,0.16,3
40,179,Peggy Jo,8,4,99,99993,0.02,0
40,179,Peggy Jo,8,4,99,99999,0.02,0
41,153,Peggy Jo,8,4,99,10210,1,29
41,153,Peggy Jo,8,4,99,10220,1,1
41,153,Peggy Jo,8,4,99,10285,0.06,3
41,153,Peggy Jo,8,4,99,21314,0.28,13
41,153,Peggy Jo,8,4,99,21371,0.6,4
41,153,Peggy Jo,8,4,99,21405,0.04,1
41,153,Peggy Jo,8,4,99,21735,1.96,23
41,153,Peggy Jo,8,4,99,23055,0.02,1
41,153,Peggy Jo,8,4,99,43000,0.08,2
41,153,Peggy Jo,8,4,99,66045,0.01,1
41,153,Peggy Jo,8,4,99,66530,0.02,3
41,153,Peggy Jo,8,4,99,66548,0.1,5
41,153,Peggy Jo,8,4,99,66601,0.08,2
41,153,Peggy Jo,8,4,99,66611,0.08,8
41,153,Peggy Jo,8,4,99,68781,4.2,12
41,153,Peggy Jo,8,4,99,69010,0.1,1
41,153,Peggy Jo,8,4,99,69061,0.03,2
41,153,Peggy Jo,8,4,99,69322,22.6,27
41,153,Peggy Jo,8,4,99,71753,0.14,1
41,153,Peggy Jo,8,4,99,71884,0.1,1
41,153,Peggy Jo,8,4,99,75111,0.02,1
41,153,Peggy Jo,8,4,99,80010,0.9,1
41,153,Peggy Jo,8,4,99,80200,10.25,20
41,153,Peggy Jo,8,4,99,80594,0.01,5
41,153,Peggy Jo,8,4,99,81742,27.1,323
41,153,Peggy Jo,8,4,99,82510,0.54,12
41,153,Peggy Jo,8,4,99,98000,0.04,1
41,153,Peggy Jo,8,4,99,99993,0.1,
41,153,Peggy Jo,8,4,99,99999,0.06,0
42,153,Peggy Jo,8,4,99,20322,0.46,1
43,153,Peggy Jo,8,4,99,69322,23.7,29
44,152,Peggy Jo,8,4,99,10210,0.74,8
44,152,Peggy Jo,8,4,99,10285,0.2,2
44,152,Peggy Jo,8,4,99,21314,0.36,6
44,152,Peggy Jo,8,4,99,21315,0.02,1
44,152,Peggy Jo,8,4,99,21350,0.04,2
44,152,Peggy Jo,8,4,99,21371,0.22,2
44,152,Peggy Jo,8,4,99,21735,0.86,11
44,152,Peggy Jo,8,4,99,23807,0.18,2
44,152,Peggy Jo,8,4,99,24185,0.3,2
44,152,Peggy Jo,8,4,99,24189,0.5,2
44,152,Peggy Jo,8,4,99,56312,0.01,1
44,152,Peggy Jo,8,4,99,66045,0.1,21
44,152,Peggy Jo,8,4,99,66050,0.1,2
44,152,Peggy Jo,8,4,99,66530,0.02,2
44,152,Peggy Jo,8,4,99,66601,0.16,3
44,152,Peggy Jo,8,4,99,66611,0.18,31
44,152,Peggy Jo,8,4,99,68781,2.28,8
44,152,Peggy Jo,8,4,99,69010,0.58,6
44,152,Peggy Jo,8,4,99,69061,0.04,3
44,152,Peggy Jo,8,4,99,69322,28.8,20
44,152,Peggy Jo,8,4,99,71753,0.2,1
44,152,Peggy Jo,8,4,99,71882,0.15,1
44,152,Peggy Jo,8,4,99,80010,2.7,4
44,152,Peggy Jo,8,4,99,80200,7.5,17
44,152,Peggy Jo,8,4,99,81742,33,499
44,152,Peggy Jo,8,4,99,82510,2.34,63
44,152,Peggy Jo,8,4,99,98000,0.04,2
44,152,Peggy Jo,8,4,99,99999,0.6,0
45,152,Peggy Jo,8,4,99,21423,0.04,1
45,152,Peggy Jo,8,4,99,69322,3.9,5
46,151,Peggy Jo,8,4,99,1,0.1,0
46,151,Peggy Jo,8,4,99,10210,0.25,3
46,151,Peggy Jo,8,4,99,10285,0.15,4
46,151,Peggy Jo,8,4,99,20040,0.1,1
46,151,Peggy Jo,8,4,99,20061,0.12,1
46,151,Peggy Jo,8,4,99,20322,0.6,1
46,151,Peggy Jo,8,4,99,21314,0.1,2
46,151,Peggy Jo,8,4,99,21378,0.24,2
46,151,Peggy Jo,8,4,99,21384,0.25,3
46,151,Peggy Jo,8,4,99,21405,0.14,1
46,151,Peggy Jo,8,4,99,21423,0.32,1
46,151,Peggy Jo,8,4,99,21735,1.05,8
46,151,Peggy Jo,8,4,99,21740,0.14,1
46,151,Peggy Jo,8,4,99,23055,0.08,1
46,151,Peggy Jo,8,4,99,23807,0.24,15
46,151,Peggy Jo,8,4,99,24185,0.3,1
46,151,Peggy Jo,8,4,99,24189,1.9,2
46,151,Peggy Jo,8,4,99,41201,1.2,3
46,151,Peggy Jo,8,4,99,41500,0.06,1
46,151,Peggy Jo,8,4,99,66045,0.24,103
46,151,Peggy Jo,8,4,99,66050,0.2,6
46,151,Peggy Jo,8,4,99,66601,0.3,11
46,151,Peggy Jo,8,4,99,66611,0.4,49
46,151,Peggy Jo,8,4,99,69010,0.39,4
46,151,Peggy Jo,8,4,99,69061,0.06,3
46,151,Peggy Jo,8,4,99,69322,8.3,10
46,151,Peggy Jo,8,4,99,71010,0.06,1
46,151,Peggy Jo,8,4,99,71800,0.01,1
46,151,Peggy Jo,8,4,99,71882,0.2,2
46,151,Peggy Jo,8,4,99,75111,0.12,2
46,151,Peggy Jo,8,4,99,80010,3,8
46,151,Peggy Jo,8,4,99,80200,4.8,11
46,151,Peggy Jo,8,4,99,81742,35,508
46,151,Peggy Jo,8,4,99,82510,0.1,2
46,151,Peggy Jo,8,4,99,83010,0.02,1
46,151,Peggy Jo,8,4,99,95000,0.01,1
46,151,Peggy Jo,8,4,99,99993,0.06,0
46,151,Peggy Jo,8,4,99,99994,0.2,0
47,151,Peggy Jo,8,4,99,69322,15.1,14
48,98,Peggy Jo,8,5,99,10210,5.6,127
48,98,Peggy Jo,8,5,99,10211,0.01,1
48,98,Peggy Jo,8,5,99,10220,3.02,2
48,98,Peggy Jo,8,5,99,10285,5.2,44
48,98,Peggy Jo,8,5,99,21314,0.24,6
48,98,Peggy Jo,8,5,99,21371,0.16,3
48,98,Peggy Jo,8,5,99,21378,0.18,1
48,98,Peggy Jo,8,5,99,21384,0.4,10
48,98,Peggy Jo,8,5,99,21735,7.36,92
48,98,Peggy Jo,8,5,99,21740,0.25,8
48,98,Peggy Jo,8,5,99,21932,0.08,1
48,98,Peggy Jo,8,5,99,23055,0.5,14
48,98,Peggy Jo,8,5,99,23808,0.28,16
48,98,Peggy Jo,8,5,99,24184,0.28,2
48,98,Peggy Jo,8,5,99,24189,0.64,2
48,98,Peggy Jo,8,5,99,41201,0.1,3
48,98,Peggy Jo,8,5,99,43000,0.98,7
48,98,Peggy Jo,8,5,99,56300,0.01,1
48,98,Peggy Jo,8,5,99,66045,0.2,77
48,98,Peggy Jo,8,5,99,66050,0.03,3
48,98,Peggy Jo,8,5,99,66530,0.06,9
48,98,Peggy Jo,8,5,99,66601,0.04,2
48,98,Peggy Jo,8,5,99,66611,0.18,27
48,98,Peggy Jo,8,5,99,68781,6.1,28
48,98,Peggy Jo,8,5,99,69010,0.54,8
48,98,Peggy Jo,8,5,99,69061,0.1,2
48,98,Peggy Jo,8,5,99,69322,6.7,9
48,98,Peggy Jo,8,5,99,71753,0.18,1
48,98,Peggy Jo,8,5,99,71800,0.08,1
48,98,Peggy Jo,8,5,99,71882,0.12,1
48,98,Peggy Jo,8,5,99,71884,0.16,1
48,98,Peggy Jo,8,5,99,80010,6.2,4
48,98,Peggy Jo,8,5,99,80200,3.08,7
48,98,Peggy Jo,8,5,99,81742,24.4,418
48,98,Peggy Jo,8,5,99,82510,2.8,42
48,98,Peggy Jo,8,5,99,83010,0.12,3
48,98,Peggy Jo,8,5,99,85210,0.1,1
48,98,Peggy Jo,8,5,99,98000,1.4,3
48,98,Peggy Jo,8,5,99,98082,0.02,1
48,98,Peggy Jo,8,5,99,98105,0.04,2
48,98,Peggy Jo,8,5,99,99993,0.05,0
48,98,Peggy Jo,8,5,99,99994,0.4,0
48,98,Peggy Jo,8,5,99,99999,1.1,0
49,98,Peggy Jo,8,5,99,69322,11.4,13
50,97,Peggy Jo,8,5,99,10210,2.08,54
50,97,Peggy Jo,8,5,99,10220,1.28,1
50,97,Peggy Jo,8,5,99,10285,1.8,16
50,97,Peggy Jo,8,5,99,20040,0.06,2
50,97,Peggy Jo,8,5,99,21110,0.02,1
50,97,Peggy Jo,8,5,99,21314,0.2,8
50,97,Peggy Jo,8,5,99,21371,0.14,5
50,97,Peggy Jo,8,5,99,21378,0.32,2
50,97,Peggy Jo,8,5,99,21384,1.32,28
50,97,Peggy Jo,8,5,99,21735,4.72,70
50,97,Peggy Jo,8,5,99,21740,0.32,8
50,97,Peggy Jo,8,5,99,21932,0.08,1
50,97,Peggy Jo,8,5,99,23055,0.12,7
50,97,Peggy Jo,8,5,99,23804,0.06,2
50,97,Peggy Jo,8,5,99,23808,0.5,26
50,97,Peggy Jo,8,5,99,23843,0.12,1
50,97,Peggy Jo,8,5,99,24185,0.28,1
50,97,Peggy Jo,8,5,99,24189,1.3,1
50,97,Peggy Jo,8,5,99,40500,1.12,24
50,97,Peggy Jo,8,5,99,41201,0.1,3
50,97,Peggy Jo,8,5,99,43000,4.1,48
50,97,Peggy Jo,8,5,99,65100,0.82,10
50,97,Peggy Jo,8,5,99,66045,0.16,37
50,97,Peggy Jo,8,5,99,66050,0.2,20
50,97,Peggy Jo,8,5,99,66530,0.06,6
50,97,Peggy Jo,8,5,99,66548,0.02,7
50,97,Peggy Jo,8,5,99,66601,0.06,1
50,97,Peggy Jo,8,5,99,66611,0.14,10
50,97,Peggy Jo,8,5,99,68781,4.6,21
50,97,Peggy Jo,8,5,99,69010,0.38,6
50,97,Peggy Jo,8,5,99,69322,1.5,1
50,97,Peggy Jo,8,5,99,71750,0.06,1
50,97,Peggy Jo,8,5,99,71882,0.3,1
50,97,Peggy Jo,8,5,99,71884,1.06,2
50,97,Peggy Jo,8,5,99,80010,3.7,3
50,97,Peggy Jo,8,5,99,80200,1.7,7
50,97,Peggy Jo,8,5,99,80546,0.01,1
50,97,Peggy Jo,8,5,99,80590,1.64,4
50,97,Peggy Jo,8,5,99,81095,0.24,4
50,97,Peggy Jo,8,5,99,81742,34.1,633
50,97,Peggy Jo,8,5,99,82510,2.44,48
50,97,Peggy Jo,8,5,99,83010,0.05,3
50,97,Peggy Jo,8,5,99,85210,0.52,9
50,97,Peggy Jo,8,5,99,95000,0.01,1
50,97,Peggy Jo,8,5,99,98000,0.3,3
50,97,Peggy Jo,8,5,99,99994,0.48,0
50,97,Peggy Jo,8,5,99,99999,3.3,0
50,97,Peggy Jo,8,5,99,99999,0.26,0
51,99,Peggy Jo,8,5,99,10210,6.9,66
51,99,Peggy Jo,8,5,99,10220,1.86,2
51,99,Peggy Jo,8,5,99,10285,3.64,42
51,99,Peggy Jo,8,5,99,21110,0.12,2
51,99,Peggy Jo,8,5,99,21314,0.04,4
51,99,Peggy Jo,8,5,99,21315,0.02,1
51,99,Peggy Jo,8,5,99,21371,0.2,5
51,99,Peggy Jo,8,5,99,21384,0.22,6
51,99,Peggy Jo,8,5,99,21725,0.06,2
51,99,Peggy Jo,8,5,99,21735,10.2,171
51,99,Peggy Jo,8,5,99,21740,0.01,2
51,99,Peggy Jo,8,5,99,21932,0.18,2
51,99,Peggy Jo,8,5,99,23055,0.04,3
51,99,Peggy Jo,8,5,99,23808,0.14,9
51,99,Peggy Jo,8,5,99,23809,0.3,1
51,99,Peggy Jo,8,5,99,40500,0.7,10
51,99,Peggy Jo,8,5,99,41201,0.04,3
51,99,Peggy Jo,8,5,99,43000,0.7,7
51,99,Peggy Jo,8,5,99,65100,0.01,1
51,99,Peggy Jo,8,5,99,65203,0.08,3
51,99,Peggy Jo,8,5,99,66045,0.1,62
51,99,Peggy Jo,8,5,99,66548,0.01,2
51,99,Peggy Jo,8,5,99,66611,0.02,10
51,99,Peggy Jo,8,5,99,68781,0.5,4
51,99,Peggy Jo,8,5,99,69061,0.01,2
51,99,Peggy Jo,8,5,99,69322,1.5,1
51,99,Peggy Jo,8,5,99,71001,0.03,0
51,99,Peggy Jo,8,5,99,71004,0.01,1
51,99,Peggy Jo,8,5,99,71882,0.03,1
51,99,Peggy Jo,8,5,99,71884,0.44,6
51,99,Peggy Jo,8,5,99,80010,5.7,7
51,99,Peggy Jo,8,5,99,80200,2.8,9
51,99,Peggy Jo,8,5,99,80546,0.01,1
51,99,Peggy Jo,8,5,99,80590,0.4,2
51,99,Peggy Jo,8,5,99,80594,0.01,1
51,99,Peggy Jo,8,5,99,81095,0.06,1
51,99,Peggy Jo,8,5,99,81742,33.8,732
51,99,Peggy Jo,8,5,99,82510,1.08,18
51,99,Peggy Jo,8,5,99,83010,0.06,3
51,99,Peggy Jo,8,5,99,85210,0.04,1
51,99,Peggy Jo,8,5,99,95000,0.08,0
51,99,Peggy Jo,8,5,99,98310,3.3,6
51,99,Peggy Jo,8,5,99,99993,1.1,0
51,99,Peggy Jo,8,5,99,99999,2.09,0
52,100,Peggy Jo,8,5,99,10210,2.4,47
52,100,Peggy Jo,8,5,99,10285,0.14,2
52,100,Peggy Jo,8,5,99,21371,0.34,3
52,100,Peggy Jo,8,5,99,21378,0.2,1
52,100,Peggy Jo,8,5,99,21735,3.6,52
52,100,Peggy Jo,8,5,99,23055,0.02,1
52,100,Peggy Jo,8,5,99,23807,0.06,2
52,100,Peggy Jo,8,5,99,43000,4.72,76
52,100,Peggy Jo,8,5,99,56311,0.01,2
52,100,Peggy Jo,8,5,99,56312,0.01,3
52,100,Peggy Jo,8,5,99,65201,0.2,2
52,100,Peggy Jo,8,5,99,66045,0.12,31
52,100,Peggy Jo,8,5,99,66530,0.01,2
52,100,Peggy Jo,8,5,99,66548,1.06,17
52,100,Peggy Jo,8,5,99,66611,0.06,15
52,100,Peggy Jo,8,5,99,68781,0.4,1
52,100,Peggy Jo,8,5,99,69010,0.02,1
52,100,Peggy Jo,8,5,99,69061,0.04,1
52,100,Peggy Jo,8,5,99,69322,6.8,7
52,100,Peggy Jo,8,5,99,71001,0.02,0
52,100,Peggy Jo,8,5,99,71001,0.02,0
52,100,Peggy Jo,8,5,99,71882,0.08,1
52,100,Peggy Jo,8,5,99,71884,1.3,8
52,100,Peggy Jo,8,5,99,75330,0.01,1
52,100,Peggy Jo,8,5,99,80200,0.92,3
52,100,Peggy Jo,8,5,99,81742,36.7,546
52,100,Peggy Jo,8,5,99,82510,0.16,4
52,100,Peggy Jo,8,5,99,95000,0.04,0
52,100,Peggy Jo,8,5,99,98000,0.46,1
52,100,Peggy Jo,8,5,99,99993,0.06,1
52,100,Peggy Jo,8,5,99,99994,4.5,0
52,100,Peggy Jo,8,5,99,99999,1.3,0
53,101,Peggy Jo,8,5,99,10210,2.2,31
53,101,Peggy Jo,8,5,99,10220,37.9,66
53,101,Peggy Jo,8,5,99,10285,0.2,1
53,101,Peggy Jo,8,5,99,21371,3.2,3
53,101,Peggy Jo,8,5,99,21735,6.1,151
53,101,Peggy Jo,8,5,99,23055,0.26,11
53,101,Peggy Jo,8,5,99,23807,0.14,6
53,101,Peggy Jo,8,5,99,24185,0.3,1
53,101,Peggy Jo,8,5,99,43000,0.14,2
53,101,Peggy Jo,8,5,99,66045,0.02,10
53,101,Peggy Jo,8,5,99,66530,0.02,1
53,101,Peggy Jo,8,5,99,66548,0.02,4
53,101,Peggy Jo,8,5,99,66611,0.01,1
53,101,Peggy Jo,8,5,99,80200,0.12,4
53,101,Peggy Jo,8,5,99,81742,18.4,227
53,101,Peggy Jo,8,5,99,99994,0.04,1
54,102,Peggy Jo,8,5,99,10210,5.1,44
54,102,Peggy Jo,8,5,99,10220,10,15
54,102,Peggy Jo,8,5,99,10285,1.2,6
54,102,Peggy Jo,8,5,99,21371,6.4,8
54,102,Peggy Jo,8,5,99,21378,0.3,1
54,102,Peggy Jo,8,5,99,21735,1.5,34
54,102,Peggy Jo,8,5,99,21740,0.04,2
54,102,Peggy Jo,8,5,99,23055,0.4,21
54,102,Peggy Jo,8,5,99,23807,0.1,6
54,102,Peggy Jo,8,5,99,24185,0.24,1
54,102,Peggy Jo,8,5,99,43000,0.01,1
54,102,Peggy Jo,8,5,99,56312,0.01,1
54,102,Peggy Jo,8,5,99,59111,0.01,1
54,102,Peggy Jo,8,5,99,66530,0.02,3
54,102,Peggy Jo,8,5,99,66548,0.02,3
54,102,Peggy Jo,8,5,99,66611,0.02,1
54,102,Peggy Jo,8,5,99,69010,0.04,1
54,102,Peggy Jo,8,5,99,69322,3.4,4
54,102,Peggy Jo,8,5,99,71001,0.02,0
54,102,Peggy Jo,8,5,99,75111,0.06,1
54,102,Peggy Jo,8,5,99,80010,0.96,2
54,102,Peggy Jo,8,5,99,80200,0.38,3
54,102,Peggy Jo,8,5,99,81742,35.2,427
54,102,Peggy Jo,8,5,99,91000,0.01,1
54,102,Peggy Jo,8,5,99,99999,0.06,0
55,103,Peggy Jo,8,6,99,10210,1.8,16
55,103,Peggy Jo,8,6,99,10226,1.7,4
55,103,Peggy Jo,8,6,99,10285,0.32,3
55,103,Peggy Jo,8,6,99,21110,0.25,5
55,103,Peggy Jo,8,6,99,21371,6.1,8
55,103,Peggy Jo,8,6,99,21384,0.04,2
55,103,Peggy Jo,8,6,99,21735,5.92,94
55,103,Peggy Jo,8,6,99,21740,0.11,3
55,103,Peggy Jo,8,6,99,23055,0.38,13
55,103,Peggy Jo,8,6,99,23807,0.1,1
55,103,Peggy Jo,8,6,99,24185,0.1,1
55,103,Peggy Jo,8,6,99,43000,1.18,13
55,103,Peggy Jo,8,6,99,56312,0.01,1
55,103,Peggy Jo,8,6,99,62000,0.01,1
55,103,Peggy Jo,8,6,99,65201,0.05,1
55,103,Peggy Jo,8,6,99,66045,0.01,3
55,103,Peggy Jo,8,6,99,66530,0.01,3
55,103,Peggy Jo,8,6,99,66611,0.02,2
55,103,Peggy Jo,8,6,99,68781,0.12,1
55,103,Peggy Jo,8,6,99,69010,0.24,2
55,103,Peggy Jo,8,6,99,69090,0.22,2
55,103,Peggy Jo,8,6,99,69322,6.3,10
55,103,Peggy Jo,8,6,99,71001,0.01,0
55,103,Peggy Jo,8,6,99,71884,0.48,5
55,103,Peggy Jo,8,6,99,74311,0.01,1
55,103,Peggy Jo,8,6,7,74435,0.01,1
55,103,Peggy Jo,8,6,99,80200,7.2,23
55,103,Peggy Jo,8,6,99,81742,34.5,420
55,103,Peggy Jo,8,6,99,99993,0.05,0
55,103,Peggy Jo,8,6,99,99994,0.65,0
56,104,Peggy Jo,8,6,99,10210,1.7,11
56,104,Peggy Jo,8,6,99,10285,0.04,1
56,104,Peggy Jo,8,6,99,21110,0.1,2
56,104,Peggy Jo,8,6,99,21371,11,13
56,104,Peggy Jo,8,6,99,21384,0.2,1
56,104,Peggy Jo,8,6,99,21725,0.22,16
56,104,Peggy Jo,8,6,99,21735,17.5,271
56,104,Peggy Jo,8,6,99,21740,2.64,20
56,104,Peggy Jo,8,6,99,23807,0.02,2
56,104,Peggy Jo,8,6,99,23809,0.2,1
56,104,Peggy Jo,8,6,99,24185,0.15,2
56,104,Peggy Jo,8,6,99,40500,0.2,2
56,104,Peggy Jo,8,6,99,41201,0.12,4
56,104,Peggy Jo,8,6,99,43000,0.32,8
56,104,Peggy Jo,8,6,99,60100,0.01,1
56,104,Peggy Jo,8,6,99,66045,0.01,5
56,104,Peggy Jo,8,6,99,66530,0,3
56,104,Peggy Jo,8,6,99,66611,0.22,11
56,104,Peggy Jo,8,6,99,69090,0.1,1
56,104,Peggy Jo,8,6,99,69322,5.3,6
56,104,Peggy Jo,8,6,99,71001,0.3,0
56,104,Peggy Jo,8,6,99,71882,0.1,1
56,104,Peggy Jo,8,6,99,71884,0.1,1
56,104,Peggy Jo,8,6,99,75110,0.06,1
56,104,Peggy Jo,8,6,99,80200,5.6,20
56,104,Peggy Jo,8,6,99,81742,54.8,751
56,104,Peggy Jo,8,6,99,82510,0.02,1
56,104,Peggy Jo,8,6,99,91000,0.01,1
56,104,Peggy Jo,8,6,99,95000,0.04,1
56,104,Peggy Jo,8,6,99,99993,0.02,0
56,104,Peggy Jo,8,6,99,99994,0.55,0
57,105,Peggy Jo,8,6,99,10210,2.1,21
57,105,Peggy Jo,8,6,99,10211,0.01,1
57,105,Peggy Jo,8,6,99,10220,8.5,6
57,105,Peggy Jo,8,6,99,10260,0.42,1
57,105,Peggy Jo,8,6,99,10285,0.9,9
57,105,Peggy Jo,8,6,99,21315,0.02,1
57,105,Peggy Jo,8,6,99,21371,15.5,12
57,105,Peggy Jo,8,6,99,21378,3.4,5
57,105,Peggy Jo,8,6,99,21725,0.1,2
57,105,Peggy Jo,8,6,99,21735,10.4,129
57,105,Peggy Jo,8,6,99,21740,2.2,3
57,105,Peggy Jo,8,6,99,23055,0.04,3
57,105,Peggy Jo,8,6,99,40500,1.82,5
57,105,Peggy Jo,8,6,99,41201,0.04,2
57,105,Peggy Jo,8,6,99,43000,0.03,3
57,105,Peggy Jo,8,6,99,56312,0.01,2
57,105,Peggy Jo,8,6,99,59111,0.01,1
57,105,Peggy Jo,8,6,99,66045,0.01,1
57,105,Peggy Jo,8,6,99,66611,0.1,2
57,105,Peggy Jo,8,6,99,68577,0.06,2
57,105,Peggy Jo,8,6,99,68580,0.42,18
57,105,Peggy Jo,8,6,99,69010,0.12,2
57,105,Peggy Jo,8,6,99,69061,0.14,3
57,105,Peggy Jo,8,6,99,71001,0.04,0
57,105,Peggy Jo,8,6,99,75111,0.08,1
57,105,Peggy Jo,8,6,99,80010,1,1
57,105,Peggy Jo,8,6,99,80200,5.4,20
57,105,Peggy Jo,8,6,99,80594,0.01,1
57,105,Peggy Jo,8,6,99,81742,29,355
57,105,Peggy Jo,8,6,99,82510,0.46,7
57,105,Peggy Jo,8,6,99,83010,0.08,4
57,105,Peggy Jo,8,6,99,99994,0.03,0
57,105,Peggy Jo,8,6,99,99999,0.22,0
58,106,Peggy Jo,8,6,99,10140,0.01,1
58,106,Peggy Jo,8,6,99,10210,2.4,16
58,106,Peggy Jo,8,6,99,10220,0.5,1
58,106,Peggy Jo,8,6,99,10260,0.58,2
58,106,Peggy Jo,8,6,99,10285,4.1,10
58,106,Peggy Jo,8,6,99,21110,0.1,2
58,106,Peggy Jo,8,6,99,21371,1.64,3
58,106,Peggy Jo,8,6,99,21725,0.02,3
58,106,Peggy Jo,8,6,99,21735,2.5,27
58,106,Peggy Jo,8,6,99,21740,3.1,3
58,106,Peggy Jo,8,6,99,23055,0.32,10
58,106,Peggy Jo,8,6,99,43000,0.02,1
58,106,Peggy Jo,8,6,99,45000,0.48,6
58,106,Peggy Jo,8,6,99,59111,0.01,1
58,106,Peggy Jo,8,6,99,66611,0.04,2
58,106,Peggy Jo,8,6,99,66664,0.1,1
58,106,Peggy Jo,8,6,99,68577,0.08,6
58,106,Peggy Jo,8,6,99,68580,0.2,5
58,106,Peggy Jo,8,6,99,69010,0.1,3
58,106,Peggy Jo,8,6,99,69061,0.02,1
58,106,Peggy Jo,8,6,99,69322,3.4,3
58,106,Peggy Jo,8,6,99,71001,0.01,1
58,106,Peggy Jo,8,6,99,80010,1.1,1
58,106,Peggy Jo,8,6,99,80200,0.26,11
58,106,Peggy Jo,8,6,99,80590,1,1
58,106,Peggy Jo,8,6,99,80594,0.58,24
58,106,Peggy Jo,8,6,99,81742,35.4,285
58,106,Peggy Jo,8,6,99,82510,0.2,2
58,106,Peggy Jo,8,6,99,83010,0.7,5
58,106,Peggy Jo,8,6,99,83320,0.01,1
58,106,Peggy Jo,8,6,99,98000,1.9,6
58,106,Peggy Jo,8,6,99,98082,1.84,64
59,107,Peggy Jo,8,6,99,10140,0.02,5
59,107,Peggy Jo,8,6,99,10210,0.82,5
59,107,Peggy Jo,8,6,99,10220,3.58,2
59,107,Peggy Jo,8,6,99,21110,0.06,2
59,107,Peggy Jo,8,6,99,21315,0.02,1
59,107,Peggy Jo,8,6,99,21371,2.04,3
59,107,Peggy Jo,8,6,99,21384,0.02,1
59,107,Peggy Jo,8,6,99,21725,0.02,1
59,107,Peggy Jo,8,6,99,21735,0.18,3
59,107,Peggy Jo,8,6,99,21740,2.22,3
59,107,Peggy Jo,8,6,99,23055,0.36,6
59,107,Peggy Jo,8,6,99,43000,0.04,1
59,107,Peggy Jo,8,6,99,45000,3.2,12
59,107,Peggy Jo,8,6,99,56312,0.01,3
59,107,Peggy Jo,8,6,99,66045,0.01,2
59,107,Peggy Jo,8,6,99,68577,0.25,5
59,107,Peggy Jo,8,6,99,68580,0.5,18
59,107,Peggy Jo,8,6,99,69010,0.56,11
59,107,Peggy Jo,8,6,99,69061,0.02,1
59,107,Peggy Jo,8,6,99,74311,0.01,3
59,107,Peggy Jo,8,6,99,74562,0.24,82
59,107,Peggy Jo,8,6,99,80010,1.1,2
59,107,Peggy Jo,8,6,99,80200,3.28,11
59,107,Peggy Jo,8,6,99,80590,1,5
59,107,Peggy Jo,8,6,99,80594,0.32,19
59,107,Peggy Jo,8,6,99,81742,42.5,257
59,107,Peggy Jo,8,6,99,82510,0.06,3
59,107,Peggy Jo,8,6,99,83010,0.58,5
59,107,Peggy Jo,8,6,99,83320,0.01,1
59,107,Peggy Jo,8,6,99,98000,4.2,0
59,107,Peggy Jo,8,6,99,99999,0.02,0
60,135,Peggy Jo,8,6,99,10140,0.01,1
60,135,Peggy Jo,8,6,99,10210,3.8,9
60,135,Peggy Jo,8,6,99,10220,0.94,1
60,135,Peggy Jo,8,6,99,10260,0.86,1
60,135,Peggy Jo,8,6,99,10285,0.5,1
60,135,Peggy Jo,8,6,99,21315,0.2,7
60,135,Peggy Jo,8,6,99,21373,0.34,1
60,135,Peggy Jo,8,6,99,43000,0.26,8
60,135,Peggy Jo,8,6,99,45000,4.1,3
60,135,Peggy Jo,8,6,99,65201,0.46,0
60,135,Peggy Jo,8,6,99,66045,0.01,2
60,135,Peggy Jo,8,6,99,66530,0.01,2
60,135,Peggy Jo,8,6,99,66611,0.06,21
60,135,Peggy Jo,8,6,99,68577,1.5,19
60,135,Peggy Jo,8,6,99,68580,9.64,338
60,135,Peggy Jo,8,6,99,69010,2.3,27
60,135,Peggy Jo,8,6,99,69061,0.12,4
60,135,Peggy Jo,8,6,99,71001,0.01,0
60,135,Peggy Jo,8,6,99,71884,1.1,6
60,135,Peggy Jo,8,6,99,74562,0.01,1
60,135,Peggy Jo,8,6,99,80200,1.1,
60,135,Peggy Jo,8,6,99,80590,4,32
60,135,Peggy Jo,8,6,99,80594,0.38,16
60,135,Peggy Jo,8,6,99,81742,9.7,59
60,135,Peggy Jo,8,6,99,82510,0.9,12
60,135,Peggy Jo,8,6,99,82740,0.02,7
60,135,Peggy Jo,8,6,99,83010,3.5,15
60,135,Peggy Jo,8,6,99,83320,0.02,6
60,135,Peggy Jo,8,6,99,95000,0.01,2
60,135,Peggy Jo,8,6,99,98000,11.72,116
60,135,Peggy Jo,8,6,99,99994,2.6,0
61,162,Peggy Jo,8,7,99,0,0,0
62,78,Peggy Jo,8,7,99,75102,0.04,1
63,78,Peggy Jo,8,7,99,0,0,0
64,77,Peggy Jo,8,7,99,10210,0.74,5
64,77,Peggy Jo,8,7,99,10220,1.58,3
64,77,Peggy Jo,8,7,99,10285,1.4,29
64,77,Peggy Jo,8,7,99,20061,0.14,8
64,77,Peggy Jo,8,7,99,21110,0.06,1
64,77,Peggy Jo,8,7,99,21371,3.54,2
64,77,Peggy Jo,8,7,99,21384,0.12,2
64,77,Peggy Jo,8,7,99,21735,3.42,148
64,77,Peggy Jo,8,7,99,21740,0.02,2
64,77,Peggy Jo,8,7,99,21753,0.01,1
64,77,Peggy Jo,8,7,99,23055,0.16,5
64,77,Peggy Jo,8,7,99,43000,0.1,2
64,77,Peggy Jo,8,7,99,56312,0.01,2
64,77,Peggy Jo,8,7,99,62000,0.04,8
64,77,Peggy Jo,8,7,99,66530,0.18,33
64,77,Peggy Jo,8,7,99,69010,0.08,1
64,77,Peggy Jo,8,7,99,69090,0.04,1
64,77,Peggy Jo,8,7,99,75102,0.04,1
64,77,Peggy Jo,8,7,99,75330,0.08,5
64,77,Peggy Jo,8,7,99,80010,1,2
64,77,Peggy Jo,8,7,99,80200,0.82,4
64,77,Peggy Jo,8,7,99,81742,39.26,597
64,77,Peggy Jo,8,7,99,82510,0.02,1
64,77,Peggy Jo,8,7,99,83320,0.01,10
64,77,Peggy Jo,8,7,99,99993,0.04,0
64,77,Peggy Jo,8,7,99,99999,0.66,0
,,,,,,,"3,303","35,661"
