HAULJOIN,VESSEL,CRUISE,HAUL,HAUL_TYPE,PERFORMANCE,START_DATE,START_HOUR,DURATION,DISTANCE_FISHED,NET_WIDTH,NET_MEASURED,NET_HEIGHT,MID_LATITUDE,MID_LONGITUDE,GIS_STATION,GEAR_DEPTH,BOTTOM_DEPTH,SURFACE_TEMPERATURE,GEAR_TEMPERATURE,WIRE_LENGTH,GEAR,ACCESSORIES,SUBSAMPLE,AREA_SWEPT,SPECIES_CODE,SEX,LENGTH,SHELL_CONDITION,EGG_COLOR,EGG_CONDITION,CLUTCH_SIZE,MERUS_LENGTH,CHELA_HEIGHT,DISEASE_CODE,DISEASE_DORSAL,DISEASE_VENTRAL,DISEASE_LEGS,CALCULATED_WEIGHT,WEIGHT,SAMPLING_FACTOR
-17430,162,201702,75,3,0,8282017,1723,0.52,2.885,14.518,Y,2.691,63.66954,-168.278,AA-01,30,33,9.3,6.5,137,44,15,1,0.012211546,69322,,,,,,,,,,,,,,,
-17429,162,201702,74,3,0,8282017,1420,0.527,2.971,14.052,Y,2.642,63.66578,-167.52785,AA-02,26,29,9.6,5.8,137,44,15,2,0.012171913,69322,1,142.3,2,,,,,,,,,,2340.134437,2308,1
-17406,94,201702,52,3,0,8252017,1132,0.525,2.991,16.466,Y,1.957,63.66339,-166.80781,AA-03,27,29,11.1,4.7,137,44,15,1,0.014358946,69322,,,,,,,,,,,,,,,
-17404,94,201702,50,3,0,8242017,1712,0.528,2.984,15.6,Y,2.185,63.67658,-166.0585,AA-04,24,26,11.1,5.5,137,44,15,1,0.013571925,69322,2,70.2,2,2,1,5,,,,,,,300.5607597,,1
-17404,94,201702,50,3,0,8242017,1712,0.528,2.984,15.6,Y,2.185,63.67658,-166.0585,AA-04,24,26,11.1,5.5,137,44,15,1,0.013571925,69322,1,119.6,1,,,,,,,,,,1355.665811,,1
-17404,94,201702,50,3,0,8242017,1712,0.528,2.984,15.6,Y,2.185,63.67658,-166.0585,AA-04,24,26,11.1,5.5,137,44,15,1,0.013571925,69322,2,75.6,2,0,0,0,,,,,,,306.6152027,,1
-17375,94,201702,28,3,6.21,8192017,1125,0.519,2.711,15.615,Y,2.448,63.64831,-165.33659,AA-05,16,18,10.9,10.8,110,44,15,1,0.012342114,69322,,,,,,,,,,,,,,,
-17376,94,201702,29,3,6.21,8192017,1424,0.515,2.836,13.451,Y,3.026,63.68127,-164.61319,AA-06,9,12,11.9,11.4,73,44,15,1,0.011121896,69322,,,,,,,,,,,,,,,
-17377,94,201702,30,3,6.21,8192017,1721,0.526,2.984,13.74,Y,2.635,63.67011,-163.82735,AA-07,11,14,12.9,12.7,91,44,15,1,0.011953734,69322,1,54.3,2,,,,,14.1,,,,,113.4725289,132,1
-17387,94,201702,31,3,6.21,8202017,834,0.521,2.836,14.929,Y,2.404,63.66655,-163.06016,AA-08,13,15,13,13.4,91,44,15,1,0.012343973,69322,,,,,,,,,,,,,,,
-17391,94,201702,35,3,6.21,8202017,1944,0.266,1.422,13.53,Y,2,63.80437,-161.58552,AA-10,12,14,13.8,10.6,73,44,15,1,0.005609387,69322,2,108.4,2,2,1,6,,,,,,,957.1939518,856,1
-17425,162,201702,71,3,0,8272017,1951,0.521,2.855,14,Y,3,63.67011,-169.01404,AA-18,33,36,7.1,6.5,137,44,15,1,0.011653387,69322,,,,,,,,,,,,,,,
-17424,162,201702,70,3,0,8272017,1656,0.512,2.886,14.492,Y,2.587,63.66607,-169.75383,AA-19,37,40,8,7.7,137,44,15,1,0.012193902,69322,,,,,,,,,,,,,,,
-17384,162,201702,46,3,2.1,8202017,823,0.32,1.67,15.303,Y,3.109,63.69665,-172.10453,AA-22,37,40,7.2,2.5,137,44,15,2,0.00745094,69322,,,,,,,,,,,,,,,
-17383,162,201702,45,3,0,8192017,1941,0.523,2.894,16.188,Y,2.357,63.66968,-172.73402,AA-23,55,57,8.3,1.5,229,44,15,1,0.013658712,69322,,,,,,,,,,,,,,,
-17427,162,201702,72,3,0,8282017,828,0.516,2.817,13.163,Y,3.015,64.00671,-168.29421,BB-01,33,36,8.3,5.6,137,44,15,1,0.010810848,69322,,,,,,,,,,,,,,,
-17428,162,201702,73,3,0,8282017,1128,0.519,2.88,13.393,Y,4.599,64.02824,-167.56579,BB-02,32,37,7.8,4.8,137,44,15,2,0.011245749,69322,1,117.9,3,,,,,,,,,,1296.050111,,1
-17405,94,201702,51,3,0,8252017,856,0.501,2.808,17.03,Y,1.909,63.99897,-166.8175,BB-03,31,33,10.7,4.1,137,44,15,1,0.013942151,69322,1,116.6,4,,,,,,,,,,1251.686218,,1
-17405,94,201702,51,3,0,8252017,856,0.501,2.808,17.03,Y,1.909,63.99897,-166.8175,BB-03,31,33,10.7,4.1,137,44,15,1,0.013942151,69322,1,126.4,2,,,,,43.9,,,,,1612.852267,1350,1
-17405,94,201702,51,3,0,8252017,856,0.501,2.808,17.03,Y,1.909,63.99897,-166.8175,BB-03,31,33,10.7,4.1,137,44,15,1,0.013942151,69322,1,120.1,4,,,,,35.8,,,,,1373.549135,,1
-17405,94,201702,51,3,0,8252017,856,0.501,2.808,17.03,Y,1.909,63.99897,-166.8175,BB-03,31,33,10.7,4.1,137,44,15,1,0.013942151,69322,1,118.6,2,,,,,29.6,,,,,1320.376538,1096,1
-17405,94,201702,51,3,0,8252017,856,0.501,2.808,17.03,Y,1.909,63.99897,-166.8175,BB-03,31,33,10.7,4.1,137,44,15,1,0.013942151,69322,1,112.9,2,,,,,35,,,,,1131.103425,1112,1
-17405,94,201702,51,3,0,8252017,856,0.501,2.808,17.03,Y,1.909,63.99897,-166.8175,BB-03,31,33,10.7,4.1,137,44,15,1,0.013942151,69322,1,116.9,3,,,,,40.9,,,,,1261.83066,1228,1
-17403,94,201702,49,3,6.21,8242017,1447,0.536,2.998,15.019,Y,2.362,63.99298,-166.05167,BB-04,20,22,11.6,6.5,137,44,15,1,0.013127762,69322,1,88.1,2,,,,,27.5,,,,,518.9481839,506,1
-17403,94,201702,49,3,6.21,8242017,1447,0.536,2.998,15.019,Y,2.362,63.99298,-166.05167,BB-04,20,22,11.6,6.5,137,44,15,1,0.013127762,69322,1,92.3,2,,,,,23.2,,,,,600.703229,560,1
-17403,94,201702,49,3,6.21,8242017,1447,0.536,2.998,15.019,Y,2.362,63.99298,-166.05167,BB-04,20,22,11.6,6.5,137,44,15,1,0.013127762,69322,1,124.6,4,,,,,41.1,,,,,1541.79673,,1
-17403,94,201702,49,3,6.21,8242017,1447,0.536,2.998,15.019,Y,2.362,63.99298,-166.05167,BB-04,20,22,11.6,6.5,137,44,15,1,0.013127762,69322,1,133.1,2,,,,,43.8,,,,,1896.958343,1832,1
-17403,94,201702,49,3,6.21,8242017,1447,0.536,2.998,15.019,Y,2.362,63.99298,-166.05167,BB-04,20,22,11.6,6.5,137,44,15,1,0.013127762,69322,1,79.3,2,,,,,24.8,,,,,372.8691775,440,1
-17403,94,201702,49,3,6.21,8242017,1447,0.536,2.998,15.019,Y,2.362,63.99298,-166.05167,BB-04,20,22,11.6,6.5,137,44,15,1,0.013127762,69322,1,69.7,2,,,,,19.2,,,,,248.6078524,254,1
-17403,94,201702,49,3,6.21,8242017,1447,0.536,2.998,15.019,Y,2.362,63.99298,-166.05167,BB-04,20,22,11.6,6.5,137,44,15,1,0.013127762,69322,2,74.9,2,0,0,0,,,,,,,297.8220246,,1
-17402,94,201702,48,3,0,8242017,1141,0.517,2.735,13.464,Y,2.524,64.01534,-165.31265,BB-05,15,18,11.8,8.9,91,44,15,1,0.010736172,69322,1,72,2,,,,,26,,,,,275.3003519,292,1
-17402,94,201702,48,3,0,8242017,1141,0.517,2.735,13.464,Y,2.524,64.01534,-165.31265,BB-05,15,18,11.8,8.9,91,44,15,1,0.010736172,69322,1,97,4,,,,,34.1,,,,,702.1318037,,1
-17402,94,201702,48,3,0,8242017,1141,0.517,2.735,13.464,Y,2.524,64.01534,-165.31265,BB-05,15,18,11.8,8.9,91,44,15,1,0.010736172,69322,1,114.6,4,,,,,38,,,,,1185.473084,,1
-17402,94,201702,48,3,0,8242017,1141,0.517,2.735,13.464,Y,2.524,64.01534,-165.31265,BB-05,15,18,11.8,8.9,91,44,15,1,0.010736172,69322,1,94.7,2,,,,,28.3,,,,,651.1490797,522,1
-17394,94,201702,42,3,6.21,8222017,1247,0.524,2.975,14.652,Y,2.185,63.99465,-164.54535,BB-06,16,18,11.9,11.9,91,44,15,1,0.012708723,69322,2,102.6,2,2,1,6,,,,,,,826.6638155,684,1
-17393,94,201702,41,3,6.21,8222017,1010,0.515,2.701,13.522,Y,2.377,64.00198,-163.79239,BB-07,17,19,12.8,12.7,91,44,15,1,0.01064838,69322,,,,,,,,,,,,,,,
-17388,94,201702,32,3,6.21,8202017,1119,0.515,2.726,14.12,Y,2.516,63.99646,-163.06261,BB-08,17,20,13.2,11.8,91,44,15,1,0.011222215,69322,1,25.7,2,,,,,6.9,,,,,10.82370393,10,1
-17388,94,201702,32,3,6.21,8202017,1119,0.515,2.726,14.12,Y,2.516,63.99646,-163.06261,BB-08,17,20,13.2,11.8,91,44,15,1,0.011222215,69322,1,26.8,2,,,,,8.5,,,,,12.34677208,14,1
-17388,94,201702,32,3,6.21,8202017,1119,0.515,2.726,14.12,Y,2.516,63.99646,-163.06261,BB-08,17,20,13.2,11.8,91,44,15,1,0.011222215,69322,1,31.6,2,,,,,8.3,,,,,20.71681883,20,1
-17388,94,201702,32,3,6.21,8202017,1119,0.515,2.726,14.12,Y,2.516,63.99646,-163.06261,BB-08,17,20,13.2,11.8,91,44,15,1,0.011222215,69322,1,28.8,2,,,,,8.2,,,,,15.47904944,18,1
-17388,94,201702,32,3,6.21,8202017,1119,0.515,2.726,14.12,Y,2.516,63.99646,-163.06261,BB-08,17,20,13.2,11.8,91,44,15,1,0.011222215,69322,2,24.4,2,0,0,0,,,,,,,8.919787225,,1
-17388,94,201702,32,3,6.21,8202017,1119,0.515,2.726,14.12,Y,2.516,63.99646,-163.06261,BB-08,17,20,13.2,11.8,91,44,15,1,0.011222215,69322,2,27.5,2,0,0,0,,,,,,,12.96670107,14,1
-17388,94,201702,32,3,6.21,8202017,1119,0.515,2.726,14.12,Y,2.516,63.99646,-163.06261,BB-08,17,20,13.2,11.8,91,44,15,1,0.011222215,69322,2,25.9,2,0,0,0,,,,,,,10.74978158,14,1
-17388,94,201702,32,3,6.21,8202017,1119,0.515,2.726,14.12,Y,2.516,63.99646,-163.06261,BB-08,17,20,13.2,11.8,91,44,15,1,0.011222215,69322,2,28.7,2,0,0,0,,,,,,,14.82008141,12,1
-17388,94,201702,32,3,6.21,8202017,1119,0.515,2.726,14.12,Y,2.516,63.99646,-163.06261,BB-08,17,20,13.2,11.8,91,44,15,1,0.011222215,69322,2,31.6,2,0,0,0,,,,,,,20.02697572,22,1
-17388,94,201702,32,3,6.21,8202017,1119,0.515,2.726,14.12,Y,2.516,63.99646,-163.06261,BB-08,17,20,13.2,11.8,91,44,15,1,0.011222215,69322,2,32.9,2,0,0,0,,,,,,,22.71863192,18,1
-17388,94,201702,32,3,6.21,8202017,1119,0.515,2.726,14.12,Y,2.516,63.99646,-163.06261,BB-08,17,20,13.2,11.8,91,44,15,1,0.011222215,69322,2,26.2,2,0,0,0,,,,,,,11.14407938,12,1
-17388,94,201702,32,3,6.21,8202017,1119,0.515,2.726,14.12,Y,2.516,63.99646,-163.06261,BB-08,17,20,13.2,11.8,91,44,15,1,0.011222215,69322,2,29.1,2,0,0,0,,,,,,,15.47579689,,1
-17388,94,201702,32,3,6.21,8202017,1119,0.515,2.726,14.12,Y,2.516,63.99646,-163.06261,BB-08,17,20,13.2,11.8,91,44,15,1,0.011222215,69322,1,31.4,2,,,,,9,,,,,20.30771432,,1
-17388,94,201702,32,3,6.21,8202017,1119,0.515,2.726,14.12,Y,2.516,63.99646,-163.06261,BB-08,17,20,13.2,11.8,91,44,15,1,0.011222215,69322,2,21.8,2,0,0,0,,,,,,,6.270370212,,1
-17388,94,201702,32,3,6.21,8202017,1119,0.515,2.726,14.12,Y,2.516,63.99646,-163.06261,BB-08,17,20,13.2,11.8,91,44,15,1,0.011222215,69322,2,23.9,2,0,0,0,,,,,,,8.360421006,,1
-17389,94,201702,33,3,6.21,8202017,1417,0.517,2.721,14.449,Y,2.271,64.00461,-162.33381,BB-09,16,18,13.2,8.1,91,44,15,1,0.011462632,69322,2,27.6,2,0,0,0,,,,,,,13.11476074,12,1
-17389,94,201702,33,3,6.21,8202017,1417,0.517,2.721,14.449,Y,2.271,64.00461,-162.33381,BB-09,16,18,13.2,8.1,91,44,15,1,0.011462632,69322,2,27.9,2,0,0,0,,,,,,,13.56583418,12,1
-17389,94,201702,33,3,6.21,8202017,1417,0.517,2.721,14.449,Y,2.271,64.00461,-162.33381,BB-09,16,18,13.2,8.1,91,44,15,1,0.011462632,69322,1,121.5,4,,,,,,,,,,1424.47681,,1
-17389,94,201702,33,3,6.21,8202017,1417,0.517,2.721,14.449,Y,2.271,64.00461,-162.33381,BB-09,16,18,13.2,8.1,91,44,15,1,0.011462632,69322,1,19.2,1,,,,,,,,,,4.330946591,,1
-17389,94,201702,33,3,6.21,8202017,1417,0.517,2.721,14.449,Y,2.271,64.00461,-162.33381,BB-09,16,18,13.2,8.1,91,44,15,1,0.011462632,69322,1,22.8,2,,,,,,,,,,7.430738034,,1
-17389,94,201702,33,3,6.21,8202017,1417,0.517,2.721,14.449,Y,2.271,64.00461,-162.33381,BB-09,16,18,13.2,8.1,91,44,15,1,0.011462632,69322,1,27.7,2,,,,,,,,,,13.69669513,,1
-17389,94,201702,33,3,6.21,8202017,1417,0.517,2.721,14.449,Y,2.271,64.00461,-162.33381,BB-09,16,18,13.2,8.1,91,44,15,1,0.011462632,69322,1,27.8,2,,,,,,,,,,13.85262447,,1
-17389,94,201702,33,3,6.21,8202017,1417,0.517,2.721,14.449,Y,2.271,64.00461,-162.33381,BB-09,16,18,13.2,8.1,91,44,15,1,0.011462632,69322,1,74.9,2,,,,,21.5,,,,,311.6581673,,1
-17389,94,201702,33,3,6.21,8202017,1417,0.517,2.721,14.449,Y,2.271,64.00461,-162.33381,BB-09,16,18,13.2,8.1,91,44,15,1,0.011462632,69322,1,31.8,2,,,,,8.4,,,,,21.13150557,20,1
-17389,94,201702,33,3,6.21,8202017,1417,0.517,2.721,14.449,Y,2.271,64.00461,-162.33381,BB-09,16,18,13.2,8.1,91,44,15,1,0.011462632,69322,1,29.4,2,,,,,8,,,,,16.5148426,14,1
-17389,94,201702,33,3,6.21,8202017,1417,0.517,2.721,14.449,Y,2.271,64.00461,-162.33381,BB-09,16,18,13.2,8.1,91,44,15,1,0.011462632,69322,1,30.6,2,,,,,9,,,,,18.72631298,20,1
-17389,94,201702,33,3,6.21,8202017,1417,0.517,2.721,14.449,Y,2.271,64.00461,-162.33381,BB-09,16,18,13.2,8.1,91,44,15,1,0.011462632,69322,2,98.1,2,2,1,6,,,,,,,733.4966889,592,1
-17389,94,201702,33,3,6.21,8202017,1417,0.517,2.721,14.449,Y,2.271,64.00461,-162.33381,BB-09,16,18,13.2,8.1,91,44,15,1,0.011462632,69322,2,78.2,2,2,1,6,,,,,,,400.7654783,,1
-17389,94,201702,33,3,6.21,8202017,1417,0.517,2.721,14.449,Y,2.271,64.00461,-162.33381,BB-09,16,18,13.2,8.1,91,44,15,1,0.011462632,69322,2,29.9,2,0,0,0,,,,,,,16.8459191,,1
-17389,94,201702,33,3,6.21,8202017,1417,0.517,2.721,14.449,Y,2.271,64.00461,-162.33381,BB-09,16,18,13.2,8.1,91,44,15,1,0.011462632,69322,2,20.3,2,0,0,0,,,,,,,5.017070917,,1
-17389,94,201702,33,3,6.21,8202017,1417,0.517,2.721,14.449,Y,2.271,64.00461,-162.33381,BB-09,16,18,13.2,8.1,91,44,15,1,0.011462632,69322,2,28.3,2,0,0,0,,,,,,,14.18352749,,1
-17389,94,201702,33,3,6.21,8202017,1417,0.517,2.721,14.449,Y,2.271,64.00461,-162.33381,BB-09,16,18,13.2,8.1,91,44,15,1,0.011462632,69322,2,23.6,2,0,0,0,,,,,,,8.036528705,,1
-17389,94,201702,33,3,6.21,8202017,1417,0.517,2.721,14.449,Y,2.271,64.00461,-162.33381,BB-09,16,18,13.2,8.1,91,44,15,1,0.011462632,69322,2,23,2,0,0,0,,,,,,,7.414552048,,1
-17389,94,201702,33,3,6.21,8202017,1417,0.517,2.721,14.449,Y,2.271,64.00461,-162.33381,BB-09,16,18,13.2,8.1,91,44,15,1,0.011462632,69322,2,28.4,2,0,0,0,,,,,,,14.34088604,,1
-17389,94,201702,33,3,6.21,8202017,1417,0.517,2.721,14.449,Y,2.271,64.00461,-162.33381,BB-09,16,18,13.2,8.1,91,44,15,1,0.011462632,69322,2,27.9,2,0,0,0,,,,,,,13.56583418,,1
-17389,94,201702,33,3,6.21,8202017,1417,0.517,2.721,14.449,Y,2.271,64.00461,-162.33381,BB-09,16,18,13.2,8.1,91,44,15,1,0.011462632,69322,2,22.6,2,0,0,0,,,,,,,7.018620814,,1
-17389,94,201702,33,3,6.21,8202017,1417,0.517,2.721,14.449,Y,2.271,64.00461,-162.33381,BB-09,16,18,13.2,8.1,91,44,15,1,0.011462632,69322,2,28.1,2,0,0,0,,,,,,,13.87234205,,1
-17389,94,201702,33,3,6.21,8202017,1417,0.517,2.721,14.449,Y,2.271,64.00461,-162.33381,BB-09,16,18,13.2,8.1,91,44,15,1,0.011462632,69322,2,27.1,2,0,0,0,,,,,,,12.38582827,12,1
-17389,94,201702,33,3,6.21,8202017,1417,0.517,2.721,14.449,Y,2.271,64.00461,-162.33381,BB-09,16,18,13.2,8.1,91,44,15,1,0.011462632,69322,2,25.4,2,0,0,0,,,,,,,10.11388977,10,1
-17445,94,201702,36,3,6.21,8212017,841,0.513,2.917,15.037,Y,2,63.99105,-161.53304,BB-10,16,18,13.5,7.1,91,44,15,1,0.012788384,69322,,,,,,,,,,,,,,,
-17422,162,201702,68,3,0,8272017,1111,0.518,2.836,13.625,Y,2.95,64.0077,-169.05261,BB-18,32,35,6,5.8,137,44,15,1,0.011265767,69322,,,,,,,,,,,,,,,
-17423,162,201702,69,3,0,8272017,1412,0.508,2.846,14.7,Y,2.67,63.99308,-169.79379,BB-19,32,35,7.2,7.3,137,44,15,2,0.012197484,69322,,,,,,,,,,,,,,,
-17455,162,201702,51,3,0,8212017,1444,0.532,2.912,14.609,Y,2.729,63.99409,-170.55932,BB-20,27,30,7.8,6.4,137,44,15,12,0.01240309,69322,,,,,,,,,,,,,,,
-17386,162,201702,48,3,0,8202017,1810,0.459,2.541,13.862,Y,2.536,64.04452,-171.3584,BB-21,30,33,9,5.1,137,44,15,1,0.010269483,69322,,,,,,,,,,,,,,,
-17385,162,201702,47,3,4.1,8202017,1141,0.512,2.832,15.268,Y,2.7,63.99919,-172.02633,BB-22,51,54,8.9,1.2,183,44,15,12,0.012606468,69322,,,,,,,,,,,,,,,
-17416,162,201702,66,3,0,8262017,1828,0.513,2.806,14.515,Y,2.983,64.32915,-168.33552,CC-01,37,40,7.2,4.2,137,44,15,2,0.011874703,69322,,,,,,,,,,,,,,,
-17408,162,201702,58,3,6.41,8242017,1829,0.29,1.559,15.622,Y,2.994,64.32386,-167.57616,CC-02,28,31,9.9,3.8,137,44,15,1,0.007100694,69322,,,,,,,,,,,,,,,
-17450,94,201702,45,3,0,8232017,1027,0.523,2.797,15.768,Y,2.122,64.34015,-166.83257,CC-03,28,30,11.2,4.5,137,44,15,2,0.012858405,69322,1,78.5,2,,,,,,,,,,361.1798593,,1
-17450,94,201702,45,3,0,8232017,1027,0.523,2.797,15.768,Y,2.122,64.34015,-166.83257,CC-03,28,30,11.2,4.5,137,44,15,2,0.012858405,69322,1,95.8,2,,,,,,,,,,675.2053678,,1
-17450,94,201702,45,3,0,8232017,1027,0.523,2.797,15.768,Y,2.122,64.34015,-166.83257,CC-03,28,30,11.2,4.5,137,44,15,2,0.012858405,69322,1,101.1,2,,,,,,,,,,799.6464485,,1
-17450,94,201702,45,3,0,8232017,1027,0.523,2.797,15.768,Y,2.122,64.34015,-166.83257,CC-03,28,30,11.2,4.5,137,44,15,2,0.012858405,69322,1,111.6,1,,,,,,,,,,1090.692185,,1
-17450,94,201702,45,3,0,8232017,1027,0.523,2.797,15.768,Y,2.122,64.34015,-166.83257,CC-03,28,30,11.2,4.5,137,44,15,2,0.012858405,69322,1,93,3,,,,,,,,,,615.1307828,,1
-17450,94,201702,45,3,0,8232017,1027,0.523,2.797,15.768,Y,2.122,64.34015,-166.83257,CC-03,28,30,11.2,4.5,137,44,15,2,0.012858405,69322,1,96.6,3,,,,,,,,,,693.0765144,,1
-17450,94,201702,45,3,0,8232017,1027,0.523,2.797,15.768,Y,2.122,64.34015,-166.83257,CC-03,28,30,11.2,4.5,137,44,15,2,0.012858405,69322,1,112.1,3,,,,,,,,,,1106.116431,,1
-17450,94,201702,45,3,0,8232017,1027,0.523,2.797,15.768,Y,2.122,64.34015,-166.83257,CC-03,28,30,11.2,4.5,137,44,15,2,0.012858405,69322,1,134.5,4,,,,,38.5,,,,,1960.346016,,1
-17450,94,201702,45,3,0,8232017,1027,0.523,2.797,15.768,Y,2.122,64.34015,-166.83257,CC-03,28,30,11.2,4.5,137,44,15,2,0.012858405,69322,1,122.2,3,,,,,41.7,,,,,1450.41668,1732,1
-17450,94,201702,45,3,0,8232017,1027,0.523,2.797,15.768,Y,2.122,64.34015,-166.83257,CC-03,28,30,11.2,4.5,137,44,15,2,0.012858405,69322,1,114.9,4,,,,,39.3,,,,,1195.249039,,1
-17450,94,201702,45,3,0,8232017,1027,0.523,2.797,15.768,Y,2.122,64.34015,-166.83257,CC-03,28,30,11.2,4.5,137,44,15,2,0.012858405,69322,1,120.7,3,,,,,41,,,,,1395.220574,,1
-17450,94,201702,45,3,0,8232017,1027,0.523,2.797,15.768,Y,2.122,64.34015,-166.83257,CC-03,28,30,11.2,4.5,137,44,15,2,0.012858405,69322,1,119.2,3,,,,,43.8,,,,,1341.473941,,1
-17450,94,201702,45,3,0,8232017,1027,0.523,2.797,15.768,Y,2.122,64.34015,-166.83257,CC-03,28,30,11.2,4.5,137,44,15,2,0.012858405,69322,2,66.9,2,0,0,0,,,,,,,209.1764271,,1
-17450,94,201702,45,3,0,8232017,1027,0.523,2.797,15.768,Y,2.122,64.34015,-166.83257,CC-03,28,30,11.2,4.5,137,44,15,2,0.012858405,69322,1,104.9,3,,,,,34.6,,,,,897.9161721,1192,1
-17450,94,201702,45,3,0,8232017,1027,0.523,2.797,15.768,Y,2.122,64.34015,-166.83257,CC-03,28,30,11.2,4.5,137,44,15,2,0.012858405,69322,1,92.8,3,,,,,31.7,,,,,610.9847921,668,1
-17450,94,201702,45,3,0,8232017,1027,0.523,2.797,15.768,Y,2.122,64.34015,-166.83257,CC-03,28,30,11.2,4.5,137,44,15,2,0.012858405,69322,1,72.3,3,,,,,22.4,,,,,278.9198289,288,1
-17451,94,201702,46,3,0,8232017,1314,0.53,2.804,14.952,Y,2.264,64.33107,-166.05974,CC-04,21,23,11.3,5.2,137,44,15,1,0.012223493,69322,1,82.2,2,,,,,25.2,,,,,417.4043706,,1
-17401,94,201702,47,3,0,8242017,859,0.529,2.757,15.066,Y,2.254,64.3323,-165.33609,CC-05,23,25,12.4,8.4,137,44,15,1,0.01211024,69322,1,114.1,4,,,,,,,,,,1169.301182,,1
-17395,94,201702,43,3,6.21,8222017,1624,0.521,2.752,14.082,Y,2.265,64.32803,-164.53456,CC-06,13,15,13.6,12.9,91,44,15,1,0.011298761,69322,,,,,,,,,,,,,,,
-17392,94,201702,40,3,6.21,8222017,733,0.518,2.829,14.187,Y,2.128,64.33843,-163.78699,CC-07,17,19,13.6,11.1,91,44,15,1,0.0117015,69322,2,25.1,2,0,0,0,,,,,,,9.74491327,10,1
-17392,94,201702,40,3,6.21,8222017,733,0.518,2.829,14.187,Y,2.128,64.33843,-163.78699,CC-07,17,19,13.6,11.1,91,44,15,1,0.0117015,69322,2,107.8,2,5,1,6,,,,,,,943.1338072,,1
-17392,94,201702,40,3,6.21,8222017,733,0.518,2.829,14.187,Y,2.128,64.33843,-163.78699,CC-07,17,19,13.6,11.1,91,44,15,1,0.0117015,69322,2,85.8,2,2,1,6,,,,,,,513.1936472,,1
-17392,94,201702,40,3,6.21,8222017,733,0.518,2.829,14.187,Y,2.128,64.33843,-163.78699,CC-07,17,19,13.6,11.1,91,44,15,1,0.0117015,69322,1,76.4,2,,,,,17.6,,,,,331.6883658,370,1
-17392,94,201702,40,3,6.21,8222017,733,0.518,2.829,14.187,Y,2.128,64.33843,-163.78699,CC-07,17,19,13.6,11.1,91,44,15,1,0.0117015,69322,1,86.8,2,,,,,25.8,,,,,495.2710791,556,1
-17392,94,201702,40,3,6.21,8222017,733,0.518,2.829,14.187,Y,2.128,64.33843,-163.78699,CC-07,17,19,13.6,11.1,91,44,15,1,0.0117015,69322,1,86.9,2,,,,,29.3,,,,,497.065701,574,1
-17392,94,201702,40,3,6.21,8222017,733,0.518,2.829,14.187,Y,2.128,64.33843,-163.78699,CC-07,17,19,13.6,11.1,91,44,15,1,0.0117015,69322,1,84.6,2,,,,,25.6,,,,,456.8978329,488,1
-17392,94,201702,40,3,6.21,8222017,733,0.518,2.829,14.187,Y,2.128,64.33843,-163.78699,CC-07,17,19,13.6,11.1,91,44,15,1,0.0117015,69322,1,80,2,,,,,22.3,,,,,383.3066265,376,1
-17392,94,201702,40,3,6.21,8222017,733,0.518,2.829,14.187,Y,2.128,64.33843,-163.78699,CC-07,17,19,13.6,11.1,91,44,15,1,0.0117015,69322,1,71.1,2,,,,,20,,,,,264.6342103,282,1
-17392,94,201702,40,3,6.21,8222017,733,0.518,2.829,14.187,Y,2.128,64.33843,-163.78699,CC-07,17,19,13.6,11.1,91,44,15,1,0.0117015,69322,1,84.5,2,,,,,26,,,,,455.2034439,528,1
-17392,94,201702,40,3,6.21,8222017,733,0.518,2.829,14.187,Y,2.128,64.33843,-163.78699,CC-07,17,19,13.6,11.1,91,44,15,1,0.0117015,69322,1,117,2,,,,,39.3,,,,,1265.224555,1314,1
-17392,94,201702,40,3,6.21,8222017,733,0.518,2.829,14.187,Y,2.128,64.33843,-163.78699,CC-07,17,19,13.6,11.1,91,44,15,1,0.0117015,69322,1,109.1,2,,,,,32.3,,,,,1015.764946,1006,1
-17392,94,201702,40,3,6.21,8222017,733,0.518,2.829,14.187,Y,2.128,64.33843,-163.78699,CC-07,17,19,13.6,11.1,91,44,15,1,0.0117015,69322,1,20.6,2,,,,,6.2,,,,,5.402575154,6,1
-17392,94,201702,40,3,6.21,8222017,733,0.518,2.829,14.187,Y,2.128,64.33843,-163.78699,CC-07,17,19,13.6,11.1,91,44,15,1,0.0117015,69322,1,20.9,2,,,,,4.7,,,,,5.653604965,,1
-17392,94,201702,40,3,6.21,8222017,733,0.518,2.829,14.187,Y,2.128,64.33843,-163.78699,CC-07,17,19,13.6,11.1,91,44,15,1,0.0117015,69322,1,26.4,2,,,,,5.4,,,,,11.77708464,,1
-17392,94,201702,40,3,6.21,8222017,733,0.518,2.829,14.187,Y,2.128,64.33843,-163.78699,CC-07,17,19,13.6,11.1,91,44,15,1,0.0117015,69322,1,91.5,2,,,,,28,,,,,584.4990603,,1
-17392,94,201702,40,3,6.21,8222017,733,0.518,2.829,14.187,Y,2.128,64.33843,-163.78699,CC-07,17,19,13.6,11.1,91,44,15,1,0.0117015,69322,1,72.1,2,,,,,,,,,,276.5032644,,1
-17392,94,201702,40,3,6.21,8222017,733,0.518,2.829,14.187,Y,2.128,64.33843,-163.78699,CC-07,17,19,13.6,11.1,91,44,15,1,0.0117015,69322,2,77.6,2,2,1,5,,,,,,,392.6197983,350,1
-17448,94,201702,39,3,6.21,8212017,1837,0.52,2.824,14.852,Y,2.197,64.24653,-163.1185,CC-08,18,20,14,8.4,91,44,15,1,0.012228345,69322,2,10,2,0,0,0,,,,,,,0.547792602,,1
-17447,94,201702,38,3,6.21,8212017,1454,0.515,2.777,14.9,Y,2.34,64.33141,-162.26691,CC-09,17,19,14.1,7.4,91,44,15,1,0.01206369,69322,2,26.8,2,0,0,0,,,,,,,11.96197694,10,1
-17447,94,201702,38,3,6.21,8212017,1454,0.515,2.777,14.9,Y,2.34,64.33141,-162.26691,CC-09,17,19,14.1,7.4,91,44,15,1,0.01206369,69322,1,24.9,2,,,,,,,,,,9.800168119,,1
-17447,94,201702,38,3,6.21,8212017,1454,0.515,2.777,14.9,Y,2.34,64.33141,-162.26691,CC-09,17,19,14.1,7.4,91,44,15,1,0.01206369,69322,1,30.6,2,,,,,7.1,,,,,18.72631298,18,1
-17447,94,201702,38,3,6.21,8212017,1454,0.515,2.777,14.9,Y,2.34,64.33141,-162.26691,CC-09,17,19,14.1,7.4,91,44,15,1,0.01206369,69322,1,24.7,2,,,,,5.7,,,,,9.555014207,8,1
-17447,94,201702,38,3,6.21,8212017,1454,0.515,2.777,14.9,Y,2.34,64.33141,-162.26691,CC-09,17,19,14.1,7.4,91,44,15,1,0.01206369,69322,2,24.9,2,0,0,0,,,,,,,9.50408448,9,1
-17447,94,201702,38,3,6.21,8212017,1454,0.515,2.777,14.9,Y,2.34,64.33141,-162.26691,CC-09,17,19,14.1,7.4,91,44,15,1,0.01206369,69322,1,23.5,2,,,,,6,,,,,8.171224416,8,1
-17447,94,201702,38,3,6.21,8212017,1454,0.515,2.777,14.9,Y,2.34,64.33141,-162.26691,CC-09,17,19,14.1,7.4,91,44,15,1,0.01206369,69322,1,25.2,2,,,,,7.2,,,,,10.17588552,10,1
-17446,94,201702,37,3,6.21,8212017,1125,0.521,2.908,14.489,Y,2,64.31027,-161.53698,CC-10,13,15,13.6,10.1,82,44,15,1,0.012284312,69322,,,,,,,,,,,,,,,
-17421,162,201702,67,3,0,8272017,827,0.511,2.775,14.146,Y,2.822,64.29345,-169.13892,CC-18,37,40,6.6,5.3,137,44,15,1,0.01144497,69322,,,,,,,,,,,,,,,
-17456,162,201702,52,3,0,8212017,2003,0.349,1.961,14.025,Y,2.852,64.31149,-169.82966,CC-19,36,39,6.1,4.1,137,44,15,1,0.008018599,69322,,,,,,,,,,,,,,,
-17454,162,201702,50,3,0,8212017,1126,0.52,2.855,13.987,Y,2.533,64.27813,-170.69045,CC-20,32,35,9,6.6,137,44,15,2,0.011642566,69322,,,,,,,,,,,,,,,
-17453,162,201702,49,3,6.41,8212017,827,0.249,1.303,14.114,Y,2.418,64.30688,-171.27471,CC-21,43,45,8.1,2.1,183,44,15,2,0.005361824,69322,,,,,,,,,,,,,,,
-17415,162,201702,65,3,0,8262017,1543,0.51,2.898,14.615,Y,2.786,64.65996,-168.35471,DD-01,37,40,6.6,2.8,137,44,15,2,0.012348529,69322,,,,,,,,,,,,,,,
-17409,162,201702,59,3,0,8252017,817,0.522,2.895,15.543,Y,2.738,64.70436,-167.60711,DD-02,27,30,7.9,4.7,137,44,15,1,0.013119022,69322,,,,,,,,,,,,,,,
-17449,94,201702,44,3,0,8232017,723,0.533,2.889,15.539,Y,2.356,64.65558,-166.80792,DD-03,23,25,7.8,3.9,137,44,15,2,0.013088463,69322,1,43.2,2,,,,,14.8,,,,,55.32300304,,1
-17449,94,201702,44,3,0,8232017,723,0.533,2.889,15.539,Y,2.356,64.65558,-166.80792,DD-03,23,25,7.8,3.9,137,44,15,2,0.013088463,69322,1,70.8,3,,,,,20.8,,,,,261.1424172,,1
-17449,94,201702,44,3,0,8232017,723,0.533,2.889,15.539,Y,2.356,64.65558,-166.80792,DD-03,23,25,7.8,3.9,137,44,15,2,0.013088463,69322,1,95.2,3,,,,,30.6,,,,,662.0100244,,1
-17449,94,201702,44,3,0,8232017,723,0.533,2.889,15.539,Y,2.356,64.65558,-166.80792,DD-03,23,25,7.8,3.9,137,44,15,2,0.013088463,69322,1,20.4,2,,,,,5.7,,,,,5.239511748,6,1
-17414,162,201702,64,3,0,8262017,1229,0.53,2.916,16.316,Y,2.17,64.65126,-169.16212,DD-18,41,43,4.9,2.9,183,44,15,2,0.013871367,69322,,,,,,,,,,,,,,,
-17397,162,201702,54,3,0,8222017,1129,0.527,2.867,16.085,Y,2.315,64.65624,-169.90891,DD-19,45,47,4.7,3.1,183,44,15,2,0.013445185,69322,,,,,,,,,,,,,,,
-17396,162,201702,53,3,1.12,8222017,835,0.273,1.46,16.175,Y,2.446,64.61832,-170.68775,DD-20,45,47,8.7,2.6,183,44,15,2,0.006885178,69322,,,,,,,,,,,,,,,
-17413,162,201702,63,3,0,8262017,830,0.525,2.884,15.261,Y,2.382,65.00093,-168.34499,EE-01,42,44,4.3,3.2,183,44,15,2,0.012832057,69322,,,,,,,,,,,,,,,
-17410,162,201702,60,3,0,8252017,1219,0.524,2.97,14.626,Y,2.53,64.97021,-167.60049,EE-02,30,33,6.4,3.4,137,44,15,2,0.01266485,69322,1,84.2,1,,,,,,,,,,450.1459839,,1
-17410,162,201702,60,3,0,8252017,1219,0.524,2.97,14.626,Y,2.53,64.97021,-167.60049,EE-02,30,33,6.4,3.4,137,44,15,2,0.01266485,69322,1,36.6,2,,,,,,,,,,32.86406933,,1
-17410,162,201702,60,3,0,8252017,1219,0.524,2.97,14.626,Y,2.53,64.97021,-167.60049,EE-02,30,33,6.4,3.4,137,44,15,2,0.01266485,69322,1,42.3,2,,,,,,,,,,51.78253862,,1
-17410,162,201702,60,3,0,8252017,1219,0.524,2.97,14.626,Y,2.53,64.97021,-167.60049,EE-02,30,33,6.4,3.4,137,44,15,2,0.01266485,69322,1,34.5,2,,,,,,,,,,27.29659369,,1
-17410,162,201702,60,3,0,8252017,1219,0.524,2.97,14.626,Y,2.53,64.97021,-167.60049,EE-02,30,33,6.4,3.4,137,44,15,2,0.01266485,69322,1,37.9,2,,,,,,,,,,36.67229336,,1
-17410,162,201702,60,3,0,8252017,1219,0.524,2.97,14.626,Y,2.53,64.97021,-167.60049,EE-02,30,33,6.4,3.4,137,44,15,2,0.01266485,69322,1,38.7,2,,,,,,,,,,39.15935075,,1
-17410,162,201702,60,3,0,8252017,1219,0.524,2.97,14.626,Y,2.53,64.97021,-167.60049,EE-02,30,33,6.4,3.4,137,44,15,2,0.01266485,69322,1,39.5,2,,,,,,,,,,41.75897085,,1
-17410,162,201702,60,3,0,8252017,1219,0.524,2.97,14.626,Y,2.53,64.97021,-167.60049,EE-02,30,33,6.4,3.4,137,44,15,2,0.01266485,69322,1,33.2,2,,,,,,,,,,24.1940084,,1
-17410,162,201702,60,3,0,8252017,1219,0.524,2.97,14.626,Y,2.53,64.97021,-167.60049,EE-02,30,33,6.4,3.4,137,44,15,2,0.01266485,69322,1,30.1,2,,,,,,,,,,17.78182165,,1
-17410,162,201702,60,3,0,8252017,1219,0.524,2.97,14.626,Y,2.53,64.97021,-167.60049,EE-02,30,33,6.4,3.4,137,44,15,2,0.01266485,69322,1,44,2,,,,,,,,,,58.60555946,,1
-17410,162,201702,60,3,0,8252017,1219,0.524,2.97,14.626,Y,2.53,64.97021,-167.60049,EE-02,30,33,6.4,3.4,137,44,15,2,0.01266485,69322,1,37.2,2,,,,,,,,,,34.58636988,,1
-17410,162,201702,60,3,0,8252017,1219,0.524,2.97,14.626,Y,2.53,64.97021,-167.60049,EE-02,30,33,6.4,3.4,137,44,15,2,0.01266485,69322,1,33.8,2,,,,,,,,,,25.59428843,26,1
-17410,162,201702,60,3,0,8252017,1219,0.524,2.97,14.626,Y,2.53,64.97021,-167.60049,EE-02,30,33,6.4,3.4,137,44,15,2,0.01266485,69322,1,34.7,2,,,,,,,,,,27.79677403,26,1
-17410,162,201702,60,3,0,8252017,1219,0.524,2.97,14.626,Y,2.53,64.97021,-167.60049,EE-02,30,33,6.4,3.4,137,44,15,2,0.01266485,69322,2,37.7,2,0,0,0,,,,,,,34.78456267,,1
-17410,162,201702,60,3,0,8252017,1219,0.524,2.97,14.626,Y,2.53,64.97021,-167.60049,EE-02,30,33,6.4,3.4,137,44,15,2,0.01266485,69322,2,35.3,2,0,0,0,,,,,,,28.31596321,,1
-17410,162,201702,60,3,0,8252017,1219,0.524,2.97,14.626,Y,2.53,64.97021,-167.60049,EE-02,30,33,6.4,3.4,137,44,15,2,0.01266485,69322,2,31.9,2,0,0,0,,,,,,,20.6277212,,1
-17410,162,201702,60,3,0,8252017,1219,0.524,2.97,14.626,Y,2.53,64.97021,-167.60049,EE-02,30,33,6.4,3.4,137,44,15,2,0.01266485,69322,2,30.5,2,0,0,0,,,,,,,17.92605611,,1
-17410,162,201702,60,3,0,8252017,1219,0.524,2.97,14.626,Y,2.53,64.97021,-167.60049,EE-02,30,33,6.4,3.4,137,44,15,2,0.01266485,69322,1,37.1,2,,,,,,,,,,34.29514687,,1
-17410,162,201702,60,3,0,8252017,1219,0.524,2.97,14.626,Y,2.53,64.97021,-167.60049,EE-02,30,33,6.4,3.4,137,44,15,2,0.01266485,69322,1,39.2,2,,,,,,,,,,40.77075372,,1
-17410,162,201702,60,3,0,8252017,1219,0.524,2.97,14.626,Y,2.53,64.97021,-167.60049,EE-02,30,33,6.4,3.4,137,44,15,2,0.01266485,69322,1,44.7,2,,,,,,,,,,61.58460766,,1
-17410,162,201702,60,3,0,8252017,1219,0.524,2.97,14.626,Y,2.53,64.97021,-167.60049,EE-02,30,33,6.4,3.4,137,44,15,2,0.01266485,69322,1,30.7,2,,,,,,,,,,18.91922699,,1
-17410,162,201702,60,3,0,8252017,1219,0.524,2.97,14.626,Y,2.53,64.97021,-167.60049,EE-02,30,33,6.4,3.4,137,44,15,2,0.01266485,69322,1,40.3,2,,,,,,,,,,44.47381324,,1
-17410,162,201702,60,3,0,8252017,1219,0.524,2.97,14.626,Y,2.53,64.97021,-167.60049,EE-02,30,33,6.4,3.4,137,44,15,2,0.01266485,69322,2,28.4,2,0,0,0,,,,,,,14.34088604,,1
-17410,162,201702,60,3,0,8252017,1219,0.524,2.97,14.626,Y,2.53,64.97021,-167.60049,EE-02,30,33,6.4,3.4,137,44,15,2,0.01266485,69322,2,33.4,2,0,0,0,,,,,,,23.81617794,,1
-17410,162,201702,60,3,0,8252017,1219,0.524,2.97,14.626,Y,2.53,64.97021,-167.60049,EE-02,30,33,6.4,3.4,137,44,15,2,0.01266485,69322,2,30.8,2,0,0,0,,,,,,,18.48337642,,1
-17410,162,201702,60,3,0,8252017,1219,0.524,2.97,14.626,Y,2.53,64.97021,-167.60049,EE-02,30,33,6.4,3.4,137,44,15,2,0.01266485,69322,2,29.2,2,0,0,0,,,,,,,15.64275508,,1
-17410,162,201702,60,3,0,8252017,1219,0.524,2.97,14.626,Y,2.53,64.97021,-167.60049,EE-02,30,33,6.4,3.4,137,44,15,2,0.01266485,69322,2,32,2,0,0,0,,,,,,,20.83066184,,1
-17410,162,201702,60,3,0,8252017,1219,0.524,2.97,14.626,Y,2.53,64.97021,-167.60049,EE-02,30,33,6.4,3.4,137,44,15,2,0.01266485,69322,2,35.6,2,0,0,0,,,,,,,29.07552016,,1
-17410,162,201702,60,3,0,8252017,1219,0.524,2.97,14.626,Y,2.53,64.97021,-167.60049,EE-02,30,33,6.4,3.4,137,44,15,2,0.01266485,69322,2,42.3,2,0,0,0,,,,,,,49.86332941,,1
-17410,162,201702,60,3,0,8252017,1219,0.524,2.97,14.626,Y,2.53,64.97021,-167.60049,EE-02,30,33,6.4,3.4,137,44,15,2,0.01266485,69322,2,80.5,2,0,0,0,,,,,,,373.1692261,,1
-17410,162,201702,60,3,0,8252017,1219,0.524,2.97,14.626,Y,2.53,64.97021,-167.60049,EE-02,30,33,6.4,3.4,137,44,15,2,0.01266485,69322,2,26.6,2,0,0,0,,,,,,,11.68495994,12,1
-17410,162,201702,60,3,0,8252017,1219,0.524,2.97,14.626,Y,2.53,64.97021,-167.60049,EE-02,30,33,6.4,3.4,137,44,15,2,0.01266485,69322,2,45,2,0,0,0,,,,,,,60.51125564,50,1
-17410,162,201702,60,3,0,8252017,1219,0.524,2.97,14.626,Y,2.53,64.97021,-167.60049,EE-02,30,33,6.4,3.4,137,44,15,2,0.01266485,69322,2,35.1,2,0,0,0,,,,,,,27.81716265,26,1
-17410,162,201702,60,3,0,8252017,1219,0.524,2.97,14.626,Y,2.53,64.97021,-167.60049,EE-02,30,33,6.4,3.4,137,44,15,2,0.01266485,69322,2,34.5,2,0,0,0,,,,,,,26.35667543,26,1
-17410,162,201702,60,3,0,8252017,1219,0.524,2.97,14.626,Y,2.53,64.97021,-167.60049,EE-02,30,33,6.4,3.4,137,44,15,2,0.01266485,69322,2,39.4,2,0,0,0,,,,,,,39.93026047,36,1
-17399,162,201702,56,3,0,8222017,1806,0.521,2.858,15.69,Y,2.4,65.01722,-169.12043,EE-18,47,49,6,4,183,44,15,2,0.013073841,69322,,,,,,,,,,,,,,,
-17398,162,201702,55,3,0,8222017,1454,0.517,2.882,16.17,Y,2.47,65.00784,-169.91102,EE-19,48,50,5.7,3,183,44,15,1,0.013586952,69322,,,,,,,,,,,,,,,
-17412,162,201702,62,3,0,8252017,1959,0.514,2.823,15.583,Y,2.204,65.32591,-168.36981,FF-01,51,53,6.2,3.7,183,44,15,2,0.012825668,69322,,,,,,,,,,,,,,,
-17411,162,201702,61,3,0,8252017,1640,0.522,2.919,14.458,Y,2.831,65.25698,-167.86932,FF-02,30,33,7.3,3.4,137,44,15,2,0.012304397,69322,2,52.6,2,0,0,0,,,,,,,98.58886059,,1
-17411,162,201702,61,3,0,8252017,1640,0.522,2.919,14.458,Y,2.831,65.25698,-167.86932,FF-02,30,33,7.3,3.4,137,44,15,2,0.012304397,69322,1,53.3,2,,,,,,,,,,107.0365091,104,1
-17411,162,201702,61,3,0,8252017,1640,0.522,2.919,14.458,Y,2.831,65.25698,-167.86932,FF-02,30,33,7.3,3.4,137,44,15,2,0.012304397,69322,1,71.2,2,,,,,,,,,,265.8051765,,1
-17400,162,201702,57,3,0,8222017,2048,0.515,2.828,14.909,Y,2.733,65.21764,-168.89474,FF-18,51,54,4.9,4,183,44,15,2,0.012292662,69322,,,,,,,,,,,,,,,
-17440,162,201702,89,3,0,9022017,1205,0.521,2.916,14.223,Y,2.885,60.6721,-168.01654,R-01,26,29,10,10.2,137,44,15,1,0.012091962,69322,,,,,,,,,,,,,,,
-17420,94,201702,57,3,0,8262017,1553,0.533,2.974,15.728,Y,2.164,60.67349,-167.31228,R-02,24,26,11,11,137,44,15,1,0.013637429,69322,,,,,,,,,,,,,,,
-17356,94,201702,17,3,0,8162017,1609,0.53,2.885,15.096,Y,2.403,60.66099,-166.65737,R-03,18,20,12.7,12.7,137,44,15,1,0.01269772,69322,,,,,,,,,,,,,,,
-17090,162,201702,13,3,0,8042017,739,0.512,2.791,15.526,Y,2.347,60.66639,-168.7065,R-18,35,37,8.8,8.2,137,44,15,1,0.012633901,69322,1,128.3,4,,,,,40.5,,,,,1690.242905,,1
-17079,94,201702,14,3,0,8042017,727,0.507,2.874,15.186,Y,2.411,60.67054,-169.37521,R-19,41,43,10.5,4.8,137,44,15,1,0.012724719,69322,2,104.9,2,5,1,6,,,,,,,876.9972825,714,1
-17089,162,201702,12,3,0,8032017,1559,0.513,2.774,16.667,Y,2.16,60.67508,-170.05565,R-20,47,49,10.8,1.5,183,44,15,2,0.013479753,69322,,,,,,,,,,,,,,,
-17078,94,201702,13,3,0,8032017,1520,0.506,2.687,16.281,Y,2.178,60.67064,-170.75633,R-21,56,58,11.5,-0.7,183,44,15,1,0.012754598,69322,,,,,,,,,,,,,,,
-17439,162,201702,88,3,0,9022017,910,0.521,2.902,14.475,Y,2.778,61.00562,-168.03519,S-01,27,30,10.1,9.3,137,44,15,1,0.012247121,69322,,,,,,,,,,,,,,,
-17419,94,201702,56,3,0,8262017,1316,0.532,2.942,16.317,Y,1.818,60.99729,-167.32733,S-02,21,23,10.8,10.8,137,44,15,1,0.013995906,69322,,,,,,,,,,,,,,,
-17357,94,201702,18,3,0,8162017,1902,0.534,3.049,14.897,Y,2.705,61.00993,-166.67181,S-03,17,20,12,11.9,137,44,15,1,0.013242631,69322,,,,,,,,,,,,,,,
-17091,162,201702,14,3,0,8042017,1020,0.515,2.829,15.73,Y,2.463,60.99402,-168.71334,S-18,34,36,9.5,8.7,137,44,15,1,0.012974174,69322,,,,,,,,,,,,,,,
-17080,94,201702,15,3,0,8042017,958,0.507,2.75,15.293,Y,2.391,60.99735,-169.43424,S-19,39,41,10.9,6,137,44,15,1,0.012261495,69322,1,184.9,2,,,,,68.3,,,,,5327.347678,,1
-17080,94,201702,15,3,0,8042017,958,0.507,2.75,15.293,Y,2.391,60.99735,-169.43424,S-19,39,41,10.9,6,137,44,15,1,0.012261495,69322,1,133.6,3,,,,,41.8,,,,,1919.433855,,1
-17088,162,201702,11,3,0,8032017,1323,0.532,2.935,16.66,Y,2.296,60.99503,-170.13331,S-20,46,48,10.8,1.3,183,44,15,2,0.014256113,69322,1,124.6,2,,,,,38.4,,,,,1541.79673,1626,1
-17077,94,201702,12,3,0,8032017,1244,0.51,2.751,16.375,Y,2.146,61.00328,-170.81818,S-21,51,53,10.5,-0.6,183,44,15,1,0.013133786,69322,,,,,,,,,,,,,,,
-17444,162,201702,87,3,0,9012017,1659,0.522,2.958,14.694,Y,2.802,61.33972,-168.0662,T-01,27,30,9.6,6.8,137,44,15,1,0.012672323,69322,2,119.2,2,4,1,5,,,,,,,1233.01259,,1
-17418,94,201702,55,3,0,8262017,1028,0.532,2.85,15.603,Y,2.242,61.34474,-167.37217,T-02,22,24,11,10.4,137,44,15,1,0.012964955,69322,,,,,,,,,,,,,,,
-17358,94,201702,19,3,0,8172017,730,0.536,3.092,15.198,Y,2.697,61.3304,-166.91177,T-03,18,21,11.8,11.8,137,44,15,1,0.013700738,69322,,,,,,,,,,,,,,,
-17092,162,201702,15,3,0,8042017,1253,0.523,2.955,15.575,Y,2.319,61.33044,-168.74267,T-18,32,34,10,8.9,137,44,15,1,0.013418488,69322,,,,,,,,,,,,,,,
-17081,94,201702,16,3,0,8042017,1230,0.509,2.795,15.731,Y,2.243,61.32645,-169.45852,T-19,38,40,10.9,4.4,137,44,15,1,0.01281906,69322,,,,,,,,,,,,,,,
-17087,162,201702,10,3,0,8032017,1026,0.519,2.845,16.474,Y,2.091,61.33137,-170.1774,T-20,45,47,10.7,-0.4,183,44,15,1,0.013664677,69322,,,,,,,,,,,,,,,
-17076,94,201702,11,3,0,8032017,1005,0.517,2.737,16.283,Y,2.139,61.33543,-170.84629,T-21,47,49,10.6,-0.7,183,44,15,2,0.012993533,69322,,,,,,,,,,,,,,,
-17074,94,201702,9,3,0,8022017,1813,0.506,2.761,16.389,Y,2.473,61.3312,-171.5116,T-22,53,55,11.8,-1.1,183,44,15,1,0.013192798,69322,,,,,,,,,,,,,,,
-17069,94,201702,4,3,0,8012017,1506,0.513,2.863,18.668,Y,2.025,61.33567,-172.25823,T-23,62,64,11.8,-1.4,229,44,15,1,0.015582501,69322,,,,,,,,,,,,,,,
-17068,94,201702,3,3,0,8012017,1236,0.339,1.79,17.711,Y,2.102,61.34035,-172.93407,T-24,66,68,11.5,-1.4,229,44,15,1,0.009243025,69322,,,,,,,,,,,,,,,
-17443,162,201702,86,3,0,9012017,1413,0.519,2.899,14.509,Y,2.864,61.66796,-168.0963,U-01,26,29,9.1,7.3,137,44,15,1,0.012263198,69322,,,,,,,,,,,,,,,
-17417,94,201702,54,3,0,8262017,744,0.532,2.925,15.54,Y,2.303,61.67795,-167.4185,U-02,22,24,10.8,9.5,137,44,15,1,0.013252412,69322,,,,,,,,,,,,,,,
-17359,94,201702,20,3,0,8172017,1117,0.535,3.042,15.398,Y,2.59,61.64634,-166.74446,U-03,19,22,12.5,12.4,137,44,15,1,0.013656568,69322,,,,,,,,,,,,,,,
-17347,162,201702,24,3,0,8152017,1109,0.516,2.852,15.571,Y,2.628,61.6664,-168.80322,U-18,34,37,8.5,3.3,137,44,15,1,0.012947445,69322,,,,,,,,,,,,,,,
-17348,162,201702,25,3,0,8152017,1414,0.513,2.873,15.696,Y,2.507,61.66581,-169.50274,U-19,39,42,9,0.9,137,44,15,2,0.013147484,69322,,,,,,,,,,,,,,,
-17086,162,201702,9,3,0,8032017,742,0.517,2.83,16.231,Y,2.458,61.673,-170.221,U-20,44,46,10.8,-0.5,183,44,15,2,0.013392133,69322,,,,,,,,,,,,,,,
-17075,94,201702,10,3,0,8032017,730,0.51,2.639,17.258,Y,2.301,61.67597,-170.90997,U-21,48,50,9.6,-1,183,44,15,1,0.013278466,69322,,,,,,,,,,,,,,,
-17073,94,201702,8,3,0,8022017,1532,0.505,2.734,16.165,Y,2.325,61.67415,-171.58834,U-22,53,55,11.2,-1.3,183,44,15,1,0.012885232,69322,,,,,,,,,,,,,,,
-17070,94,201702,5,3,0,8022017,726,0.517,2.735,17.116,Y,2.245,61.65951,-172.32618,U-23,59,61,10.5,-1.4,229,44,15,1,0.013648271,69322,,,,,,,,,,,,,,,
-17067,94,201702,2,3,0,8012017,1010,0.286,1.476,16.648,N,2.268,61.66846,-173.03584,U-24,63,65,10.6,-1.5,229,44,15,1,0.00716418,69322,,,,,,,,,,,,,,,
-17442,162,201702,85,3,0,9012017,1128,0.52,2.851,14.247,Y,2.936,62.00126,-168.126,V-01,26,29,8.6,6.8,137,44,15,1,0.011842371,69322,1,145.8,3,,,,,,,,,,2525.748618,,1
-17441,162,201702,84,3,0,9012017,840,0.524,2.942,15.145,Y,3,62.00017,-167.4425,V-02,23,26,9.4,7.9,137,44,15,1,0.012990623,69322,,,,,,,,,,,,,,,
-17360,94,201702,21,3,0,8172017,1424,0.537,2.897,15.567,Y,2,61.99927,-166.69886,V-03,19,21,13.4,11.8,137,44,15,1,0.013148356,69322,,,,,,,,,,,,,,,
-17346,162,201702,23,3,0,8152017,759,0.52,2.862,16.003,Y,2.482,61.99596,-168.84087,V-18,34,36,8.8,0.8,137,44,15,1,0.013353314,69322,,,,,,,,,,,,,,,
-17349,162,201702,26,3,0,8152017,1658,0.533,3.009,16.87,Y,2.269,62.00914,-169.54835,V-19,40,42,8.7,-0.6,183,44,15,1,0.014799782,69322,,,,,,,,,,,,,,,
-17352,162,201702,28,3,0,8162017,803,0.52,2.767,16.435,Y,2.455,62.00291,-170.25688,V-20,44,46,8.8,-0.9,183,44,15,1,0.013258577,69322,,,,,,,,,,,,,,,
-17085,162,201702,8,3,0,8022017,1715,0.512,2.824,16.762,Y,2.331,61.99606,-170.96093,V-21,48,50,10.8,-1.1,183,44,15,1,0.013800937,69322,,,,,,,,,,,,,,,
-17072,94,201702,7,3,0,8022017,1249,0.508,2.727,15.731,Y,2.419,61.99557,-171.65183,V-22,49,51,11.2,-1.1,229,44,15,1,0.012507183,69322,,,,,,,,,,,,,,,
-17071,94,201702,6,3,0,8022017,1004,0.505,2.825,15.73,Y,2.509,61.99573,-172.36478,V-23,52,55,10.1,-1.2,183,44,15,1,0.012955829,69322,,,,,,,,,,,,,,,
-17066,94,201702,1,3,0,8012017,731,0.519,2.686,16.648,N,2.4,62.00502,-173.08487,V-24,56,58,11,-1.5,229,44,15,1,0.013037254,69322,,,,,,,,,,,,,,,
-17436,162,201702,81,3,0,8312017,1147,0.517,2.883,14.764,Y,2.961,62.33369,-168.15468,W-01,28,31,8.4,8.2,137,44,15,1,0.012409855,69322,,,,,,,,,,,,,,,
-17438,162,201702,83,3,0,8312017,1852,0.519,2.871,14.603,Y,2.993,62.33883,-167.43722,W-02,24,27,8.9,8.4,137,44,15,1,0.012223436,69322,,,,,,,,,,,,,,,
-17361,94,201702,22,3,0,8172017,1713,0.541,2.931,15.196,Y,2.586,62.3255,-166.72352,W-03,19,22,11.8,11.2,137,44,15,1,0.012985633,69322,,,,,,,,,,,,,,,
-17235,162,201702,18,3,0,8112017,1711,0.524,2.951,15.848,Y,2.618,62.33254,-168.87068,W-18,32,35,12,0.8,137,44,15,2,0.013635206,69322,,,,,,,,,,,,,,,
-17350,162,201702,27,3,0,8152017,1948,0.514,2.842,14.518,Y,2.648,62.33285,-169.59543,W-19,34,37,7.6,0.5,137,44,15,1,0.012029537,69322,,,,,,,,,,,,,,,
-17353,162,201702,29,3,0,8162017,1104,0.51,2.85,15.123,Y,2.703,62.34174,-170.28428,W-20,37,40,8,0.9,137,44,15,1,0.01256611,69322,,,,,,,,,,,,,,,
-17084,162,201702,7,3,0,8022017,1413,0.519,2.828,16.098,Y,2.481,62.33773,-171.05503,W-21,41,43,10.5,-0.5,183,44,15,1,0.013273008,69322,,,,,,,,,,,,,,,
-17083,162,201702,6,3,0,8022017,1103,0.516,2.833,15.606,Y,2.536,62.33721,-171.7271,W-22,45,48,10.3,-1,183,44,15,1,0.012890098,69322,,,,,,,,,,,,,,,
-17082,162,201702,5,3,0,8022017,738,0.509,2.804,16.299,Y,2.405,62.33073,-172.44562,W-23,52,54,10.4,-1.4,183,44,15,1,0.013324687,69322,,,,,,,,,,,,,,,
-17065,162,201702,4,3,0,8012017,1521,0.519,2.851,16.808,Y,2.24,62.34322,-173.17429,W-24,58,60,10.3,-1.5,229,44,15,1,0.013971122,69322,,,,,,,,,,,,,,,
-17064,162,201702,3,3,0,8012017,1248,0.513,2.801,17.925,Y,2.202,62.34185,-173.88367,W-25,62,64,10.3,-1.6,229,44,15,1,0.014638289,69322,,,,,,,,,,,,,,,
-17063,162,201702,2,3,0,8012017,1006,0.505,2.76,16.729,Y,2.321,62.34029,-174.64544,W-26,69,71,10.4,-1.6,229,44,15,1,0.013461613,69322,,,,,,,,,,,,,,,
-17062,162,201702,1,3,0,8012017,742,0.519,2.809,17.283,Y,2.254,62.33537,-175.29846,W-27,77,79,10.3,-1.5,274,44,15,1,0.014154317,69322,,,,,,,,,,,,,,,
-17435,162,201702,80,3,0,8312017,837,0.509,2.855,14.456,Y,3.021,62.6582,-168.18624,X-01,31,34,8.5,7.9,137,44,15,1,0.012032955,69322,,,,,,,,,,,,,,,
-17437,162,201702,82,3,0,8312017,1614,0.521,2.876,14.666,Y,2.991,62.66205,-167.4697,X-02,25,28,9,7.6,137,44,15,1,0.01229755,69322,,,,,,,,,,,,,,,
-17370,94,201702,23,3,0,8182017,826,0.535,2.739,15.892,Y,2.524,62.64254,-166.74871,X-03,23,26,11,8.6,137,44,15,1,0.012690789,69322,,,,,,,,,,,,,,,
-17234,162,201702,17,3,0,8112017,1157,0.524,2.866,14.723,Y,2.663,62.66072,-168.9003,X-18,33,36,12.6,1.3,137,44,15,1,0.01230242,69322,,,,,,,,,,,,,,,
-17325,162,201702,22,3,0,8142017,1907,0.536,3.045,15.718,Y,2.327,62.66808,-169.5996,X-19,38,40,7.3,6.9,183,44,15,2,0.013954125,69322,,,,,,,,,,,,,,,
-17354,162,201702,30,3,0,8162017,1401,0.531,3.044,16.111,Y,2.414,62.67032,-170.36448,X-20,40,42,7,3.8,183,44,15,2,0.014298326,69322,,,,,,,,,,,,,,,
-17355,162,201702,31,3,0,8162017,1650,0.524,2.857,16.429,Y,2.373,62.66837,-171.08539,X-21,43,45,4.7,0,183,44,15,1,0.01368483,69322,,,,,,,,,,,,,,,
-17364,162,201702,34,3,0,8172017,1444,0.497,2.725,15.416,Y,2.398,62.66896,-171.81505,X-22,47,49,8.1,-0.9,183,44,15,1,0.012247748,69322,,,,,,,,,,,,,,,
-17365,162,201702,35,3,0,8172017,1921,0.514,2.824,15.9,Y,2.255,62.66936,-172.45574,X-23,52,54,8.9,-0.8,183,44,15,1,0.013091212,69322,,,,,,,,,,,,,,,
-17368,162,201702,38,3,0,8182017,1359,0.492,2.761,17.919,Y,2.057,62.66956,-173.18391,X-24,62,64,9.2,-1.5,229,44,15,1,0.014424415,69322,,,,,,,,,,,,,,,
-17367,162,201702,37,3,5.1,8182017,1120,0.36,1.994,18.003,Y,2.118,62.66693,-173.9141,X-25,67,69,9.6,-1.5,229,44,15,1,0.010466177,69322,,,,,,,,,,,,,,,
-17366,162,201702,36,3,0,8182017,829,0.517,2.837,17.258,Y,2.15,62.67109,-174.63527,X-26,71,73,8.2,-1.4,274,44,15,1,0.014274728,69322,,,,,,,,,,,,,,,
-17431,162,201702,76,3,0,8292017,841,0.488,2.687,14.572,Y,2.956,63.00573,-168.22302,Y-01,37,40,9.2,7.7,137,44,15,1,0.011415761,69322,,,,,,,,,,,,,,,
-17434,162,201702,79,3,0,8292017,1821,0.513,2.884,14.791,Y,2.778,62.99925,-167.48401,Y-02,31,34,9.6,6.7,137,44,15,1,0.012436862,69322,,,,,,,,,,,,,,,
-17371,94,201702,24,3,0,8182017,1133,0.515,2.739,15.819,Y,2.377,62.99165,-166.75021,Y-03,26,28,9.1,5.8,137,44,15,1,0.012632494,69322,,,,,,,,,,,,,,,
-17372,94,201702,25,3,0,8182017,1425,0.527,2.851,15.35,Y,2.438,63.00171,-166.03441,Y-04,19,21,10.2,10.1,137,44,15,1,0.012759206,69322,,,,,,,,,,,,,,,
-17233,162,201702,16,3,0,8112017,759,0.54,3.037,15.071,Y,2.526,62.93308,-168.98958,Y-18,27,30,10.2,2,137,44,15,1,0.01334458,69322,,,,,,,,,,,,,,,
-17324,162,201702,21,3,0,8142017,1519,0.529,3.033,16.369,Y,2.383,62.94703,-170.46985,Y-20,40,42,4.1,1,183,44,15,2,0.014474801,69322,,,,,,,,,,,,,,,
-17323,162,201702,20,3,0,8142017,1130,0.536,2.952,17.048,N,2.033,62.99627,-171.11875,Y-21,45,47,6.2,-0.4,183,44,15,2,0.014672625,69322,,,,,,,,,,,,,,,
-17363,162,201702,33,3,0,8172017,1037,0.508,2.785,16.014,Y,2.268,63.00052,-171.79863,Y-22,51,53,8.5,-0.3,183,44,15,1,0.013002985,69322,,,,,,,,,,,,,,,
-17381,162,201702,43,3,0,8192017,1425,0.523,2.895,17.64,Y,1.999,63.00844,-172.60711,Y-23,59,61,8.4,-1.2,229,44,15,1,0.014888988,69322,,,,,,,,,,,,,,,
-17379,162,201702,41,3,0,8192017,1111,0.504,2.734,17.771,Y,1.923,62.99536,-173.23229,Y-24,66,68,9.5,-1.5,229,44,15,1,0.014165386,69322,,,,,,,,,,,,,,,
-17369,162,201702,39,3,0,8182017,1738,0.501,2.769,18.932,Y,1.918,62.99291,-174.00057,Y-25,72,74,10.4,-1.4,274,44,15,1,0.015284016,69322,,,,,,,,,,,,,,,
-17432,162,201702,77,3,0,8292017,1213,0.519,2.896,14.255,Y,3.081,63.32491,-168.24356,ZZ-01,24,27,9.6,7.8,137,44,15,1,0.012036045,69322,,,,,,,,,,,,,,,
-17433,162,201702,78,3,0,8292017,1539,0.516,2.872,14.648,Y,2.879,63.33061,-167.50802,ZZ-02,30,33,10.4,6.4,137,44,15,1,0.012265374,69322,,,,,,,,,,,,,,,
-17407,94,201702,53,3,0,8252017,1446,0.527,2.975,15.852,Y,2.248,63.30944,-166.78954,ZZ-03,24,26,9.8,6.7,137,44,15,1,0.013749569,69322,,,,,,,,,,,,,,,
-17373,94,201702,26,3,0,8182017,1726,0.532,2.867,15.564,Y,2.465,63.3369,-166.02704,ZZ-04,21,23,10.7,6.9,137,44,15,1,0.01300969,69322,,,,,,,,,,,,,,,
-17374,94,201702,27,3,6.21,8192017,829,0.528,2.708,14.852,Y,2.491,63.32452,-165.34078,ZZ-05,14,16,11.5,11.5,91,44,15,1,0.011726047,69322,,,,,,,,,,,,,,,
-17322,162,201702,19,3,4.1,8142017,809,0.529,2.9,15.068,N,2.645,63.261,-171.11632,ZZ-21,31,34,2.1,0.5,137,44,15,1,0.012740065,69322,,,,,,,,,,,,,,,
-17362,162,201702,32,3,1.12,8172017,812,0.315,1.703,17.192,Y,2.184,63.3188,-171.91757,ZZ-22,58,60,6.7,-0.3,229,44,15,1,0.008536092,69322,,,,,,,,,,,,,,,
-17382,162,201702,44,3,0,8192017,1658,0.524,2.954,16.363,Y,2.213,63.32529,-172.69137,ZZ-23,63,65,8.3,-1,229,44,15,1,0.014092611,69322,,,,,,,,,,,,,,,
-17378,162,201702,40,3,0,8192017,829,0.507,2.772,16.337,Y,2.262,63.33603,-173.41213,ZZ-24,69,71,9.1,-1.1,229,44,15,1,0.013203333,69322,,,,,,,,,,,,,,,
