Year,Haul ,Spcode,Sample_kg,Sample_n,Whole_kg,Whole_n,Comments
2023,1,69322,,,13.57,34,
2023,1,10120,,,,,
2023,1,21722,,,2.8,1,
2023,1,21742,,,,,
2023,1,81742,34.38,461,,,
2023,1,10285,,,,,
2023,1,66570,1.281,87,,,
2023,1,80200,1.162,6,,,
2023,1,66548,0.134,59,,,
2023,1,99999,5.96,,,,
2023,1,21375,,,,,
2023,1,23801,0.004,1,,,
2023,1,21735,1.188,16,,,
2023,1,43000,2.778,80,,,
2023,1,41201,0.006,1,,,
2023,1,10210,0.126,10,,,
2023,1,10220,10.6,18,,,
2023,1,80020,0.702,3,,,
2023,1,68781,2.429,15,,,
2023,1,83020,0.174,2,,,
2023,1,98310,0.24,1,,,
2023,1,82510,0.26,4,,,
2023,1,81095,0.092,5,,,
2023,1,85200,0.024,2,,,
2023,1,69061,0.194,18,,,
2023,1,66601,0.023,2,,,
2023,1,66050,0.008,3,,,
2023,1,66045,0.038,19,,,
2023,1,66203,0.046,10,,,
2023,1,66530,0.056,21,,,
2023,1,68577,0.068,2,,,
2023,1,69090,0.013,1,,,
2023,1,21388,0.029,2,,,
2023,1,21313,0.004,1,,,
2023,2,69322,,,49.3,64,
2023,2,10120,,,,,
2023,2,21722,,,,,
2023,2,21742,,,7.95,3,
2023,2,81742,37.36,380,,,
2023,2,10285,0.416,13,,,
2023,2,66570,2.015,571,,,
2023,2,80200,1.56,7,,,
2023,2,66548,0.04,17,,,
2023,2,99999,6.416,,,,
2023,2,21375,0.373,6,,,
2023,2,23801,0.134,9,,,
2023,2,21735,2.263,36,,,
2023,2,43000,0.375,13,,,
2023,2,41201,0.017,2,,,
2023,2,10210,7.2,156,,,
2023,2,20061,0.008,2,,,
2023,2,20041,0.006,2,,,
2023,2,80020,3.553,11,,,
2023,2,21725,0.07,1,,,
2023,2,21405,0.004,1,,,
2023,2,23804,0.013,1,,,
2023,2,24180,0.301,2,,,
2023,2,22200,0.004,1,,,
2023,2,21388,0.095,1,,,
2023,2,21313,0.015,1,,,
2023,2,68781,0.245,1,,,
2023,2,68577,0.014,1,,,
2023,2,98310,0.055,1,,,
2023,2,71511,0.007,1,,,
2023,2,95020,0.011,4,,,
2023,2,83020,0.149,2,,,
2023,2,69061,0.04,3,,,
2023,2,75241,0.012,1,,,
2023,2,10220,1.372,4,,,
2023,2,66530,0.059,24,,,
2023,2,66045,0.041,21,,,
2023,2,66050,0.032,8,,,
2023,3,69322,,,49.19,59,
2023,3,10120,,,,,
2023,3,21722,,,,,
2023,3,21742,,,4.18,2,
2023,3,81742,26.3,226,,,
2023,3,10285,0.52,6,,,
2023,3,66570,0.248,76,,,
2023,3,80200,0.912,5,,,
2023,3,66548,0.006,6,,,
2023,3,99999,0.182,,,,
2023,3,21375,0.087,1,,,
2023,3,23801,0.012,1,,,
2023,3,21735,1.06,16,,,
2023,3,43000,,,,,
2023,3,41201,,,,,
2023,3,10210,2.7,100,,,
2023,3,10220,5.2,8,,,
2023,3,80020,3.42,11,,,
2023,3,66530,0.007,3,,,
2023,3,66045,0.042,22,,,
2023,3,10140,0.025,3,,,
2023,3,68781,0.213,1,,,
2023,3,68580,0.04,4,,,
2023,3,69061,0.001,1,,,
2023,3,95020,0.001,1,,,
2023,3,21741,0.009,1,,,
2023,4,69322,,,13.15,14,
2023,4,10120,,,,,
2023,4,21722,,,1.4,1,
2023,4,21742,,,4.4,2,
2023,4,81742,9.75,137,,,
2023,4,10285,3.62,20,,,
2023,4,66570,0.07,14,,,
2023,4,80200,1.361,7,,,
2023,4,66548,,,,,
2023,4,99999,1.548,,,,
2023,4,21375,1.734,7,,,
2023,4,23801,0.021,1,,,
2023,4,21735,0.92,15,,,
2023,4,43000,,,,,
2023,4,41201,0.002,1,,,
2023,4,10210,1.07,27,,,
2023,4,20322,1.04,1,,,
2023,4,10220,21.59,42,,,
2023,4,80020,4.435,13,,,
2023,4,66045,0.042,11,,,
2023,4,66530,0.004,1,,,
2023,4,71511,0.012,3,,,
2023,4,68580,0.05,5,,,
2023,4,80595,0.083,10,,,
2023,4,40500,0.056,1,,,
2023,4,20041,0.056,2,,,
2023,4,20061,0.022,1,,,
2023,4,21388,0.025,1,,,
2023,4,21741,0.061,5,,,
2023,4,10140,0.023,3,,,
2023,5,69322,,,0.286,1,
2023,5,10120,,,,,
2023,5,21722,,,24.35,5,
2023,5,21742,,,4.25,2,
2023,5,81742,16.5,167,,,
2023,5,10285,1.48,15,,,
2023,5,66570,0.152,36,,,
2023,5,80200,6.64,33,,,
2023,5,66548,,,,,
2023,5,99999,3.892,,,,
2023,5,21375,,,,,
2023,5,23801,,,,,
2023,5,21735,0.442,5,,,
2023,5,43000,,,,,
2023,5,41201,,,,,
2023,5,10210,2.832,19,,,
2023,5,10220,3.32,7,,,
2023,5,80020,2.0916,10,,,
2023,5,80595,0.124,13,,,
2023,5,10211,0.074,2,,,
2023,5,83020,0.198,2,,,
2023,5,98310,0.052,1,,,
2023,5,40500,0.188,4,,,
2023,5,56312,0.004,5,,,
2023,5,71639,0.004,1,,,
2023,5,66530,0.004,2,,,
2023,5,69061,0.028,1,,,
2023,5,68580,0.016,1,,,
2023,6,69322,,,4.45,3,
2023,6,10120,,,,,
2023,6,21722,,,4.78,1,
2023,6,21742,,,8.06,5,
2023,6,81742,31.55,390, ,,
2023,6,10285,6.308,23,,,
2023,6,66570,0.332,77,,,
2023,6,80200,1.006,12,,,
2023,6,66548,0.004,2,,,
2023,6,99999,0.426,,,,
2023,6,21375,1.486,1,,,
2023,6,23801,0.004,2,,,
2023,6,21735,,,,,
2023,6,43000,,,,,
2023,6,41201,,,,,
2023,6,10210,2.132,28,,,
2023,6,10220,0.824,2,,,
2023,6,80020,1.73,6,,,
2023,6,10211,0.18,4,,,
2023,6,80595,0.138,21,,,
2023,6,83020,1.036,9,,,
2023,6,69061,0.04,4,,,
2023,6,68577,0.028,1,,,
2023,6,10140,0.03,2,,,
2023,6,40500,0.036,1,,,
2023,6,98000,0.043,13,,,
2023,6,66530,0.022,7,,,
2023,7,69322,,,,,
2023,7,10120,,,,,
2023,7,21722,,,,,
2023,7,21742,,,30.4,21,
2023,7,81742,15.55,332,,,
2023,7,10285,5.592,3,,,
2023,7,66570,0.41,87,,,
2023,7,80200,0.89,16,,,
2023,7,66548,,,,,
2023,7,99999,0.892,,,,
2023,7,21375,2.938,3,,,
2023,7,23801,0.054,4,,,
2023,7,21735,0.024,2,,,
2023,7,43000,,,,,
2023,7,41201,0.088,3,,,
2023,7,10210,2.984,27,,,
2023,7,10220,1.382,1,,,
2023,7,98310,1.276,4,,,
2023,7,80590,0.482,3,,,
2023,7,83020,4.788,30,,,
2023,7,71511,0.568,78,,,
2023,7,80595,2.418,163,,,
2023,7,82510,0.948,11,,,
2023,7,80020,1.15,1,,,
2023,7,69086,0.192,5,,,
2023,7,69120,1.412,26,,,
2023,7,83000,0.042,15,,,
2023,7,66530,0.05,21,,,
2023,7,66045,0.024,2,,,
2023,7,10140,0.062,8,,,
2023,7,21721,0.054,2,,,
2023,7,23041,0.018,1,,,
2023,7,68580,0.072,4,,,
2023,7,68577,0.082,3,,,
2023,7,69061,0.046,2,,,
2023,7,40500,0.212,4,,,
2023,7,98000,0.036,9,,,
2023,7,74562,0.036,2,,,
2023,7,98082,0.028,2,,,
2023,7,81095,0.064,3,,,
2023,7,50010,0.022,20,,,
2023,7,91000,0.002,1,,,
2023,7,95060,0.002,1,,,
2023,8,69322,,,,,
2023,8,10120,,,,,
2023,8,21722,,,4.78,1,
2023,8,21742,,,5.07,3,
2023,8,81742,19.8,140,,,
2023,8,10285,0.37,1,,,
2023,8,66570,0.072,18,,,
2023,8,80200,0.376,3,,,
2023,8,66548,,,,,
2023,8,99999,6.302,,,,
2023,8,21375,2.952,2,,,
2023,8,23801,0.048,3,,,
2023,8,21735,0.132,1,,,
2023,8,43000,0.014,1,,,
2023,8,41201,0.038,1,,,
2023,8,10210,0.308,7,,,
2023,8,471,,,8.85,1,
2023,8,68577,0.66,13,,,
2023,8,83020,3.22,26,,,
2023,8,10140,0.014,3,,,
2023,8,80595,1.88,129,,,
2023,8,10220,2.044,3,,,
2023,8,80020,0.038,1,,,
2023,8,82510,0.082,1,,,
2023,8,40500,0.032,1,,,
2023,8,80590,0.308,2,,,
2023,8,69086,1.312,23,,,
2023,8,69120,4.75,69,,,
2023,8,95060,0.002,1,,,
2023,8,,0.012,1,,,
2023,8,98000,0.008,4,,,
2023,8,23041,0.01,1,,,
2023,8,83000,0.078,30,,,
2023,8,66530,0.006,3,,,
2023,8,98310,2.095,5,,,
2023,8,98082,0.665,19,,,
2023,9,69322,,,,,
2023,9,10120,,,,,
2023,9,21722,,,3.95,1,
2023,9,21742,,,7.75,5,
2023,9,81742,21.16,203,,,
2023,9,10285,0.476,4,,,
2023,9,66570,0.098,27,,,
2023,9,80200,2.336,7,,,
2023,9,66548,,,,,
2023,9,99999,5.488,,,,
2023,9,21375,0.992,1,,,
2023,9,23801,,,,,
2023,9,21735,,,,,
2023,9,43000,0.114,14,,,
2023,9,41201,0.04,2,,,
2023,9,10210,0.244,4,,,
2023,9,80595,0.718,59,,,
2023,9,98082,1.856,72,,,
2023,9,68577,0.334,6,,,
2023,9,83020,0.482,2,,,
2023,9,69086,2.292,52,,,
2023,9,66530,0.002,1,,,
2023,9,69120,5.25,97,,,
2023,9,71001,0.032,2,,,
2023,9,69061,0.006,1,,,
2023,9,74562,0.116,14,,,
2023,9,54030,0.002,2,,,
2023,9,,0.016,2,,,
2023,9,56311,0.002,1,,,
2023,10,69322,,,2.17,2,
2023,10,10120,,,,,
2023,10,21722,,,14.45,2,
2023,10,21742,,,1.6,1,
2023,10,81742,18.45,356,,,
2023,10,10285,0.228,2,,,
2023,10,66570,0.058,15,,,
2023,10,80200,0.062,1,,,
2023,10,66548,0.001,2,,,
2023,10,99999,3.758,,,,
2023,10,21375,,,,,
2023,10,23801,0.002,1,,,
2023,10,21735,0.058,1,,,
2023,10,43000,1.178,52,,,
2023,10,41201,1.933,91,,,
2023,10,10210,0.606,10,,,
2023,10,80595,0.232,25,,,
2023,10,83020,1.05,13,,,
2023,10,98310,2.536,13,,,
2023,10,40500,0.242,2,,,
2023,10,80590,0.098,1,,,
2023,10,56312,0.001,1,,,
2023,10,21741,0.04,5,,,
2023,10,10140,0.026,4,,,
2023,10,68580,0.018,1,,,
2023,10,68577,0.02,1,,,
2023,10,69061,0.024,3,,,
2023,10,95060,0.018,2,,,
2023,10,,0.008,1,,,
2023,10,69120,7.73,147,,,
2023,10,56311,0.001,1,,,
2023,10,69086,1.836,30,,,
2023,10,66530,0.018,8,,,
2023,11,69322,,,5.2,4,
2023,11,10120,,,,,
2023,11,21722,,,8.22,3,
2023,11,21742,,,9.46,6,
2023,11,81742,28.44,402,,,
2023,11,10285,3.214,10,,,
2023,11,66570,0.11,27,,,
2023,11,80200,0.086,3,,,
2023,11,66548,0.001,1,,,
2023,11,99999,3.046,,,,
2023,11,21375,,,,,
2023,11,23801,,,,,
2023,11,21735,,,,,
2023,11,43000,0.398,23,,,
2023,11,41201,0.144,8,,,
2023,11,10210,0.728,14,,,
2023,11,83020,0.606,6,,,
2023,11,69120,3.594,45,,,
2023,11,69086,0.204,2,,,
2023,11,69090,0.068,1,,,
2023,11,80020,1.486,4,,,
2023,11,98310,2.702,20,,,
2023,11,,0.034,4,,,
2023,11,80595,0.006,1,,,
2023,11,82510,0.044,1,,,
2023,11,83000,0.036,12,,,
2023,11,66530,0.006,4,,,
2023,12,69322,,,5.39,4,
2023,12,10120,,,,,
2023,12,21722,,,9.7,2,
2023,12,21742,,,,,
2023,12,81742,17.43,208,,,
2023,12,10285,4.764,65,,,
2023,12,66570,0.028,27,,,
2023,12,80200,1.53,61,,,
2023,12,66548,0.002,1,,,
2023,12,99999,1.118,,,,
2023,12,21375,1.398,1,,,
2023,12,23801,0.002,1,,,
2023,12,21735,0.362,3,,,
2023,12,43000,0.144,1,,,
2023,12,41201,0.128,10,,,
2023,12,10210,2.278,39,,,
2023,12,80020,1.032,1,,,
2023,12,98310,1.432,7,,,
2023,12,40500,3.454,11,,,
2023,12,10220,2.02,2,,,
2023,12,98082,0.59,41,,,
2023,12,66530,0.004,1,,,
2023,12,83020,0.172,1,,,
2023,12,10140,0.01,1,,,
2023,12,69061,0.042,2,,,
2023,12,69120,0.942,18,,,
2023,12,74311,0.004,1,,,
2023,12,69090,0.052,1,,,
2023,12,74562,0.004,1,,,
2023,13,69322,,,3.96,3,
2023,13,10120,,,4.28,2,
2023,13,21722,,,12.38,2,
2023,13,21742,,,1.32,1,
2023,13,81742,20.78,301,,,
2023,13,10285,5.28,70,,,
2023,13,66570,0.206,53,,,
2023,13,80200,9.98,41,,,
2023,13,66548,0.008,4,,,
2023,13,99999,3.012,,,,
2023,13,21375,0.032,1,,,
2023,13,23801,0.006,2,,,
2023,13,21735,1.596,18,,,
2023,13,43000,,,,,
2023,13,41201,0.102,8,,,
2023,13,10210,2.398,59,,,
2023,13,80020,2.216,5,,,
2023,13,98310,1.62,9,,,
2023,13,40500,2.398,11,,,
2023,13,10220,3.766,4,,,
2023,13,80595,0.126,21,,,
2023,13,69120,0.316,4,,,
2023,13,75241,0.044,1,,,
2023,13,71001,0.018,2,,,
2023,13,83020,0.064,1,,,
2023,13,98082,0.004,1,,,
2023,13,10211,0.014,1,,,
2023,13,21721,0.058,3,,,
2023,13,21741,0.008,1,,,
2023,13,20061,0.008,1,,,
2023,13,24180,0.054,1,,,
2023,13,71511,0.002,1,,,
2023,13,68577,0.002,1,,,
2023,14,69322,,,7.04,6,
2023,14,10120,,,2.156,1,
2023,14,21722,,,,,
2023,14,21742,,,,,
2023,14,81742,26,277,,,
2023,14,10285,0.504,10,,,
2023,14,66570,,,,,
2023,14,80200,1.898,9,,,
2023,14,66548,0.048,11,,,
2023,14,99999,1.562,,,,
2023,14,21375,1.26,3,,,
2023,14,23801,0.022,1,,,
2023,14,21735,1.234,15,,,
2023,14,43000,0.084,4,,,
2023,14,41201,0.008,1,,,
2023,14,10210,5.64,120,,,
2023,14,10220,6.984,6,,,
2023,14,98310,0.324,2,,,
2023,14,80020,2.556,6,,,
2023,14,40500,0.902,5,,,
2023,14,75241,0.112,2,,,
2023,14,69120,0.072,1,,,
2023,14,80595,0.052,6,,,
2023,14,21741,0.01,1,,,
2023,14,68781,0.1,1,,,
2023,14,50301,0.002,1,,,
2023,15,69322,,,11.87,9,
2023,15,10120,,,,,
2023,15,21722,,,,,
2023,15,21742,,,,,
2023,15,81742,28.47,245,,,
2023,15,10285,1.862,42,,,
2023,15,66570,0.074,13,,,
2023,15,80200,4.682,15,,,
2023,15,66548,,,,,
2023,15,99999,0.34,,,,
2023,15,21375,1.268,4,,,
2023,15,23801,0.022,1,,,
2023,15,21735,0.582,8,,,
2023,15,43000,,,,,
2023,15,41201,,,,,
2023,15,10210,2.682,80,,,
2023,15,40500,0.332,2,,,
2023,15,10220,1.71,2,,,
2023,15,80595,0.132,12,,,
2023,15,21741,0.192,14,,,
2023,15,10211,0.038,1,,,
2023,15,21110,0.062,1,,,
2023,15,21313,0.036,1,,,
2023,15,66530,0.004,1,,,
2023,16,69322,,,7.74,7,
2023,16,10120,,,,,
2023,16,21722,,,2.46,1,
2023,16,21742,,,1.58,1,
2023,16,81742,25,245,,,
2023,16,10285,2.168,34,,,
2023,16,66570,0.07,14,,,
2023,16,80200,1.502,5,,,
2023,16,66548,0.004,2,,,
2023,16,99999,1.256,,,,
2023,16,21375,0.432,3,,,
2023,16,23801,,,,,
2023,16,21735,0.226,3,,,
2023,16,43000,0.946,26,,,
2023,16,41201,0.29,33,,,
2023,16,10210,7.28,122,,,
2023,16,471,,,9.46,1,
2023,16,10220,0.657,1,,,
2023,16,80020,1.02,1,,,
2023,16,21313,0.036,1,,,
2023,16,98082,0.27,14,,,
2023,16,98310,1.626,5,,,
2023,16,83020,0.126,2,,,
2023,16,82510,0.034,1,,,
2023,16,75284,0.052,2,,,
2023,16,71001,0.042,20,,,
2023,16,69120,4.12,59,,,
2023,16,69090,0.242,4,,,
2023,16,71511,0.002,1,,,
2023,16,10211,0.056,2,,,
2023,16,68580,0.038,1,,,
2023,16,80595,0.034,3,,,
2023,16,21741,0.008,1,,,
2023,16,71884,0.312,2,,,
2023,17,69322,,,1.48,1,
2023,17,10120,,,,,
2023,17,21722,,,13.42,2,
2023,17,21742,,,2.38,1,
2023,17,81742,23.38,301,,,
2023,17,10285,3.98,18,,,
2023,17,66570,0.002,1,,,
2023,17,80200,2.994,11,,,
2023,17,66548,0.006,3,,,
2023,17,99999,1.082,,,,
2023,17,21375,2.024,3,,,
2023,17,23801,0.194,3,,,
2023,17,21735,,,,,
2023,17,43000,0.22,5,,,
2023,17,41201,0.054,6,,,
2023,17,10210,6.982,97,,,
2023,17,68580,0.424,2,,,
2023,17,10220,1.858,1,,,
2023,17,80020,0.724,1,,,
2023,17,69120,0.696,5,,,
2023,17,69090,0.15,1,,,
2023,17,21721,0.072,2,,,
2023,17,83020,0.084,1,,,
2023,17,98310,0.118,1,,,
2023,17,40500,0.022,1,,,
2023,17,98082,0.002,1,,,
2023,17,50301,0.002,1,,,
2023,18,69322,,,4.16,6,
2023,18,10120,,,,,
2023,18,21722,,,,,
2023,18,21742,,,2.46,1,
2023,18,81742,23.85,453,,,
2023,18,10285,0.814,33,,,
2023,18,66570,0.012,2,,,
2023,18,80200,,,,,
2023,18,66548,0.012,8,,,
2023,18,99999,0.448,,,,
2023,18,21375,1.592,3,,,
2023,18,23801,,,,,
2023,18,21735,0.406,10,,,
2023,18,43000,,,,,
2023,18,41201,0.024,2,,,
2023,18,10210,17.72,158,,,
2023,18,21741,0.178,14,,,
2023,18,80020,0.862,1,,,
2023,18,21110,0.076,1,,,
2023,18,98310,0.284,1,,,
2023,19,69322,,,17.43,17,
2023,19,10120,,,,,
2023,19,21722,,,,,
2023,19,21742,,,,,
2023,19,81742,33.15,585,,,
2023,19,10285,0.808,29,,,
2023,19,66570,0.028,5,,,
2023,19,80200,2.436,10,,,
2023,19,66548,0.006,7,,,
2023,19,99999,0.234,,,,
2023,19,21375,1.101,1,,,
2023,19,23801,0.064,3,,,
2023,19,21735,1.208,21,,,
2023,19,43000,0.052,2,,,
2023,19,41201,,,,,
2023,19,10210,1.936,54,,,
2023,19,69090,0.242,,,,
2023,19,40500,1.18,4,,,
2023,19,80020,0.55,1,,,
2023,19,21110,0.46,5,,,
2023,19,68577,0.006,1,,,
2023,19,20061,0.022,1,,,
2023,19,21741,0.006,1,,,
2023,19,21725,0.024,1,,,
2023,19,50301,0.004,3,,,
2023,19,66530,0.002,2,,,
2023,20,69322,,,8.31,8,
2023,20,10120,,,,,
2023,20,21722,,,,,
2023,20,21742,,,2.45,1,
2023,20,81742,38.97,429,,,
2023,20,10285,0.022,1,,,
2023,20,66570,0.014,7,,,
2023,20,80200,2.07,10,,,
2023,20,66548,0.054,43,,,
2023,20,99999,0.66,,,,
2023,20,21375,0.026,1,,,
2023,20,23801,,,,,
2023,20,21735,0.468,10,,,
2023,20,43000,,,,,
2023,20,41201,,,,,
2023,20,10210,2.6,36,,,
2023,20,21741,0.17,23,,,
2023,20,40500,1.1,3,,,
2023,20,66045,0.018,12,,,
2023,20,66530,0.01,5,,,
2023,20,82510,0.008,1,,,
2023,21,69322,,,,,
2023,21,10120,,,,,
2023,21,21722,,,,,
2023,21,21742,,,,,
2023,21,81742,24.94,307,,,
2023,21,10285,6.51,155,,,
2023,21,66570,0.006,3,,,
2023,21,80200,1.856,9,,,
2023,21,66548,0.664,283,,,
2023,21,99999,4.29,,,,
2023,21,21375,2.574,55,,,
2023,21,23801,0.342,8,,,
2023,21,21735,4.752,115,,,
2023,21,43000,0.003,2,,,
2023,21,41201,,,,,
2023,21,10210,2.578,86,,,
2023,21,10220,6.45,19,,,
2023,21,68781,1.852,7,,,
2023,21,10260,0.544,1,,,
2023,21,80020,0.274,1,,,
2023,21,98310,1.108,1,,,
2023,21,74311,0.002,3,,,
2023,21,56312,0.001,1,,,
2023,21,71639,0.002,1,,,
2023,21,21932,0.098,1,,,
2023,21,20041,0.046,2,,,
2023,21,21721,0.042,1,,,
2023,21,21313,0.166,13,,,
2023,21,20061,0.31,20,,,
2023,21,10211,0.146,3,,,
2023,21,63500,0.001,6,,,
2023,21,66530,0.134,47,,,
2023,21,69090,0.028,2,,,
2023,21,21300,0.104,1,,,
2023,22,69322,,,,2,no weight
2023,22,10120,,,,,
2023,22,21722,,,,,
2023,22,21742,,,,,
2023,22,81742,,,32.5,515,
2023,22,10285,,,4.664,97,
2023,22,66570,,,0.004,1,
2023,22,80200,,,0.18,1,
2023,22,66548,,,0.162,51,
2023,22,99999,,,5.208,,
2023,22,21375,,,1.01,24,
2023,22,23801,,,,,
2023,22,21735,,,1.67,32,
2023,22,43000,,,0.108,5,
2023,22,41201,,,,,
2023,22,10210,,,8.87,453,
2023,22,21313,,,0.592,41,
2023,22,68781,,,4.306,19,
2023,22,80020,,,1.05,2,
2023,22,10211,,,0.946,28,
2023,22,21110,,,0.17,3,
2023,22,10220,,,6.27,20,
2023,22,69090,,,0.412,1,
2023,22,98310,,,0.912,2,
2023,22,40500,,,0.118,3,
2023,22,71884,,,0.21,1,
2023,22,80595,,,0.014,1,
2023,22,56312,,,0.001,1,
2023,22,71250,,,0.001,1,
2023,22,91000,,,0.02,3,
2023,22,95020,,,0.001,1,
2023,22,20061,,,0.082,3,
2023,22,63500,,,0.001,1,
2023,22,75241,,,0.082,3,
2023,22,71511,,,0.002,1,
2023,23,69322,,,,,
2023,23,10120,,,,,
2023,23,21722,,,,,
2023,23,21742,,,,,
2023,23,81742,33.45,512,,,
2023,23,10285,,,,,
2023,23,66570,0.008,1,,,
2023,23,80200,0.222,1,,,
2023,23,66548,0.616,204,,,
2023,23,99999,0.52,,,,
2023,23,21375,,,,,
2023,23,23801,0.12,5,,,
2023,23,21735,2.098,30,,,
2023,23,43000,0.048,2,,,
2023,23,41201,,,,,
2023,23,10210,0.674,18,,,
2023,23,10220,16.44,32,,,
2023,23,68781,0.292,2,,,
2023,23,71511,0.006,1,,,
2023,23,21376,0.03,1,,,
2023,23,66045,0.014,3,,,
2023,23,66530,0.006,1,,,
2023,24,69322,,,,,
2023,24,10120,,,,,
2023,24,21722,,,,,
2023,24,21742,,,,,
2023,24,81742,33.36,174,,,
2023,24,10285,1.462,17,,,
2023,24,66570,0.032,8,,,
2023,24,80200,,,,,
2023,24,66548,0.64,263,,,
2023,24,99999,1.554,,,,
2023,24,21375,0.552,13,,,
2023,24,23801,,,,,
2023,24,21735,0.478,15,,,
2023,24,43000,,,,,
2023,24,41201,,,,,
2023,24,10210,1.618,59,,,
2023,24,68781,2.308,13,,,
2023,24,10211,0.022,1,,,
2023,24,80020,1.142,3,,,
2023,24,10220,10.6,18,,,
2023,24,71884,0.88,5,,,
2023,24,21313,0.024,2,,,
2023,24,20061,0.006,1,,,
2023,24,20001,0.002,1,,,
2023,24,21376,0.058,1,,,
2023,24,69090,0.056,1,,,
2023,24,40500,0.046,1,,,
2023,24,82510,0.038,1,,,
2023,24,71511,0.014,8,,,
2023,25,69322,,,2.05,2,
2023,25,10120,,,,,
2023,25,21722,,,,,
2023,25,21742,,,,,
2023,25,81742,25.168,420,,,
2023,25,10285,0.464,13,,,
2023,25,66570,0.056,15,,,
2023,25,80200,0.524,1,,,
2023,25,66548,0.192,334,,,
2023,25,99999,3.348,,,,
2023,25,21375,0.102,1,,,
2023,25,23801,,,,,
2023,25,21735,0.782,7,,,
2023,25,43000,0.386,,,,
2023,25,41201,0.03,5,,,
2023,25,10210,1.2,43,,,
2023,25,10220,3.178,6,,,
2023,25,80020,4.822,9,,,
2023,25,68781,0.45,3,,,
2023,25,21313,0.082,4,,,
2023,25,40500,0.076,1,,,
2023,25,60100,0.001,1,,,
2023,25,98310,1.234,3,,,
2023,25,71884,0.88,11,,,
2023,25,69120,0.842,13,,,
2023,25,69090,0.276,3,,,
2023,25,82510,0.352,4,,,
2023,25,91000,0.028,6,,,
2023,25,65100,0.162,15,,,
2023,25,71001,0.38,20,,,
2023,25,74080,0.24,6,,,
2023,25,74311,0.014,2,,,
2023,25,21110,0.06,1,,,
2023,25,71511,0.056,31,,,
2023,25,56311,0.002,2,,,
2023,25,66045,0.024,10,,,
2023,25,66530,0.052,10,,,
2023,25,98105,0.012,2,,,
2023,25,71250,0.386,153,,,
2023,26,69322,,,,,
2023,26,10120,,,,,
2023,26,21722,,,,,
2023,26,21742,,,,,
2023,26,81742,21.04,354,,,
2023,26,10285,0.58,5,,,
2023,26,66570,0.114,28,,,
2023,26,80200,,,,,
2023,26,66548,0.272,103,,,
2023,26,99999,6.07,,,,
2023,26,21375,0.392,9,,,
2023,26,23801,0.024,1,,,
2023,26,21735,0.12,4,,,
2023,26,43000,0.812,16,,,
2023,26,41201,0.052,8,,,
2023,26,10210,1.71,76,,,
2023,26,82510,4.03,81,,,
2023,26,68781,1.81,10,,,
2023,26,50301,0.001,3,,,
2023,26,21313,0.204,13,,,
2023,26,21388,0.036,1,,,
2023,26,80020,3.504,5,,,
2023,26,71884,0.424,4,,,
2023,26,71882,0.104,1,,,
2023,26,95020,0.04,1,,,
2023,26,91000,0.07,7,,,
2023,26,21405,0.004,1,,,
2023,26,20001,0.008,2,,,
2023,26,56312,0.002,1,,,
2023,26,71511,0.002,2,,,
2023,26,66530,0.052,18,,,
2023,26,66045,0.01,6,,,
2023,26,71250,0.004,1,,,
2023,26,69120,0.18,3,,,
2023,26,69061,0.052,12,,,
2023,26,69090,1.482,12,,,
2023,27,69322,,,,,
2023,27,10120,,,,,
2023,27,21722,,,,,
2023,27,21742,,,,,
2023,27,81742,,,21.76,327,
2023,27,10285,,,2.296,41,
2023,27,66570,,,0.114,23,
2023,27,80200,,,9.34,27,
2023,27,66548,,,0.264,172,
2023,27,99999,,,8.028,,
2023,27,21375,,,0.272,7,
2023,27,23801,,,,,
2023,27,21735,,,0.838,13,
2023,27,43000,,,0.582,21,
2023,27,41201,,,0.166,10,
2023,27,10210,,,2.39,66,
2023,27,80020,,,5.42,5,
2023,27,82510,,,1.604,30,
2023,27,68781,,,1.694,10,
2023,27,21313,,,0.23,16,
2023,27,71884,,,0.612,3,
2023,27,71882,,,1.032,8,
2023,27,71753,,,1.104,9,
2023,27,98310,,,0.646,4,
2023,27,69120,,,0.502,5,
2023,27,69090,,,0.142,3,
2023,27,69086,,,0.568,6,
2023,27,69061,,,0.224,38,
2023,27,91000,,,0.062,16,
2023,27,95020,,,0.022,10,
2023,27,71511,,,0.002,7,
2023,27,40001,,,0.024,3,
2023,27,75241,,,0.056,1,
2023,27,75284,,,0.036,1,
2023,27,50301,,,0.001,1,
2023,27,40500,,,0.146,6,
2023,27,71001,,,0.064,2,
2023,27,85210,,,0.044,1,
2023,27,66530,,,0.236,79,
2023,27,66045,,,0.006,4,
2023,27,74311,,,0.001,1,
2023,28,69322,,,,,
2023,28,10120,,,,,
2023,28,21722,,,,,
2023,28,21742,,,,,
2023,28,81742,22.22,287,,,
2023,28,10285,0.88,6,,,
2023,28,66570,0.03,10,,,
2023,28,80200,0.788,1,,,
2023,28,66548,0.058,31,,,
2023,28,99999,6.04,,,,
2023,28,21375,,,,,
2023,28,23801,0.598,11,,,
2023,28,21735,0.86,6,,,
2023,28,43000,0.035,3,,,
2023,28,41201,0.153,20,,,
2023,28,10210,1.646,37,,,
2023,28,20322,0.88,1,,,
2023,28,82510,6.64,60,,,
2023,28,68781,2.056,13,,,
2023,28,80020,4.312,5,,,
2023,28,71884,1.074,5,,,
2023,28,71772,0.448,1,,,
2023,28,71882,0.842,4,,,
2023,28,69120,0.784,6,,,
2023,28,69090,0.902,4,,,
2023,28,69086,0.668,4,,,
2023,28,69061,0.044,10,,,
2023,28,95020,0.024,2,,,
2023,28,95030,0.004,1,,,
2023,28,91000,0.018,2,,,
2023,28,75284,0.039,1,,,
2023,28,65100,0.042,1,,,
2023,28,20001,0.006,1,,,
2023,28,20041,0.008,1,,,
2023,28,40001,0.001,1,,,
2023,28,56311,0.002,1,,,
2023,28,66045,0.122,49,,,
2023,28,66530,0.022,8,,,
2023,28,66050,0.002,2,,,
2023,29,69322,,,5.28,4,
2023,29,10120,,,,,
2023,29,21722,,,,,
2023,29,21742,,,,,
2023,29,81742,19,242,,,
2023,29,10285,0.172,3,,,
2023,29,66570,0.168,39,,,
2023,29,80200,4.566,11,,,
2023,29,66548,0.192,128,,,
2023,29,99999,2.736,,,,
2023,29,21375,,,,,
2023,29,23801,0.308,13,,,
2023,29,21735,0.908,12,,,
2023,29,43000,,,,,
2023,29,41201,0.276,27,,,
2023,29,10210,0.262,12,,,
2023,29,80020,4.72,3,,,
2023,29,82510,2.86,53,,,
2023,29,68781,0.378,3,,,
2023,29,69120,1.47,19,,,
2023,29,69086,0.312,3,,,
2023,29,56311,0.001,1,,,
2023,29,56312,0.001,1,,,
2023,29,69316,0.004,1,,,
2023,29,69061,0.028,7,,,
2023,29,69090,0.028,1,,,
2023,29,95020,0.072,22,,,
2023,29,91000,0.014,3,,,
2023,29,21313,0.02,1,,,
2023,29,21405,0.006,1,,,
2023,29,24180,0.042,1,,,
2023,29,71884,0.224,1,,,
2023,29,75284,0.118,3,,,
2023,29,71511,0.007,1,,,
2023,29,40500,0.038,4,,,
2023,29,66045,0.464,200,,,
2023,29,66601,0.028,1,,,
2023,29,66530,0.038,17,,,
2023,29,66050,0.008,2,,,
2023,30,69322,,,0.002,1,
2023,30,10120,,,,,
2023,30,21722,,,,,
2023,30,21742,,,,,
2023,30,81742,26.39,386,,,
2023,30,10285,0.072,2,,,
2023,30,66570,0.166,4,,,
2023,30,80200,0.326,1,,,
2023,30,66548,0.966,691,,,
2023,30,99999,4.65,,,,
2023,30,21375,,,,,
2023,30,23801,0.242,14,,,
2023,30,21735,0.422,5,,,
2023,30,43000,0.322,19,,,
2023,30,41201,,,,,
2023,30,10210,0.238,19,,,
2023,30,82510,1.022,18,,,
2023,30,80020,2.496,2,,,
2023,30,68781,0.83,8,,,
2023,30,91000,0.994,92,,,
2023,30,21313,0.386,28,,,
2023,30,71884,0.466,3,,,
2023,30,95020,0.402,50,,,
2023,30,95030,0.004,2,,,
2023,30,21388,0.062,1,,,
2023,30,20061,0.012,1,,,
2023,30,21405,0.002,1,,,
2023,30,69061,0.016,2,,,
2023,30,69120,0.006,1,,,
2023,30,10211,0.022,1,,,
2023,30,98310,0.032,1,,,
2023,30,40500,0.088,7,,,
2023,30,71010,0.016,1,,,
2023,30,50301,0.001,1,,,
2023,30,56311,0.001,1,,,
2023,30,56312,0.001,1,,,
2023,30,71511,0.001,1,,,
2023,30,83000,0.001,5,,,
2023,30,80595,0.03,3,,,
2023,30,21725,0.036,1,,,
2023,30,98105,0.124,54,,,
2023,30,66530,0.072,25,,,
2023,30,66601,0.04,5,,,
2023,30,66045,0.318,250,,,
2023,31,69322,,,,,
2023,31,10120,,,,,
2023,31,21722,,,,,
2023,31,21742,,,,,
2023,31,81742,7,188,,,
2023,31,10285,0.38,2,,,
2023,31,66570,0.406,124,,,
2023,31,80200,,,,,
2023,31,66548,0.258,229,,,
2023,31,99999,9.088,,,,
2023,31,21375,0.01,,,,
2023,31,23801,0.502,25,,,
2023,31,21735,0.168,2,,,
2023,31,43000,0.82,23,,,
2023,31,41201,2.498,197,,,
2023,31,10210,0.056,3,,,
2023,31,82510,2.816,71,,,
2023,31,65100,0.084,16,,,
2023,31,21313,0.348,21,,,
2023,31,68781,0.072,2,,,
2023,31,75284,0.718,10,,,
2023,31,71753,0.514,4,,,
2023,31,71882,1.084,12,,,
2023,31,71884,6.452,48,,,
2023,31,21388,0.016,1,,,
2023,31,23804,0.012,1,,,
2023,31,69061,0.094,10,,,
2023,31,40500,0.166,11,,,
2023,31,98310,0.26,3,,,
2023,31,98082,0.044,1,,,
2023,31,74311,0.002,1,,,
2023,31,56311,0.01,10,,,
2023,31,69090,0.462,6,,,
2023,31,69120,4.848,100,,,
2023,31,71010,0.002,2,,,
2023,31,71500,0.002,1,,,
2023,31,71772,0.148,2,,,
2023,31,66601,0.116,14,,,
2023,31,66530,0.004,3,,,
2023,31,66045,0.006,3,,,
2023,31,83000,1,1000,,,estimated- they were everywhere
2023,31,71001,0.136,7,,,
2023,31,71511,0.004,10,,,
2023,31,95020,0.13,6,,,
2023,31,91000,0.084,10,,,
2023,31,71001,0.004,18,,,
2023,32,69322,,,,,
2023,32,10120,,,,,
2023,32,21722,,,,,
2023,32,21742,,,,,
2023,32,81742,,,31.62,758,
2023,32,10285,,,2.124,3,
2023,32,66570,,,1.038,275,
2023,32,80200,,,,,
2023,32,66548,,,,,
2023,32,99999,,,19.958,,
2023,32,21375,,,0.038,2,
2023,32,23801,,,2.024,88,
2023,32,21735,,,0.432,3,
2023,32,43000,,,9.666,21,
2023,32,41201,,,0.636,139,
2023,32,10210,,,1.078,20,
2023,32,20322,,,1.536,1,
2023,32,21313,,,0.546,41,
2023,32,71511,,,0.736,651,
2023,32,82510,,,1.222,28,
2023,32,24180,,,0.482,3,
2023,32,10211,,,0.026,1,
2023,32,21405,,,0.018,1,
2023,32,23804,,,0.058,5,
2023,32,20001,,,0.002,1,
2023,32,71884,,,3.466,32,
2023,32,71753,,,0.276,3,
2023,32,71882,,,1.544,20,
2023,32,69120,,,0.452,12,
2023,32,69090,,,0.13,2,
2023,32,69086,,,0.022,1,
2023,32,69061,,,0.062,6,
2023,32,65100,,,0.394,281,
2023,32,74080,,,0.088,6,
2023,32,75284,,,0.052,1,
2023,32,95020,,,0.064,7,
2023,32,98105,,,0.001,1,
2023,32,91000,,,0.02,1,
2023,32,83000,,,0.1,100,lots everywhere
2023,32,81095,,,0.03,1,
2023,32,71001,,,0.176,10,
2023,32,40500,,,0.011,2,
2023,32,21388,,,0.056,1,
2023,32,21405,,,0.006,1,
2023,32,66045,,,0.05,18,
2023,32,66601,,,0.002,1,
2023,32,66502,,,1.392,973,
2023,32,80595,,,0.012,1,
2023,32,56311,,,0.006,3,
2023,32,71250,,,0.024,15,
2023,33,69322,,,,,
2023,33,10120,,,,,
2023,33,21722,,,,,
2023,33,21742,,,,,
2023,33,81742,2.87,53,,,
2023,33,10285,0.216,6,,,
2023,33,66570,0.676,168,,,
2023,33,80200,,,,,
2023,33,66548,0.066,40,,,
2023,33,99999,9.69,,,,
2023,33,21375,0.016,1,,,
2023,33,23801,0.062,5,,,
2023,33,21735,,,,,
2023,33,43000,0.92,38,,,
2023,33,41201,0.982,62,,,
2023,33,10210,0.136,9,,,
2023,33,82510,9.05,329,,,
2023,33,21313,0.204,11,,,
2023,33,21388,0.05,1,,,
2023,33,83000,0.258,1000,,,
2023,33,40500,0.356,6,,,
2023,33,71001,0.6,17,,,
2023,33,95030,0.078,5,,,
2023,33,95020,0.002,2,,,
2023,33,91000,0.018,1,,,
2023,33,74080,0.268,61,,,
2023,33,65100,0.51,202,,,
2023,33,69316,0.032,3,,,
2023,33,,0.002,1,,,
2023,33,74311,0.008,1,,,
2023,33,56311,0.01,7,,,
2023,33,71884,9.95,84,,,
2023,33,71753,0.814,5,,,
2023,33,71882,4.182,48,,,
2023,33,71772,0.328,4,,,
2023,33,72740,0.022,1,,,
2023,33,69086,1.202,22,,,
2023,33,69061,0.445,44,,,
2023,33,69090,0.074,2,,,
2023,33,69120,4.464,90,,,
2023,33,66045,0.002,1,,,
2023,33,66601,0.02,5,,,
2023,33,75284,0.164,2,,,
2023,33,80595,0.032,2,,,
2023,33,98082,0.014,2,,,
2023,33,74980,0.002,1,,,
2023,34,69322,,,,1,didn't get weight
2023,34,10120,,,,,
2023,34,21722,,,,,
2023,34,21742,,,,,
2023,34,81742,,,14.64,148,
2023,34,10285,,,0.638,9,
2023,34,66570,,,0.508,119,
2023,34,80200,,,0.27,1,
2023,34,66548,,,0.288,168,
2023,34,99999,,,9.79,,
2023,34,21375,,,,,
2023,34,23801,,,0.506,27,
2023,34,21735,,,0.084,1,
2023,34,43000,,,0.968,64,
2023,34,41201,,,1.062,130,
2023,34,10210,,,0.974,50,
2023,34,69086,,,0.936,15,
2023,34,69090,,,0.16,2,
2023,34,69120,,,2.434,40,
2023,34,82510,,,9.84,309,
2023,34,69061,,,0.15,14,
2023,34,68781,,,1.004,6,
2023,34,21313,,,0.462,27,
2023,34,21110,,,2.938,67,
2023,34,66601,,,0.022,3,
2023,34,66050,,,0.002,1,
2023,34,66045,,,0.062,25,
2023,34,56312,,,0.002,2,
2023,34,95020,,,0.072,8,
2023,34,69316,,,0.032,1,
2023,34,75284,,,0.224,4,
2023,34,95036,,,0.05,1,
2023,34,91000,,,0.026,4,
2023,34,65100,,,0.268,51,
2023,34,50301,,,0.001,1,
2023,34,24180,,,0.032,1,
2023,34,20061,,,0.01,1,
2023,34,80595,,,0.068,6,
2023,34,71001,,,0.074,4,
2023,34,65203,,,0.036,1,
2023,34,40500,,,0.178,5,
2023,34,85210,,,0.164,2,
2023,34,71772,,,0.614,7,
2023,34,71882,,,1.402,17,
2023,34,72740,,,0.026,1,
2023,34,71884,,,8.226,83,
2023,35,69322,,,,,
2023,35,10120,,,,,
2023,35,21722,,,,,
2023,35,21742,,,,,
2023,35,81742,,,28.22,266,
2023,35,10285,,,1.36,39,
2023,35,66570,,,0.208,58,
2023,35,80200,,,2.582,7,
2023,35,66548,,,,,
2023,35,99999,,,7.23,,
2023,35,21375,,,0.004,1,
2023,35,23801,,,0.802,36,
2023,35,21735,,,0.55,11,
2023,35,43000,,,0.264,12,
2023,35,41201,,,0.784,75,
2023,35,10210,,,1.27,79,
2023,35,82510,,,6.322,110,
2023,35,68781,,,2.64,20,
2023,35,21313,,,0.486,33,
2023,35,95020,,,0.166,18,
2023,35,91000,,,0.404,28,
2023,35,69061,,,0.13,12,
2023,35,80595,,,0.062,7,
2023,35,69120,,,1.194,18,
2023,35,95030,,,0.002,1,
2023,35,69090,,,0.03,2,
2023,35,69086,,,0.616,8,
2023,35,40500,,,0.168,14,
2023,35,20061,,,0.014,1,
2023,35,65100,,,0.034,17,
2023,35,65203,,,0.13,3,
2023,35,74311,,,0.022,2,
2023,35,56311,,,0.001,1,
2023,35,75284,,,0.028,1,
2023,35,23041,,,0.016,1,
2023,35,71753,,,0.104,1,
2023,35,71772,,,0.562,6,
2023,35,71882,,,0.632,7,
2023,35,71884,,,8.114,36,
2023,35,66502,,,0.948,661,
2023,35,66045,,,1.708,879,
2023,35,66050,,,0.008,3,
2023,36,69322,,,12.37,21,
2023,36,10120,,,,,
2023,36,21722,,,,,
2023,36,21742,,,,,
2023,36,81742,17.982,296,,,
2023,36,10285,0.406,8,,,
2023,36,66570,0.062,12,,,
2023,36,80200,2.22,6,,,
2023,36,66548,,,,,
2023,36,99999,11.23,,,,
2023,36,21375,0.076,3,,,
2023,36,23801,1.338,55,,,
2023,36,21735,1.502,44,,,
2023,36,43000,5.244,50,,,
2023,36,41201,,,,,
2023,36,10210,2.982,181,,,
2023,36,82510,2.054,31,,,
2023,36,68781,2.264,15,,,
2023,36,21110,0.688,23,,,
2023,36,80020,2.372,2,,,
2023,36,21313,1.024,77,,,
2023,36,21388,0.172,2,,,
2023,36,21932,0.098,4,,,
2023,36,24180,0.176,7,,,
2023,36,91000,0.716,34,,,
2023,36,69090,0.616,6,,,
2023,36,69120,0.24,3,,,
2023,36,69061,0.002,1,,,
2023,36,95020,0.164,9,,,
2023,36,95030,0.001,1,,,
2023,36,75284,0.112,2,,,
2023,36,74980,0.032,1,,,
2023,36,98082,0.018,2,,,
2023,36,71010,0.022,4,,,
2023,36,40001,0.012,4,,,
2023,36,1,0.018,3,,,
2023,36,71753,0.238,2,,,
2023,36,71884,0.176,1,,,
2023,36,40500,0.116,6,,,
2023,36,71500,0.016,2,,,
2023,36,65203,0.154,1,,,
2023,36,20061,0.012,1,,,
2023,36,23804,0.03,2,,,
2023,36,23055,0.026,1,,,
2023,36,21741,0.028,3,,,
2023,36,71511,0.001,1,,,
2023,36,66502,1.498,692,,,
2023,36,66601,0.036,4,,,
2023,36,66045,2.638,1363,,,
2023,36,66050,0.008,2,,,
2023,37,69322,,,0.636,1,Huge hole so did not sample
2023,38,69322,,,2.22,4,
2023,38,10120,,,,,
2023,38,21722,,,,,
2023,38,21742,,,,,
2023,38,81742,34.26,277,,,
2023,38,10285,0.542,9,,,
2023,38,66570,0.194,42,,,
2023,38,80200,0.122,3,,,
2023,38,66548,0.316,217,,,
2023,38,99999,1.044,,,,
2023,38,21375,2.134,6,,,
2023,38,23801,0.174,8,,,
2023,38,21735,7.812,167,,,
2023,38,43000,0.082,1,,,
2023,38,41201,,,,,
2023,38,10210,9.72,179,,,
2023,38,23055,0.366,8,,,
2023,38,20061,0.014,2,,,
2023,38,10220,3.436,8,,,
2023,38,21388,0.098,1,,,
2023,38,21110,0.056,1,,,
2023,38,21741,0.162,15,,,
2023,38,75284,0.084,2,,,
2023,38,40500,0.056,1,,,
2023,38,50301,0.004,2,,,
2023,38,95020,0.12,1,,,
2023,38,66045,0.052,35,,,
2023,38,66530,0.114,46,,,
2023,39,69322,,,1.102,1,
2023,39,10120,,,2.51,1,
2023,39,21722,,,,,
2023,39,21742,,,,,
2023,39,81742,30.62,528,,,
2023,39,10285,2.314,43,,,
2023,39,66570,,,,,
2023,39,80200,0.212,1,,,
2023,39,66548,,,,,
2023,39,99999,0.172,,,,
2023,39,21375,3.64,17,,,
2023,39,23801,0.7,35,,,
2023,39,21735,1.634,20,,,
2023,39,43000,0.001,1,,,
2023,39,41201,,,,,
2023,39,10210,11.16,498,,,
2023,39,98000,2.064,15872.4507,,,subsampled---->
2023,39,68781,0.372,1,,,
2023,39,40500,0.002,1,,,
2023,39,10220,5.186,13,,,
2023,39,80020,0.66,2,,,
2023,39,23055,0.054,1,,,
2023,39,21725,0.042,1,,,
2023,39,21110,0.072,2,,,
2023,39,21932,0.01,1,,,
2023,39,21741,0.006,1,,,
2023,39,21313,0.368,28,,,
2023,39,95020,0.002,1,,,
2023,39,50301,0.002,2,,,
2023,40,69322,,,2.836,2,
2023,40,10120,,,,,
2023,40,21722,,,,,
2023,40,21742,,,,,
2023,40,81742,,,20.12,319,
2023,40,10285,,,1.968,71,
2023,40,66570,,,,,
2023,40,80200,,,,,
2023,40,66548,,,,,
2023,40,99999,,,0.99,,
2023,40,21375,,,0.53,16,
2023,40,23801,,,0.062,2,
2023,40,21735,,,3.191,51,
2023,40,43000,,,0.064,1,
2023,40,41201,,,0.016,1,
2023,40,10210,,,6.612,191,
2023,40,66502,,,0.348,128,
2023,40,21313,,,0.086,8,
2023,40,80020,,,3.074,10,
2023,40,68781,,,2.65,12,
2023,40,10220,,,7.536,13,
2023,40,40500,,,0.632,22,
2023,40,10211,,,3.129,85,
2023,40,21110,,,0.13,3,
2023,40,95020,,,0.008,1,
2023,40,80595,,,0.008,1,
2023,41,69322,,,5.036,3,
2023,41,10120,,,,,
2023,41,21722,,,,,
2023,41,21742,,,,,
2023,41,81742,,,18.94,319,
2023,41,10285,,,7.166,89,
2023,41,66570,,,0.178,52,
2023,41,80200,,,1.776,5,
2023,41,66548,,,0.698,455,
2023,41,99999,,,1.004,,
2023,41,21375,,,1.11,24,
2023,41,23801,,,0.086,4,
2023,41,21735,,,2.55,37,
2023,41,43000,,,0.22,8,
2023,41,41201,,,0.046,3,
2023,41,10210,,,6.83,169,
2023,41,24180,,,1.588,2,
2023,41,10220,,,6.545,7,
2023,41,68781,,,5.216,21,
2023,41,21313,,,0.218,8,
2023,41,21388,,,0.024,1,
2023,41,21932,,,0.878,9,
2023,41,21110,,,0.082,2,
2023,41,20061,,,0.36,2,
2023,41,80020,,,4.68,,
2023,41,69061,,,0.102,6,
2023,41,69120,,,0.154,3,
2023,41,69086,,,0.284,3,
2023,41,69090,,,0.078,1,
2023,41,10211,,,0.082,1,
2023,41,71882,,,0.962,6,
2023,41,71884,,,0.232,,
2023,41,82510,,,0.276,3,
2023,41,40500,,,0.272,9,
2023,41,71001,,,0.176,3,
2023,41,98310,,,2.4,2,
2023,41,98082,,,0.07,3,
2023,41,75284,,,0.07,1,
2023,41,71639,,,0.004,1,
2023,41,60100,,,0.001,1,
2023,41,71250,,,0.001,1,
2023,41,66530,,,0.05,19,
2023,41,50301,,,0.001,1,
2023,41,66045,,,0.004,4,
2023,41,66203,,,0.002,2,
2023,41,66601,,,0.008,1,
2023,41,56311,,,0.001,1,
2023,41,74311,,,0.01,4,
2023,42,69322,,,1.338,1,
2023,42,10120,,,,,
2023,42,21722,,,,,
2023,42,21742,,,,,
2023,42,81742,27.32,554,,,
2023,42,10285,0.248,2,,,
2023,42,66570,0.314,105,,,
2023,42,80200,1.228,3,,,
2023,42,66502,0.136,88,,,
2023,42,99999,2.21,,,,
2023,42,21375,0.324,3,,,
2023,42,23801,0.498,22,,,
2023,42,21735,0.986,13,,,
2023,42,43000,0.918,26,,,
2023,42,41201,0.022,3,,,
2023,42,10210,1.005,36,,,
2023,42,80020,5.416,5,,,
2023,42,82510,0.872,12,,,
2023,42,50301,0.001,1,,,
2023,42,10220,2.808,4,,,
2023,42,69120,2.368,26,,,
2023,42,69090,0.098,3,,,
2023,42,69086,0.182,2,,,
2023,42,69061,0.066,7,,,
2023,42,71884,2.68,18,,,
2023,42,71882,0.208,2,,,
2023,42,24180,0.012,1,,,
2023,42,95020,0.098,2,,,
2023,42,91000,0.018,5,,,
2023,42,98105,0.002,1,,,
2023,42,71001,0.001,1,,,
2023,42,95030,0.002,1,,,
2023,42,71511,3.002,2,,,
2023,42,66045,0.088,45,,,
2023,42,56312,0.001,1,,,
2023,43,69322,,,4.18,4,
2023,43,10120,,,,,
2023,43,21722,,,,,
2023,43,21742,,,,,
2023,43,81742,23.99,328,,,
2023,43,10285,1.116,21,,,
2023,43,66570,0.064,11,,,
2023,43,80200,3.012,9,,,
2023,43,66548,0.216,35,,,
2023,43,99999,0.518,,,,
2023,43,21375,0.052,2,,,
2023,43,23801,0.066,4,,,
2023,43,21735,1.878,28,,,
2023,43,43000,0.046,1,,,
2023,43,41201,,,,,
2023,43,10210,1.862,67,,,
2023,43,10220,1.002,3,,,
2023,43,80020,5.602,5,,,
2023,43,68781,1.426,5,,,
2023,43,69061,0.016,1,,,
2023,43,21313,0.064,4,,,
2023,43,95020,0.102,12,,,
2023,43,66045,0.556,35,,,
2023,43,66530,0.138,12,,,
2023,43,71511,0.012,5,,,
2023,44,69322,,,0.926,1,
2023,44,10120,,,,,
2023,44,21722,,,,,
2023,44,21742,,,,,
2023,44,81742,,,42.15,951,
2023,44,10285,,,1.752,26,
2023,44,66570,,,0.168,41,
2023,44,80200,,,0.772,2,
2023,44,66502,,,0.986,588,
2023,44,99999,,,3.152,,
2023,44,21375,,,2.976,24,
2023,44,23801,,,1.01,37,
2023,44,21735,,,2.814,61,
2023,44,43000,,,0.592,13,
2023,44,41201,,,,,
2023,44,10210,,,10.788,338,
2023,44,22200,,,0.386,1,
2023,44,24180,,,0.062,3,
2023,44,10220,,,1.796,5,
2023,44,20061,,,0.002,1,
2023,44,21313,,,0.418,13,
2023,44,80020,,,4.14,3,
2023,44,68781,,,0.594,3,
2023,44,69120,,,0.938,5,
2023,44,69090,,,0.52,2,
2023,44,69061,,,0.312,2,
2023,44,71884,,,0.904,4,
2023,44,40500,,,0.062,3,
2023,44,75284,,,0.058,1,
2023,44,71010,,,0.001,1,
2023,44,71511,,,0.001,1,
2023,44,21932,,,0.024,1,
2023,44,21725,,,0.032,2,
2023,44,95020,,,0.168,15,
2023,44,66045,,,0.12,71,
2023,44,50301,,,0.002,8,
2023,45,69322,,,,,
2023,45,10120,,,,,
2023,45,21722,,,,,
2023,45,21742,,,8.17,2,
2023,45,81742,25.82,378,,,
2023,45,10285,0.238,7,,,
2023,45,66570,0.072,13,,,
2023,45,80200,0.872,3,,,
2023,45,66502,1.708,692,,,
2023,45,99999,2.614,,,,
2023,45,21375,0.31,6,,,
2023,45,23801,0.308,13,,,
2023,45,21735,6.652,116,,,
2023,45,43000,2.788,96,,,
2023,45,41201,,,,,
2023,45,10210,4.366,159,,,
2023,45,10220,0.398,2,,,
2023,45,80020,0.578,1,,,
2023,45,21313,0.066,5,,,
2023,45,50301,0.001,1,,,
2023,45,20061,0.022,1,,,
2023,45,23055,0.016,1,,,
2023,45,21932,0.012,1,,,
2023,45,40001,0.012,3,,,
2023,45,69090,0.84,10,,,
2023,45,69120,0.422,8,,,
2023,45,69086,0.056,1,,,
2023,45,71884,0.144,1,,,
2023,45,66045,0.004,4,,,
2023,45,56311,0.002,1,,,
2023,46,69322,,,0.586,1,
2023,46,10120,,,,,
2023,46,21722,,,,,
2023,46,21742,,,3.05,1,
2023,46,81742,27.54,455,,,
2023,46,10285,0.202,6,,,
2023,46,66570,0.006,3,,,
2023,46,80200,0.368,2,,,
2023,46,66502,2.654,1154,,,
2023,46,99999,1.122,,,,
2023,46,21375,8.72,10,,,
2023,46,23801,0.614,26,,,
2023,46,21735,7.963,176,,,
2023,46,43000,0.313,15,,,
2023,46,41201,,,,,
2023,46,10210,9.006,235,,,
2023,46,68781,0.306,3,,,
2023,46,10220,1.158,4,,,
2023,46,23055,0.22,6,,,
2023,46,59111,0.002,2,,,
2023,46,20061,0.018,1,,,
2023,46,21741,0.026,2,,,
2023,46,21932,0.022,1,,,
2023,46,83020,0.084,1,,,
2023,46,21313,0.028,2,,,
2023,46,40500,0.122,3,,,
2023,46,69120,0.046,1,,,
2023,46,69090,0.57,6,,,
2023,46,69061,0.022,1,,,
2023,46,71884,0.182,1,,,
2023,46,75284,0.034,1,,,
2023,46,95020,0.02,3,,,
2023,46,71001,0.022,12,,,
2023,46,40001,0.001,1,,,
2023,46,20001,0.002,1,,,
2023,46,56311,0.001,1,,,
2023,46,74080,0.002,1,,,
2023,47,69322,,,,,
2023,47,10120,,,,,
2023,47,21722,,,,,
2023,47,21742,,,,,
2023,47,81742,33.46,628,,,
2023,47,10285,1.356,72,,,
2023,47,66570,0.012,2,,,
2023,47,80200,,,,,
2023,47,66548,0.706,337,,,
2023,47,99999,0.582,,,,
2023,47,21375,1.758,3,,,
2023,47,23801,0.06,4,,,
2023,47,21735,3.172,70,,,
2023,47,43000,0.032,13,,,
2023,47,41201,,,,,
2023,47,10210,3.268,116,,,
2023,47,24180,0.022,1,,,
2023,47,62000,0.01,1,,,
2023,47,68577,0.032,1,,,
2023,47,40500,0.162,3,,,
2023,47,40001,0.002,1,,,
2023,47,50301,0.002,2,,,
2023,47,69090,0.126,3,,,
2023,47,94000,0.008,1,,,
2023,47,23055,0.054,2,,,
2023,47,21313,0.022,1,,,
2023,47,66530,0.034,11,,,
2023,48,69322,,,,,
2023,48,10120,,,,,
2023,48,21722,,,,,
2023,48,21742,,,3.28,1,
2023,48,81742,21.7,340,,,
2023,48,10285,0.122,6,,,
2023,48,66570,0.076,15,,,
2023,48,80200,0.708,3,,,
2023,48,66548,1.146,681,,,
2023,48,99999,1.948,,,,
2023,48,21375,2.55,5,,,
2023,48,23801,0.514,20,,,
2023,48,21735,8.28,197,,,
2023,48,43000,0.448,33,,,
2023,48,41201,,,,,
2023,48,10210,13.81,396,,,
2023,48,10220,10.38,4,,,
2023,48,23055,0.154,6,,,
2023,48,71884,0.12,2,,,
2023,48,21741,0.034,4,,,
2023,48,20061,0.012,1,,,
2023,48,69120,0.354,5,,,
2023,48,69090,1.688,15,,,
2023,48,66045,0.002,1,,,
2023,48,66530,0.314,105,,,
2023,48,56311,0.002,1,,,
2023,49,69322,,,0.632,1,
2023,49,10120,,,,,
2023,49,21722,,,,,
2023,49,21742,,,,,
2023,49,81742,34.23,327,,,
2023,49,10285,0.534,19,,,
2023,49,66570,0.172,38,,,
2023,49,80200,0.288,2,,,
2023,49,66502,0.696,361,,,
2023,49,99999,0.542,,,,
2023,49,21375,0.088,3,,,
2023,49,23801,0.208,10,,,
2023,49,21735,2.378,38,,,
2023,49,43000,0.046,2,,,
2023,49,41201,0.042,1,,,
2023,49,10210,4.51,136,,,
2023,49,40500,0.972,7,,,
2023,49,68781,0.948,4,,,
2023,49,98310,0.766,1,,,
2023,49,50301,0.001,1,,,
2023,49,20061,0.032,1,,,
2023,49,91000,0.006,1,,,
2023,49,95030,0.002,1,,,
2023,49,66045,0.172,54,,,
2023,50,69322,,,5.78,5,
2023,50,10120,,,,,
2023,50,21722,,,,,
2023,50,21742,,,7.68,3,
2023,50,81742,17.48,218,,,
2023,50,10285,0.154,6,,,
2023,50,66570,0.108,22,,,
2023,50,80200,,,,,
2023,50,66548,0.132,73,,,
2023,50,99999,,,,,
2023,50,21375,0.546,5,,,
2023,50,23801,0.292,12,,,
2023,50,21735,2.41,34,,,
2023,50,43000,,,,,
2023,50,41201,,,,,
2023,50,10210,3.832,107,,,
2023,50,24180,0.044,2,,,
2023,50,10220,24.6,39,,,
2023,50,40500,0.328,7,,,
2023,50,21741,0.01,1,,,
2023,50,95020,0.002,1,,,
2023,50,66530,0.076,27,,,
2023,50,66045,0.21,79,,,
