Year,Survey,Cruise,Haul,Stratum,NOAA_Station,Vessel,Date Time,Latitude,Longitude,Bottom_Temp,Surface_Temp,Depth_m,Distance_Fished_Km,Net_Width_M,Net_Height_M,Area_Swept_Ha,Duration
2010,143,201002,1,70,R-18,89,7/30/2010,60.655,-168.6925,0.3,7.6,38,2.746,14.276,2.769,3.9201896,0.497
2010,143,201002,2,70,S-18,89,7/30/2010,60.98295,-168.73173,0.8,8.5,37,2.79,14.76,2.757,4.11804,0.507
2010,143,201002,3,70,T-18,89,7/30/2010,61.31817,-168.76693,0.4,8.7,34,2.743,14.942,2.779,4.0985906,0.495
2010,143,201002,4,70,U-18,89,7/31/2010,61.65305,-168.80163,-0.2,9,37,2.737,13.987,2.762,3.8282419,0.498
2010,143,201002,5,70,V-18,89,7/31/2010,61.98697,-168.84008,-0.7,9.1,37,2.779,14.652,2.573,4.0717908,0.502
2010,143,201002,6,70,W-18,89,7/31/2010,62.31892,-168.87245,-0.9,9.4,35,2.776,14.23,2.784,3.950248,0.5
2010,143,201002,7,70,X-18,89,7/31/2010,62.65552,-168.9043,-0.6,8,37,2.8,14.813,2.788,4.14764,0.502
2010,143,201002,8,70,Y-18,89,7/31/2010,62.93715,-168.986,0.9,7,29,2.871,14.942,3.002,4.2898482,0.513
2010,143,201002,9,70,X-19,89,8/1/2010,62.676,-169.57675,1.5,11.2,40,2.737,14.942,2.838,4.0896254,0.495
2010,143,201002,10,70,W-19,89,8/1/2010,62.34737,-169.5963,-0.8,9.2,37,2.733,14.942,2.973,4.0836486,0.498
2010,143,201002,11,70,V-19,89,8/1/2010,62.01638,-169.54808,-1.1,9.5,42,2.697,14.032,2.985,3.7844304,0.482
2010,143,201002,12,70,U-19,89,8/1/2010,61.67337,-169.5049,-1,9.7,42,2.729,14.942,2.763,4.0776718,0.491
2010,143,201002,13,70,T-19,89,8/1/2010,61.34832,-169.46143,-0.7,9.9,41,1.961,13.968,3.007,2.7391248,0.353
2010,143,201002,14,70,S-19,89,8/2/2010,61.01115,-169.42953,-0.7,9.5,42,2.735,14.837,2.85,4.0579195,0.497
2010,143,201002,15,70,R-19,89,8/2/2010,60.66768,-169.35685,-0.7,9.7,43,2.743,14.706,2.691,4.0338558,0.491
2010,143,201002,16,70,R-20,89,8/2/2010,60.66797,-170.03462,-1.3,9.4,50,2.778,16.17,2.543,4.492026,0.504
2010,143,201002,17,81,R-21,89,8/2/2010,60.65348,-170.7545,0.5,11.9,62,2.829,17.585,2.272,4.9747965,0.514
2010,143,201002,18,81,S-21,89,8/2/2010,60.9981,-170.84488,-1.3,9.2,54,2.691,15.977,2.485,4.2994107,0.491
2010,143,201002,19,70,S-20,89,8/3/2010,60.98112,-170.09193,-1.1,9.4,48,2.77,16.362,2.294,4.532274,0.503
2010,143,201002,20,70,T-20,89,8/3/2010,61.32553,-170.0987,-1.2,9.1,47,2.812,16.684,2.308,4.6915408,0.508
2010,143,201002,21,81,T-21,89,8/3/2010,61.33793,-170.77408,1,11.2,41,2.784,15.637,2.291,4.3533408,0.503
2010,143,201002,22,81,T-22,89,8/3/2010,61.33077,-171.48933,-1.1,9.1,55,2.731,17.408,2.262,4.7541248,0.496
2010,143,201002,23,81,U-22,89,8/3/2010,61.65798,-171.53878,-1.2,8.9,55,2.695,16.17,2.459,4.357815,0.491
2010,143,201002,24,81,U-21,89,8/4/2010,61.65965,-170.86265,-1.1,9,50,2.807,15.416,2.517,4.3272712,0.505
2010,143,201002,25,70,V-21,89,8/4/2010,61.99455,-170.95498,-1,9.1,49,2.779,16.17,2.298,4.493643,0.5
2010,143,201002,26,70,V-22,89,8/4/2010,61.99648,-171.6442,-1.2,8.8,52,2.769,16.029,2.392,4.4384301,0.498
2010,143,201002,27,81,V-23,89,8/4/2010,61.97613,-172.36885,-1.2,9,56,2.709,16.268,2.524,4.4070012,0.494
2010,143,201002,28,81,W-23,89,8/4/2010,62.32177,-172.40093,-1.2,8.8,54,2.747,16.262,2.302,4.4671714,0.495
2010,143,201002,29,81,W-22,89,8/5/2010,62.32792,-171.74788,-0.9,8.7,47,2.899,16.949,2.026,4.9135151,0.523
2010,143,201002,30,70,X-22,89,8/5/2010,62.65408,-171.81212,-1,8.7,49,2.853,17.613,2.011,5.0249889,0.513
2010,143,201002,31,70,Y-22,89,8/5/2010,62.97495,-171.79808,-1.4,8.7,53,2.837,17.205,1.875,4.8810585,0.508
2010,143,201002,32,70,ZZ-22,89,8/5/2010,63.3081,-171.97583,0.1,9.1,61,1.199,17.261,2.05,2.0695939,0.212
2010,143,201002,33,70,ZZ-21,89,8/5/2010,63.28073,-171.15252,-0.1,7.1,33,1.327,15.904,2.662,2.1104608,0.239
2010,143,201002,34,70,Y-21,89,8/6/2010,62.998,-171.15408,-0.9,8.7,47,2.941,16.17,1.74,4.755597,0.522
2010,143,201002,35,70,Y-20,89,8/6/2010,62.95192,-170.50662,-0.8,9.5,42,3.003,17.309,1.697,5.1978927,0.531
2010,143,201002,36,70,X-20,89,8/6/2010,62.67765,-170.34105,-1.1,9.6,43,3.005,16.17,1.671,4.859085,0.53
2010,143,201002,37,70,X-21,89,8/6/2010,62.65313,-171.08255,-0.9,8.8,45,2.938,17.639,1.492,5.1823382,0.525
2010,143,201002,38,70,W-21,89,8/6/2010,62.35522,-171.04742,-0.8,9,43,2.933,16.848,1.844,4.9415184,0.525
2010,143,201002,39,70,W-20,89,8/7/2010,62.35242,-170.28513,-0.9,9.3,40,2.801,16.384,2.011,4.5891584,0.505
2010,143,201002,40,70,V-20,89,8/7/2010,62.01268,-170.25692,-1,9.5,47,2.905,17.423,1.77,5.0613815,0.523
2010,143,201002,41,70,U-20,89,8/7/2010,61.67145,-170.21017,-1.2,9.6,46,2.911,17.15,1.799,4.992365,0.519
2010,143,201002,42,70,U-03,89,8/8/2010,61.6588,-166.73952,9,8.9,20,3.08,14.884,2.497,4.584272,0.54
2010,143,201002,43,70,T-03,89,8/8/2010,61.35608,-166.90597,9.2,8.9,20,2.992,15.295,1.99,4.576264,0.538
2010,143,201002,44,70,S-03,89,8/8/2010,61.01755,-166.67373,10,10,19,3.054,16.038,1.647,4.8980052,0.538
2010,143,201002,45,70,R-03,89,8/8/2010,60.6716,-166.69558,8.9,8.5,21,3.051,15.439,2.024,4.7104389,0.533
2010,143,201002,1,70,R-01,94,7/23/2010,60.68555,-167.99962,4.7,4.8,28,2.632,16.803,3.15,4.4225496,0.471
2010,143,201002,2,70,R-02,94,7/24/2010,60.66808,-167.36012,5.8,5.9,24,2.77,15.781,3.25,4.371337,0.483
2010,143,201002,3,70,S-02,94,7/24/2010,60.98938,-167.34417,5.3,5.3,23,2.628,16.069,3.299,4.2229332,0.476
2010,143,201002,4,70,S-01,94,7/24/2010,61.01843,-168.03232,5,5.8,29,2.712,16.382,3.199,4.4427984,0.492
2010,143,201002,5,70,T-01,94,7/24/2010,61.32565,-168.06697,2.9,7.6,28,2.647,15.498,3.231,4.1023206,0.491
2010,143,201002,6,70,T-02,94,7/25/2010,61.31947,-167.37382,5.2,7.3,25,2.802,15.196,3.2,4.2579192,0.502
2010,143,201002,7,70,U-02,94,7/25/2010,61.65333,-167.4031,4.8,7.5,24,2.781,15.427,3.015,4.2902487,0.514
2010,143,201002,8,70,U-01,94,7/25/2010,61.64993,-168.09252,0.9,7.9,29,2.763,15.368,3.035,4.2461784,0.513
2010,143,201002,9,70,V-01,94,7/25/2010,61.98527,-168.12582,0.6,7.6,28,2.84,15.597,2.997,4.429548,0.52
2010,143,201002,10,70,V-02,94,7/26/2010,61.98393,-167.41658,2.8,8,25,2.7,15.017,3.164,4.05459,0.493
2010,143,201002,11,70,W-02,94,7/26/2010,62.32337,-167.43547,0.8,8,25,2.691,15.308,3.388,4.1193828,0.494
2010,143,201002,12,70,W-01,94,7/26/2010,62.32017,-168.14393,-0.3,7.9,29,2.761,15.719,3.278,4.3400159,0.504
2010,143,201002,13,70,X-01,94,7/26/2010,62.6493,-168.1882,-0.1,7.7,33,2.865,15.409,2.97,4.4146785,0.509
2010,143,201002,14,70,X-02,94,7/26/2010,62.65202,-167.48878,1.3,7.3,27,2.872,15.016,3.284,4.3125952,0.509
2010,143,201002,15,70,Y-02,94,7/27/2010,62.98648,-167.48463,1.2,6.6,34,2.75,16.247,2.943,4.467925,0.496
2010,143,201002,16,70,Y-01,94,7/27/2010,62.98922,-168.20485,0.7,7,39,2.819,15.821,3.099,4.4599399,0.51
2010,143,201002,17,71,ZZ-01,94,7/27/2010,63.31945,-168.24468,0.5,1.4,27,2.761,15.284,3.23,4.2199124,0.523
2010,143,201002,18,71,ZZ-02,94,7/27/2010,63.31822,-167.51027,0.6,7.7,33,2.836,15.725,2.923,4.45961,0.513
2010,143,201002,19,71,AA-02,94,7/28/2010,63.65297,-167.53097,0.7,7.1,28,2.777,15.272,3.105,4.2410344,0.51
2010,143,201002,20,71,AA-01,94,7/28/2010,63.67842,-168.2923,1.9,7,32,2.708,15.491,3.019,4.1949628,0.494
2010,143,201002,21,71,AA-18,94,7/28/2010,63.68055,-169.00202,3.6,7.6,35,2.826,15.579,3.084,4.4026254,0.504
2010,143,201002,22,71,AA-19,94,7/28/2010,63.64828,-169.74898,6.3,7.7,39,2.81,16.767,2.941,4.711527,0.515
2010,143,201002,23,71,BB-19,94,7/28/2010,63.98052,-169.77357,2,6.2,34,2.853,15.765,3.012,4.4977545,0.507
2010,143,201002,24,71,BB-20,94,7/29/2010,63.98347,-170.5616,1.4,8.1,28,2.786,15.301,3.036,4.2628586,0.508
2010,143,201002,25,71,BB-21,94,7/29/2010,64.01273,-171.34162,0.1,8.5,28,2.796,15.344,3.082,4.2901824,0.512
2010,143,201002,26,71,BB-22,94,7/29/2010,63.98623,-172.0534,1.6,9,52,2.771,16.857,2.806,4.6710747,0.511
2010,143,201002,27,70,AA-22,94,7/29/2010,63.70007,-172.06112,-0.7,8.8,36,1.403,17.112,3,2.4008136,0.276
2010,143,201002,28,81,AA-23,94,7/29/2010,63.67602,-172.71473,0,9.3,55,2.779,16.944,3.121,4.7087376,0.493
2010,143,201002,30,71,CC-20,94,7/30/2010,64.3373,-170.59722,0.7,8.9,36,2.701,15.569,3.137,4.2051869,0.483
2010,143,201002,31,71,CC-19,94,7/30/2010,64.30922,-169.82915,1.3,2.5,38,2.875,16.068,3,4.61955,0.525
2010,143,201002,32,71,CC-18,94,7/30/2010,64.30527,-169.12482,1.4,8.5,39,2.882,15.928,3.143,4.5904496,0.508
2010,143,201002,33,71,BB-18,94,7/30/2010,64.01918,-169.04827,1.4,9.2,34,2.667,15.583,3.083,4.1559861,0.498
2010,143,201002,34,71,BB-01,94,7/31/2010,63.978,-168.3002,4.2,7.4,35,2.752,15.386,2.373,4.2342272,0.513
2010,143,201002,35,71,CC-01,94,7/31/2010,64.34282,-168.32537,2.8,7.5,38,2.744,15.472,2.38,4.2455168,0.518
2010,143,201002,36,71,DD-01,94,7/31/2010,64.66873,-168.36397,2,6.6,38,2.752,15.514,2.373,4.2694528,0.518
2010,143,201002,37,71,DD-20,94,8/1/2010,64.63747,-170.61765,2.3,2.2,47,2.904,16.292,2.15,4.7311968,0.526
2010,143,201002,38,71,DD-19,94,8/1/2010,64.6786,-169.90315,1.8,9.1,46,2.73,16.178,2.22,4.416594,0.509
2010,143,201002,39,71,DD-18,94,8/1/2010,64.64222,-169.18483,1.9,5,42,2.921,16.584,2.162,4.8441864,0.525
2010,143,201002,40,71,EE-18,94,8/1/2010,65.02415,-169.1029,2.3,3.2,48,2.866,16.717,2.088,4.7910922,0.536
2010,143,201002,41,71,EE-19,94,8/1/2010,65.01542,-169.88993,2,4.9,49,3.01,16.372,2.048,4.927972,0.54
2010,143,201002,43,71,FF-01,94,8/2/2010,65.32702,-168.42677,2,8.9,53,1.501,17.56,2.748,2.635756,0.284
2010,143,201002,44,71,FF-02,94,8/2/2010,65.31457,-167.8908,2.2,8.9,38,2.807,16.808,2.449,4.7180056,0.522
2010,143,201002,45,71,EE-02,94,8/2/2010,65.0047,-167.615,3.2,9.2,33,2.918,15.578,2.419,4.5456604,0.51
2010,143,201002,46,71,EE-01,94,8/3/2010,65.0101,-168.34465,2.5,9.3,45,2.655,16.434,2.6,4.363227,0.502
2010,143,201002,47,71,DD-02,94,8/3/2010,64.68485,-167.60737,0.6,9,31,2.651,15.804,2.532,4.1896404,0.509
2010,143,201002,48,71,DD-03,94,8/3/2010,64.64992,-166.8244,2.4,11.2,26,2.903,15.708,2.546,4.5600324,0.511
2010,143,201002,49,71,CC-03,94,8/3/2010,64.32705,-166.81525,0.7,11.9,30,2.715,15.754,2.613,4.277211,0.512
2010,143,201002,50,71,CC-02,94,8/4/2010,64.34658,-167.57355,1.4,9.4,32,2.768,15.102,2.675,4.1802336,0.514
2010,143,201002,51,71,BB-02,94,8/4/2010,64.01647,-167.56212,1.1,9.8,35,2.705,14.898,2.826,4.029909,0.511
2010,143,201002,52,71,BB-03,94,8/4/2010,64.00048,-166.78975,1.5,10.4,33,2.836,15.831,2.546,4.4896716,0.507
2010,143,201002,53,71,AA-03,94,8/4/2010,63.6777,-166.78432,0.8,10.6,30,2.853,15.683,2.563,4.4743599,0.526
2010,143,201002,54,71,ZZ-03,94,8/4/2010,63.36122,-166.76678,2.9,11,27,2.823,15.613,2.36,4.4075499,0.513
2010,143,201002,55,70,Y-03,94,8/5/2010,63.00898,-166.7415,4.2,10.7,28,2.803,16.013,2.478,4.4884439,0.509
2010,143,201002,56,70,Y-04,94,8/5/2010,62.97382,-166.02683,7.9,11.9,21,3.042,15.796,2.182,4.8051432,0.528
2010,143,201002,57,71,ZZ-04,94,8/5/2010,63.32395,-166.03523,3,11.8,24,2.729,15.62,2.591,4.262698,0.522
2010,143,201002,58,71,ZZ-05,94,8/5/2010,63.3285,-165.3068,7.5,12.9,15,2.926,16.323,2.336,4.7761098,0.491
2010,143,201002,59,71,AA-05,94,8/5/2010,63.65108,-165.29893,9.3,13.9,18,2.686,15.731,2.49,4.2253466,0.498
2010,143,201002,60,71,AA-04,94,8/6/2010,63.65072,-166.04002,3,11.4,26,2.702,15.375,2.499,4.154325,0.492
2010,143,201002,61,71,BB-04,94,8/6/2010,63.98262,-166.02893,2.1,11.9,24,2.806,15.35,2.536,4.30721,0.501
2010,143,201002,62,71,BB-05,94,8/6/2010,63.99078,-165.33017,8.1,12.2,18,2.702,15.55,2.41,4.20161,0.513
2010,143,201002,63,71,BB-06,94,8/6/2010,64.00382,-164.55712,6.4,14.2,18,2.944,15.479,2.385,4.5570176,0.523
2010,143,201002,64,71,AA-06,94,8/6/2010,63.68882,-164.55802,12,13,11,2.978,15.196,2.469,4.5253688,0.516
2010,143,201002,65,71,BB-07,94,8/7/2010,64.00938,-163.79893,5.7,15.2,20,2.846,15.684,2.646,4.4636664,0.512
2010,143,201002,66,71,AA-07,94,8/7/2010,63.66763,-163.85105,9.6,13.9,15,2.649,14.756,2.709,3.9088644,0.517
2010,143,201002,67,71,AA-08,94,8/7/2010,63.65018,-163.06477,8.3,14,15,2.899,15.353,2.533,4.4508347,0.531
2010,143,201002,68,71,BB-08,94,8/7/2010,63.98847,-163.04942,4.7,15.9,18,2.877,15.36,2.402,4.419072,0.517
2010,143,201002,69,71,BB-09,94,8/7/2010,64.01867,-162.30207,4.9,17.7,18,2.874,14.891,2.593,4.2796734,0.518
2010,143,201002,71,71,BB-10,94,8/8/2010,63.97832,-161.52122,3,16.7,18,2.848,15.68,2.34,4.465664,0.521
2010,143,201002,72,71,CC-10,94,8/8/2010,64.30037,-161.53125,9.9,16.2,14,2.833,15.272,2.499,4.3265576,0.505
2010,143,201002,73,71,CC-09,94,8/8/2010,64.34757,-162.24343,3.9,15.9,19,2.765,15.979,2.536,4.4181935,0.504
2010,143,201002,74,71,CC-08,94,8/8/2010,64.316,-163.00065,12.3,15,14,2.805,15.539,2.288,4.3586895,0.527
2010,143,201002,75,71,CC-07,94,8/8/2010,64.32538,-163.7621,7.2,15.2,17,2.864,16.32,2.299,4.674048,0.51
2010,143,201002,76,71,CC-06,94,8/9/2010,64.31973,-164.49707,10.4,12.3,15,2.999,15.369,2.449,4.6091631,0.518
2010,143,201002,77,71,CC-05,94,8/9/2010,64.3209,-165.28733,7.1,11.5,24,2.785,15.8,2.348,4.4003,0.496
2010,143,201002,78,71,CC-04,94,8/9/2010,64.32988,-166.01243,6.6,12.4,23,2.752,15.729,2.54,4.3286208,0.508
2010,143,201002,79,70,X-03,94,8/10/2010,62.67933,-166.72703,6.8,9.8,26,2.746,15.249,2.614,4.1873754,0.505
2010,143,201002,81,70,W-03,94,8/10/2010,62.34858,-166.7234,8.7,9.3,21,3.136,15.53,2.421,4.870208,0.538
2010,143,201002,82,70,V-03,94,8/10/2010,62.02592,-166.6954,8.7,10,21,2.81,16.071,2.315,4.515951,0.509
2010,143,201002,1,81,W-27,162,8/4/2010,62.31255,-175.27057,-1.4,9.2,78,2.754,17.457,2.305,4.8076578,0.513
2010,143,201002,2,81,W-25,162,8/5/2010,62.32582,-173.81928,-1.5,8.8,63,2.772,17.082,2.419,4.7351304,0.509
2010,143,201002,3,81,W-26,162,8/5/2010,62.32398,-174.53585,-1.4,9.1,70,2.767,17.249,2.4,4.7727983,0.501
2010,143,201002,4,81,X-26,162,8/5/2010,62.65517,-174.63522,-1.5,9,73,2.676,18.84,2.187,5.041584,0.497
2010,143,201002,5,81,X-25,162,8/5/2010,62.66702,-173.93643,-1.6,9,69,2.709,18.44,2.2,4.995396,0.503
2010,143,201002,6,81,Y-25,162,8/5/2010,62.98033,-173.99422,-1.6,8.8,74,2.749,19.418,2.2,5.3380082,0.51
2010,143,201002,7,81,Y-24,162,8/6/2010,62.98117,-173.23185,-0.9,8.6,68,3.764,19.667,2.2,7.4026588,0.693
2010,143,201002,8,81,ZZ-24,162,8/6/2010,63.33627,-173.43953,-0.2,8.8,70,2.725,17.005,2.2,4.6338625,0.502
2010,143,201002,9,81,ZZ-23,162,8/6/2010,63.34127,-172.6869,0.2,8.9,63,2.773,17.56,1.087,4.869388,0.509
2010,143,201002,10,81,Y-23,162,8/6/2010,63.01703,-172.60907,-1.2,9.4,60,2.829,18.53,1.085,5.242137,0.514
2010,143,201002,11,81,X-23,162,8/6/2010,62.68162,-172.45557,-1.2,8.9,53,2.727,16.823,1.348,4.5876321,0.498
2010,143,201002,12,81,X-24,162,8/7/2010,62.6812,-173.17917,-1.6,9.1,63,2.716,20.214,1.05,5.4901224,0.507
2010,143,201002,13,81,W-24,162,8/7/2010,62.3416,-173.15248,-1.5,9,58,2.868,17.434,1.05,5.0000712,0.515
2010,143,201002,14,81,V-24,162,8/7/2010,62.01412,-173.0444,-1.4,9.4,58,2.791,16.76,1.527,4.677716,0.516
2010,143,201002,15,81,U-24,162,8/7/2010,61.6815,-173.08012,-1.3,9.4,65,2.714,20.52,1.206,5.569128,0.503
2010,143,201002,16,81,T-24,162,8/7/2010,61.34813,-172.91573,-1.4,9.8,68,2.712,20.029,1.139,5.4318648,0.501
2010,143,201002,17,81,U-23,162,8/8/2010,61.6752,-172.26853,-1.2,9.3,60,2.776,18.847,1.109,5.2319272,0.509
2010,143,201002,18,81,T-23,162,8/8/2010,61.33037,-172.12403,-1.3,9.2,61,2.81,19.793,1.129,5.561833,0.514
2017,143,201702,1,81,V-24,94,8/1/2017,62.01701,-173.0881,-1.5,11,58,2.686,16.648,2.4,4.4716528,0.519
2017,143,201702,2,81,U-24,94,8/1/2017,61.67507,-173.0369,-1.5,10.6,65,1.476,16.648,2.268,2.4572448,0.286
2017,143,201702,3,81,T-24,94,8/1/2017,61.34819,-172.9379,-1.4,11.5,68,1.79,17.711,2.102,3.170269,0.339
2017,143,201702,4,81,T-23,94,8/1/2017,61.33421,-172.2847,-1.4,11.8,64,2.863,18.668,2.025,5.3446484,0.513
2017,143,201702,5,81,U-23,94,8/2/2017,61.64722,-172.3274,-1.4,10.5,61,2.735,17.116,2.245,4.681226,0.517
2017,143,201702,6,81,V-23,94,8/2/2017,61.98302,-172.3648,-1.2,10.1,55,2.825,15.73,2.509,4.443725,0.505
2017,143,201702,7,70,V-22,94,8/2/2017,61.99969,-171.6763,-1.1,11.2,51,2.727,15.731,2.419,4.2898437,0.508
2017,143,201702,8,81,U-22,94,8/2/2017,61.68644,-171.5894,-1.3,11.2,55,2.734,16.165,2.325,4.419511,0.505
2017,143,201702,9,81,T-22,94,8/2/2017,61.34348,-171.5155,-1.1,11.8,55,2.761,16.389,2.473,4.5250029,0.506
2017,143,201702,10,81,U-21,94,8/3/2017,61.68781,-170.9119,-1,9.6,50,2.639,17.258,2.301,4.5543862,0.51
2017,143,201702,11,81,T-21,94,8/3/2017,61.34774,-170.8462,-0.7,10.6,49,2.737,16.283,2.139,4.4566571,0.517
2017,143,201702,12,81,S-21,94,8/3/2017,61.01563,-170.8164,-0.6,10.5,53,2.751,16.375,2.146,4.5047625,0.51
2017,143,201702,13,81,R-21,94,8/3/2017,60.68269,-170.7583,-0.7,11.5,58,2.687,16.281,2.178,4.3747047,0.506
2017,143,201702,14,70,R-19,94,8/4/2017,60.65761,-169.3748,4.8,10.5,43,2.874,15.186,2.411,4.3644564,0.507
2017,143,201702,15,70,S-19,94,8/4/2017,60.98503,-169.4319,6,10.9,41,2.75,15.293,2.391,4.205575,0.507
2017,143,201702,16,70,T-19,94,8/4/2017,61.31405,-169.4629,4.4,10.9,40,2.795,15.731,2.243,4.3968145,0.509
2017,143,201702,17,70,R-03,94,8/16/2017,60.65017,-166.6428,12.7,12.7,20,2.885,15.096,2.403,4.355196,0.53
2017,143,201702,18,70,S-03,94,8/16/2017,60.99672,-166.6642,11.9,12,20,3.049,14.897,2.705,4.5420953,0.534
2017,143,201702,19,70,T-03,94,8/17/2017,61.31672,-166.9066,11.8,11.8,21,3.092,15.198,2.697,4.6992216,0.536
2017,143,201702,20,70,U-03,94,8/17/2017,61.63282,-166.7401,12.4,12.5,22,3.042,15.398,2.59,4.6840716,0.535
2017,143,201702,21,70,V-03,94,8/17/2017,61.98632,-166.7021,11.8,13.4,21,2.897,15.567,2,4.5097599,0.537
2017,143,201702,22,70,W-03,94,8/17/2017,62.31264,-166.7298,11.2,11.8,22,2.931,15.196,2.586,4.4539476,0.541
2017,143,201702,23,70,X-03,94,8/18/2017,62.63023,-166.7474,8.6,11,26,2.739,15.892,2.524,4.3528188,0.535
2017,143,201702,24,70,Y-03,94,8/18/2017,62.97934,-166.7485,5.8,9.1,28,2.739,15.819,2.377,4.3328241,0.515
2017,143,201702,25,70,Y-04,94,8/18/2017,63.00227,-166.0624,10.1,10.2,21,2.851,15.35,2.438,4.376285,0.527
2017,143,201702,26,71,ZZ-04,94,8/18/2017,63.32407,-166.0301,6.9,10.7,23,2.867,15.564,2.465,4.4621988,0.532
2017,143,201702,27,71,ZZ-05,94,8/19/2017,63.31236,-165.3426,11.5,11.5,16,2.708,14.852,2.491,4.0219216,0.528
2017,143,201702,28,71,AA-05,94,8/19/2017,63.63887,-165.3539,10.8,10.9,18,2.711,15.615,2.448,4.2332265,0.519
2017,143,201702,29,71,AA-06,94,8/19/2017,63.6767,-164.6399,11.4,11.9,12,2.836,13.451,3.026,3.8147036,0.515
2017,143,201702,30,71,AA-07,94,8/19/2017,63.67083,-163.8574,12.7,12.9,14,2.984,13.74,2.635,4.100016,0.526
2017,143,201702,31,71,AA-08,94,8/20/2017,63.65409,-163.0663,13.4,13,15,2.836,14.929,2.404,4.2338644,0.521
2017,143,201702,32,71,BB-08,94,8/20/2017,63.98433,-163.0584,11.8,13.2,20,2.726,14.12,2.516,3.849112,0.515
2017,143,201702,33,71,BB-09,94,8/20/2017,64.00596,-162.3614,8.1,13.2,18,2.721,14.449,2.271,3.9315729,0.517
2017,143,201702,36,71,BB-10,94,8/21/2017,63.97908,-161.5208,7.1,13.5,18,2.917,15.037,2,4.3862929,0.513
2017,143,201702,37,71,CC-10,94,8/21/2017,64.32334,-161.5357,10.1,13.6,15,2.908,14.489,2,4.2134012,0.521
2017,143,201702,38,71,CC-09,94,8/21/2017,64.34302,-162.2563,7.4,14.1,19,2.777,14.9,2.34,4.13773,0.515
2017,143,201702,39,71,CC-08,94,8/21/2017,64.25758,-163.1042,8.4,14,20,2.824,14.852,2.197,4.1942048,0.52
2017,143,201702,40,71,CC-07,94,8/22/2017,64.35113,-163.7851,11.1,13.6,19,2.829,14.187,2.128,4.0135023,0.518
2017,143,201702,41,71,BB-07,94,8/22/2017,64.01406,-163.7894,12.7,12.8,19,2.701,13.522,2.377,3.6522922,0.515
2017,143,201702,42,71,BB-06,94,8/22/2017,63.99192,-164.5157,11.9,11.9,18,2.975,14.652,2.185,4.35897,0.524
2017,143,201702,43,71,CC-06,94,8/22/2017,64.33636,-164.5556,12.9,13.6,15,2.752,14.082,2.265,3.8753664,0.521
2017,143,201702,44,71,DD-03,94,8/23/2017,64.66608,-166.8257,3.9,7.8,25,2.889,15.539,2.356,4.4892171,0.533
2017,143,201702,45,71,CC-03,94,8/23/2017,64.35209,-166.8416,4.5,11.2,30,2.797,15.768,2.122,4.4103096,0.523
2017,143,201702,46,71,CC-04,94,8/23/2017,64.33113,-166.0887,5.2,11.3,23,2.804,14.952,2.264,4.1925408,0.53
2017,143,201702,47,71,CC-05,94,8/24/2017,64.34224,-165.3531,8.4,12.4,25,2.757,15.066,2.254,4.1536962,0.529
2017,143,201702,48,71,BB-05,94,8/24/2017,64.02764,-165.3126,8.9,11.8,18,2.735,13.464,2.524,3.682404,0.517
2017,143,201702,49,71,BB-04,94,8/24/2017,64.00615,-166.0583,6.5,11.6,22,2.998,15.019,2.362,4.5026962,0.536
2017,143,201702,50,71,AA-04,94,8/24/2017,63.68999,-166.0571,5.5,11.1,26,2.984,15.6,2.185,4.65504,0.528
2017,143,201702,51,71,BB-03,94,8/25/2017,64.01154,-166.8204,4.1,10.7,33,2.808,17.03,1.909,4.782024,0.501
2017,143,201702,52,71,AA-03,94,8/25/2017,63.67673,-166.8041,4.7,11.1,29,2.991,16.466,1.957,4.9249806,0.525
2017,143,201702,53,71,ZZ-03,94,8/25/2017,63.3228,-166.7912,6.7,9.8,26,2.975,15.852,2.248,4.71597,0.527
2017,143,201702,54,70,U-02,94,8/26/2017,61.6908,-167.4126,9.5,10.8,24,2.925,15.54,2.303,4.54545,0.532
2017,143,201702,55,70,T-02,94,8/26/2017,61.35742,-167.3683,10.4,11,24,2.85,15.603,2.242,4.446855,0.532
2017,143,201702,56,70,S-02,94,8/26/2017,61.00994,-167.3353,10.8,10.8,23,2.942,16.317,1.818,4.8004614,0.532
2017,143,201702,57,70,R-02,94,8/26/2017,60.68686,-167.3131,11,11,26,2.974,15.728,2.164,4.6775072,0.533
2017,143,201702,1,81,W-27,162,8/1/2017,62.3355,-175.3255,-1.5,10.3,79,2.809,17.283,2.254,4.8547947,0.519
2017,143,201702,2,81,W-26,162,8/1/2017,62.34059,-174.672,-1.6,10.4,71,2.76,16.729,2.321,4.617204,0.505
2017,143,201702,3,81,W-25,162,8/1/2017,62.34133,-173.9106,-1.6,10.3,64,2.801,17.925,2.202,5.0207925,0.513
2017,143,201702,4,81,W-24,162,8/1/2017,62.34279,-173.2017,-1.5,10.3,60,2.851,16.808,2.24,4.7919608,0.519
2017,143,201702,5,81,W-23,162,8/2/2017,62.33077,-172.4726,-1.4,10.4,54,2.804,16.299,2.405,4.5702396,0.509
2017,143,201702,6,81,W-22,162,8/2/2017,62.33723,-171.7543,-1,10.3,48,2.833,15.606,2.536,4.4211798,0.516
2017,143,201702,7,70,W-21,162,8/2/2017,62.34958,-171.0649,-0.5,10.5,43,2.828,16.098,2.481,4.5525144,0.519
2017,143,201702,8,70,V-21,162,8/2/2017,61.99623,-170.9878,-1.1,10.8,50,2.824,16.762,2.331,4.7335888,0.512
2017,143,201702,9,70,U-20,162,8/3/2017,61.68569,-170.2231,-0.5,10.8,46,2.83,16.231,2.458,4.593373,0.517
2017,143,201702,10,70,T-20,162,8/3/2017,61.34416,-170.1786,-0.4,10.7,47,2.845,16.474,2.091,4.686853,0.519
2017,143,201702,11,70,S-20,162,8/3/2017,61.00823,-170.1335,1.3,10.8,48,2.935,16.66,2.296,4.88971,0.532
2017,143,201702,12,70,R-20,162,8/3/2017,60.68748,-170.0584,1.5,10.8,49,2.774,16.667,2.16,4.6234258,0.513
2017,143,201702,13,70,R-18,162,8/4/2017,60.6541,-168.7117,8.2,8.8,37,2.791,15.526,2.347,4.3333066,0.512
2017,143,201702,14,70,S-18,162,8/4/2017,60.98135,-168.7109,8.7,9.5,36,2.829,15.73,2.463,4.450017,0.515
2017,143,201702,15,70,T-18,162,8/4/2017,61.31719,-168.7405,8.9,10,34,2.955,15.575,2.319,4.6024125,0.523
2017,143,201702,16,70,Y-18,162,8/11/2017,62.94433,-168.9727,2,10.2,30,3.037,15.071,2.526,4.5770627,0.54
2017,143,201702,17,70,X-18,162,8/11/2017,62.67291,-168.8913,1.3,12.6,36,2.866,14.723,2.663,4.2196118,0.524
2017,143,201702,18,70,W-18,162,8/11/2017,62.34575,-168.8679,0.8,12,35,2.951,15.848,2.618,4.6767448,0.524
2017,143,201702,19,70,ZZ-21,162,8/14/2017,63.27347,-171.1247,0.5,2.1,34,2.9,15.068,2.645,4.36972,0.529
2017,143,201702,20,70,Y-21,162,8/14/2017,62.99721,-171.1477,-0.4,6.2,47,2.952,17.048,2.033,5.0325696,0.536
2017,143,201702,21,70,Y-20,162,8/14/2017,62.95094,-170.4984,1,4.1,42,3.033,16.369,2.383,4.9647177,0.529
2017,143,201702,22,70,X-19,162,8/14/2017,62.67648,-169.5762,6.9,7.3,40,3.045,15.718,2.327,4.786131,0.536
2017,143,201702,23,70,V-18,162,8/15/2017,61.98309,-168.84,0.8,8.8,36,2.862,16.003,2.482,4.5800586,0.52
2017,143,201702,24,70,U-18,162,8/15/2017,61.65359,-168.8017,3.3,8.5,37,2.852,15.571,2.628,4.4408492,0.516
2017,143,201702,25,70,U-19,162,8/15/2017,61.65301,-169.499,0.9,9,42,2.873,15.696,2.507,4.5094608,0.513
2017,143,201702,26,70,V-19,162,8/15/2017,61.99561,-169.5492,-0.6,8.7,42,3.009,16.87,2.269,5.076183,0.533
2017,143,201702,27,70,W-19,162,8/15/2017,62.34563,-169.5954,0.5,7.6,37,2.842,14.518,2.648,4.1260156,0.514
2017,143,201702,28,70,V-20,162,8/16/2017,61.99046,-170.2566,-0.9,8.8,46,2.767,16.435,2.455,4.5475645,0.52
2017,143,201702,29,70,W-20,162,8/16/2017,62.32893,-170.2828,0.9,8,40,2.85,15.123,2.703,4.310055,0.51
2017,143,201702,30,70,X-20,162,8/16/2017,62.67792,-170.3398,3.8,7,42,3.044,16.111,2.414,4.9041884,0.531
2017,143,201702,31,70,X-21,162,8/16/2017,62.65559,-171.0824,0,4.7,45,2.857,16.429,2.373,4.6937653,0.524
2017,143,201702,32,70,ZZ-22,162,8/17/2017,63.32284,-171.9032,-0.3,6.7,60,1.703,17.192,2.184,2.9277976,0.315
2017,143,201702,33,70,Y-22,162,8/17/2017,63.01304,-171.7994,-0.3,8.5,53,2.785,16.014,2.268,4.459899,0.508
2017,143,201702,34,70,X-22,162,8/17/2017,62.68117,-171.8173,-0.9,8.1,49,2.725,15.416,2.398,4.20086,0.497
2017,143,201702,35,81,X-23,162,8/17/2017,62.65666,-172.4551,-0.8,8.9,54,2.824,15.9,2.255,4.49016,0.514
2017,143,201702,36,81,X-26,162,8/18/2017,62.65832,-174.6345,-1.4,8.2,73,2.837,17.258,2.15,4.8960946,0.517
2017,143,201702,37,81,X-25,162,8/18/2017,62.66685,-173.9335,-1.5,9.6,69,1.994,18.003,2.118,3.5897982,0.36
2017,143,201702,38,81,X-24,162,8/18/2017,62.65731,-173.1885,-1.5,9.2,64,2.761,17.919,2.057,4.9474359,0.492
2017,143,201702,39,81,Y-25,162,8/18/2017,62.9809,-173.9933,-1.4,10.4,74,2.769,18.932,1.918,5.2422708,0.501
2017,143,201702,40,81,ZZ-24,162,8/19/2017,63.33622,-173.4397,-1.1,9.1,71,2.772,16.337,2.262,4.5286164,0.507
2017,143,201702,41,81,Y-24,162,8/19/2017,63.00766,-173.2326,-1.5,9.5,68,2.734,17.771,1.923,4.8585914,0.504
2017,143,201702,43,81,Y-23,162,8/19/2017,62.99547,-172.6045,-1.2,8.4,61,2.895,17.64,1.999,5.10678,0.523
2017,143,201702,44,81,ZZ-23,162,8/19/2017,63.31209,-172.695,-1,8.3,65,2.954,16.363,2.213,4.8336302,0.524
2017,143,201702,45,81,AA-23,162,8/19/2017,63.66189,-172.7574,1.5,8.3,57,2.894,16.188,2.357,4.6848072,0.523
2017,143,201702,46,70,AA-22,162,8/20/2017,63.70417,-172.1047,2.5,7.2,40,1.67,15.303,3.109,2.555601,0.32
2017,143,201702,47,71,BB-22,162,8/20/2017,63.99258,-172.051,1.2,8.9,54,2.832,15.268,2.7,4.3238976,0.512
2017,143,201702,48,71,BB-21,162,8/20/2017,64.05312,-171.3413,5.1,9,33,2.541,13.862,2.536,3.5223342,0.459
2017,143,201702,49,71,CC-21,162,8/21/2017,64.3118,-171.2674,2.1,8.1,45,1.303,14.114,2.418,1.8390542,0.249
2017,143,201702,50,71,CC-20,162,8/21/2017,64.28829,-170.6725,6.6,9,35,2.855,13.987,2.533,3.9932885,0.52
2017,143,201702,51,71,BB-20,162,8/21/2017,63.98111,-170.5634,6.4,7.8,30,2.912,14.609,2.729,4.2541408,0.532
2017,143,201702,52,71,CC-19,162,8/21/2017,64.30315,-169.823,4.1,6.1,39,1.961,14.025,2.852,2.7503025,0.349
2017,143,201702,53,71,DD-20,162,8/22/2017,64.61188,-170.6848,2.6,8.7,47,1.46,16.175,2.446,2.36155,0.273
2017,143,201702,54,71,DD-19,162,8/22/2017,64.64471,-169.8955,3.1,4.7,47,2.867,16.085,2.315,4.6115695,0.527
2017,143,201702,55,71,EE-19,162,8/22/2017,65.01595,-169.8872,3,5.7,50,2.882,16.17,2.47,4.660194,0.517
2017,143,201702,56,71,EE-18,162,8/22/2017,65.02583,-169.098,4,6,49,2.858,15.69,2.4,4.484202,0.521
2017,143,201702,57,71,FF-18,162,8/22/2017,65.23036,-168.8948,4,4.9,54,2.828,14.909,2.733,4.2162652,0.515
2017,143,201702,58,71,CC-02,162,8/24/2017,64.31684,-167.5765,3.8,9.9,31,1.559,15.622,2.994,2.4354698,0.29
2017,143,201702,59,71,DD-02,162,8/25/2017,64.71738,-167.6081,4.7,7.9,30,2.895,15.543,2.738,4.4996985,0.522
2017,143,201702,60,71,EE-02,162,8/25/2017,64.98148,-167.6173,3.4,6.4,33,2.97,14.626,2.53,4.343922,0.524
2017,143,201702,61,71,FF-02,162,8/25/2017,65.26942,-167.8793,3.4,7.3,33,2.919,14.458,2.831,4.2202902,0.522
2017,143,201702,62,71,FF-01,162,8/25/2017,65.33807,-168.3786,3.7,6.2,53,2.823,15.583,2.204,4.3990809,0.514
2017,143,201702,63,71,EE-01,162,8/26/2017,65.0139,-168.3438,3.2,4.3,44,2.884,15.261,2.382,4.4012724,0.525
2017,143,201702,64,71,DD-18,162,8/26/2017,64.66028,-169.14,2.9,4.9,43,2.916,16.316,2.17,4.7577456,0.53
2017,143,201702,65,71,DD-01,162,8/26/2017,64.67169,-168.3679,2.8,6.6,40,2.898,14.615,2.786,4.235427,0.51
2017,143,201702,66,71,CC-01,162,8/26/2017,64.34105,-168.3258,4.2,7.2,40,2.806,14.515,2.983,4.072909,0.513
2017,143,201702,67,71,CC-18,162,8/27/2017,64.30449,-169.1256,5.3,6.6,40,2.775,14.146,2.822,3.925515,0.511
2017,143,201702,68,71,BB-18,162,8/27/2017,64.02027,-169.0476,5.8,6,35,2.836,13.625,2.95,3.86405,0.518
2017,143,201702,69,71,BB-19,162,8/27/2017,64.00349,-169.8107,7.3,7.2,35,2.846,14.7,2.67,4.18362,0.508
2017,143,201702,70,71,AA-19,162,8/27/2017,63.67893,-169.7578,7.7,8,40,2.886,14.492,2.587,4.1823912,0.512
2017,143,201702,71,71,AA-18,162,8/27/2017,63.68148,-169.0007,6.5,7.1,36,2.855,14,3,3.997,0.521
2017,143,201702,72,71,BB-01,162,8/28/2017,64.01933,-168.2967,5.6,8.3,36,2.817,13.163,3.015,3.7080171,0.516
2017,143,201702,73,71,BB-02,162,8/28/2017,64.04112,-167.569,4.8,7.8,37,2.88,13.393,4.599,3.857184,0.519
2017,143,201702,74,71,AA-02,162,8/28/2017,63.67909,-167.5251,5.8,9.6,29,2.971,14.052,2.642,4.1748492,0.527
2017,143,201702,75,71,AA-01,162,8/28/2017,63.67996,-168.2953,6.5,9.3,33,2.885,14.518,2.691,4.188443,0.52
2017,143,201702,76,70,Y-01,162,8/29/2017,63.01667,-168.2343,7.7,9.2,40,2.687,14.572,2.956,3.9154964,0.488
2017,143,201702,77,71,ZZ-01,162,8/29/2017,63.33784,-168.2402,7.8,9.6,27,2.896,14.255,3.081,4.128248,0.519
2017,143,201702,78,71,ZZ-02,162,8/29/2017,63.34345,-167.5048,6.4,10.4,33,2.872,14.648,2.879,4.2069056,0.516
2017,143,201702,79,70,Y-02,162,8/29/2017,63.01222,-167.4838,6.7,9.6,34,2.884,14.791,2.778,4.2657244,0.513
2017,143,201702,80,70,X-01,162,8/31/2017,62.67099,-168.1837,7.9,8.5,34,2.855,14.456,3.021,4.127188,0.509
2017,143,201702,81,70,W-01,162,8/31/2017,62.34583,-168.1644,8.2,8.4,31,2.883,14.764,2.961,4.2564612,0.517
2017,143,201702,82,70,X-02,162,8/31/2017,62.67498,-167.4707,7.6,9,28,2.876,14.666,2.991,4.2179416,0.521
2017,143,201702,83,70,W-02,162,8/31/2017,62.3517,-167.4394,8.4,8.9,27,2.871,14.603,2.993,4.1925213,0.519
2017,143,201702,84,70,V-02,162,9/1/2017,62.00059,-167.4145,7.9,9.4,26,2.942,15.145,3,4.455659,0.524
2017,143,201702,85,70,V-01,162,9/1/2017,62.01408,-168.1263,6.8,8.6,29,2.851,14.247,2.936,4.0618197,0.52
2017,143,201702,86,70,U-01,162,9/1/2017,61.6809,-168.0996,7.3,9.1,29,2.899,14.509,2.864,4.2061591,0.519
2017,143,201702,87,70,T-01,162,9/1/2017,61.35302,-168.0665,6.8,9.6,30,2.958,14.694,2.802,4.3464852,0.522
2017,143,201702,88,70,S-01,162,9/2/2017,61.01858,-168.0321,9.3,10.1,30,2.902,14.475,2.778,4.200645,0.521
2017,143,201702,89,70,R-01,162,9/2/2017,60.6848,-168.01,10.2,10,29,2.916,14.223,2.885,4.1474268,0.521
2019,143,201902,1,81,V-24,94,7/29/2019,62.01951,-173.0848,0.8,10.8,58,2.777,17.449,2.418,4.8455873,0.525
2019,143,201902,2,81,U-24,94,7/29/2019,61.68986,-173.0923,1.4,10.8,66,2.727,17.413,2.496,4.7485251,0.517
2019,143,201902,3,81,T-24,94,7/29/2019,61.34522,-172.9364,1.6,10.7,69,2.766,17.725,2.597,4.902735,0.517
2019,143,201902,4,81,T-23,94,7/29/2019,61.33394,-172.303,1.9,10.8,63,2.689,19.548,2.187,5.2564572,0.496
2019,143,201902,5,81,U-23,94,7/29/2019,61.65069,-172.3341,1,10.8,62,2.724,17.652,2.562,4.8084048,0.524
2019,143,201902,6,81,U-22,94,7/30/2019,61.69169,-171.552,1.3,10.8,56,2.795,17.369,2.546,4.8546355,0.502
2019,143,201902,7,81,T-22,94,7/30/2019,61.34953,-171.504,1.8,11.1,55,2.731,17.696,2.653,4.8327776,0.505
2019,143,201902,8,81,T-21,94,7/30/2019,61.32737,-170.8486,1.8,11.1,49,2.714,16.634,2.534,4.5144676,0.518
2019,143,201902,9,81,U-21,94,7/30/2019,61.66214,-170.9131,1.1,11.1,50,2.685,17.037,2.655,4.5744345,0.519
2019,143,201902,10,71,CC-05,94,8/4/2019,64.34148,-165.3457,12.7,12.9,25,2.69,14.8,2.722,3.9812,0.518
2019,143,201902,11,71,BB-05,94,8/4/2019,64.02649,-165.3183,12.7,13.2,18,2.892,14.507,2.427,4.1954244,0.52
2019,143,201902,12,71,BB-06,94,8/4/2019,64.00193,-164.5775,13.2,13.6,19,2.819,14.951,2.255,4.2146869,0.515
2019,143,201902,14,71,CC-06,94,8/5/2019,64.32562,-164.5614,12.7,12.9,16,2.886,14.726,2.883,4.2499236,0.527
2019,143,201902,15,71,CC-07,94,8/5/2019,64.33999,-163.8122,13.4,14.2,19,2.895,15.254,2.673,4.416033,0.516
2019,143,201902,16,71,BB-07,94,8/5/2019,64.01394,-163.7694,10.5,12.6,20,2.679,13.67,2.83,3.662193,0.514
2019,143,201902,17,71,BB-08,94,8/5/2019,64.0021,-163.0921,10.7,14,20,2.731,14.609,2.652,3.9897179,0.518
2019,143,201902,19,71,CC-08,94,8/6/2019,64.24656,-163.1549,13.5,14.3,21,2.794,13.599,2.719,3.7995606,0.516
2019,143,201902,20,71,CC-09,94,8/6/2019,64.33168,-162.3049,14,15.4,19,2.924,14.365,2.696,4.200326,0.517
2019,143,201902,21,71,CC-10,94,8/6/2019,64.32452,-161.5836,15.3,15.6,15,2.992,14.562,2.511,4.3569504,0.526
2019,143,201902,22,71,BB-10,94,8/6/2019,64.0103,-161.5286,14.2,14.9,19,2.828,15.479,1.839,4.3774612,0.528
2019,143,201902,23,71,BB-09,94,8/6/2019,63.99902,-162.2859,13,14.5,18,2.991,13.943,2.662,4.1703513,0.53
2019,143,201902,25,71,AA-08,94,8/7/2019,63.66949,-163.0223,13.9,14.8,15,2.745,13.34,2.884,3.66183,0.524
2019,143,201902,26,71,AA-07,94,8/7/2019,63.6639,-163.7815,13.8,14.3,15,2.842,14.133,2.672,4.0165986,0.521
2019,143,201902,28,71,AA-06,94,8/7/2019,63.67248,-164.5421,13,13.1,12,3.163,14.466,2.615,4.5755958,0.536
2019,143,201902,29,71,AA-05,94,8/7/2019,63.66492,-165.2796,12,13.4,18,2.874,14.18,2.757,4.075332,0.529
2019,143,201902,30,71,ZZ-05,94,8/8/2019,63.3328,-165.2765,13.3,14.1,15,2.96,15.593,2.157,4.615528,0.53
2019,143,201902,31,71,ZZ-04,94,8/8/2019,63.33477,-166.0096,10.4,11.6,24,2.918,15.471,2.39,4.5144378,0.531
2019,143,201902,33,71,ZZ-03,94,8/8/2019,63.34904,-166.7655,6.9,9.2,27,2.742,15.415,2.708,4.226793,0.524
2019,143,201902,34,70,Y-04,94,8/8/2019,63.01326,-166.0285,10.8,11.9,21,2.969,14.534,2.633,4.3151446,0.516
2019,143,201902,35,70,Y-03,94,8/9/2019,63.0176,-166.7434,9.1,10.9,29,2.799,15.676,2.518,4.3877124,0.524
2019,143,201902,37,70,X-03,94,8/9/2019,62.6729,-166.7323,9.8,11.3,26,2.933,15.496,2.526,4.5449768,0.527
2019,143,201902,38,70,W-03,94,8/9/2019,62.3525,-166.7421,11.6,12.3,23,2.742,14.568,2.587,3.9945456,0.512
2019,143,201902,40,70,V-03,94,8/9/2019,62.0176,-166.6901,11.9,13,22,2.86,15.043,2.615,4.302298,0.515
2019,143,201902,41,70,V-02,94,8/10/2019,61.97795,-167.4186,10.4,11.1,26,2.8,15.384,2.396,4.30752,0.528
2019,143,201902,42,70,W-02,94,8/10/2019,62.32335,-167.4373,8.7,10.6,27,2.751,15.111,2.58,4.1570361,0.526
2019,143,201902,43,70,X-02,94,8/10/2019,62.65673,-167.4477,7.9,9.1,29,2.855,14.978,2.449,4.276219,0.52
2019,143,201902,44,70,Y-02,94,8/10/2019,62.98615,-167.4857,3.9,8.6,34,2.831,15.675,2.568,4.4375925,0.52
2019,143,201902,45,71,ZZ-02,94,8/10/2019,63.33041,-167.515,3.6,9.2,33,2.367,16.368,2.443,3.8743056,0.431
2019,143,201902,47,71,BB-03,94,8/11/2019,64.01062,-166.8106,5.1,8.1,32,2.701,16.465,2.412,4.4471965,0.517
2019,143,201902,48,71,AA-03,94,8/11/2019,63.678,-166.7894,5.7,9,30,2.8,16.137,2.553,4.51836,0.523
2019,143,201902,49,71,AA-04,94,8/11/2019,63.66075,-166.0612,10.2,11.9,27,2.835,16.528,2.534,4.685688,0.524
2019,143,201902,50,71,BB-04,94,8/11/2019,63.99075,-166.0542,10.2,11.8,24,2.823,14.684,2.725,4.1452932,0.513
2019,143,201902,51,71,AA-02,94,8/13/2019,63.6825,-167.4916,4,7.8,29,2.797,16.468,1.931,4.6060996,0.523
2019,143,201902,53,71,AA-01,94,8/13/2019,63.68253,-168.2543,3.1,11.3,33,2.847,17.062,1.898,4.8575514,0.527
2019,143,201902,54,71,ZZ-01,94,8/13/2019,63.35289,-168.2648,2.3,6.5,33,2.914,16.861,2.14,4.9132954,0.527
2019,143,201902,55,70,Y-01,94,8/13/2019,63.0183,-168.2167,4.4,9.9,40,2.777,17.033,1.906,4.7300641,0.511
2019,143,201902,57,70,Y-18,94,8/14/2019,62.88519,-168.8276,2.1,7,39,2.763,16.554,2.485,4.5738702,0.513
2019,143,201902,58,70,X-18,94,8/14/2019,62.67784,-168.8698,2.3,10.5,38,2.754,16.418,2.62,4.5215172,0.511
2019,143,201902,59,70,X-01,94,8/15/2019,62.68036,-168.1789,5.7,9.9,34,2.886,16.51,2.306,4.764786,0.518
2019,143,201902,60,70,W-01,94,8/15/2019,62.35588,-168.1404,7.5,10.8,31,2.875,15.817,2.53,4.5473875,0.528
2019,143,201902,61,70,W-18,94,8/15/2019,62.34609,-168.8486,3.2,10.7,34,2.892,16.427,2.409,4.7506884,0.517
2019,143,201902,62,70,V-18,94,8/15/2019,62.01017,-168.8418,4.8,11.3,36,2.771,16.913,2.324,4.6865923,0.513
2019,143,201902,63,70,V-01,94,8/16/2019,62.01081,-168.1231,9.9,10.9,29,2.884,15.651,2.501,4.5137484,0.527
2019,143,201902,64,70,U-01,94,8/16/2019,61.67864,-168.0871,10.6,10.7,29,2.918,16.31,2.366,4.759258,0.525
2019,143,201902,65,70,U-18,94,8/16/2019,61.66567,-168.7776,8.6,10.9,36,2.774,16.394,2.416,4.5476956,0.516
2019,143,201902,66,70,T-18,94,8/16/2019,61.3408,-168.7676,10.6,10.7,35,2.801,16.051,2.529,4.4958851,0.521
2019,143,201902,67,70,T-01,94,8/17/2019,61.329,-168.1109,11.2,11.3,29,2.785,16.186,2.346,4.507801,0.524
2019,143,201902,68,70,T-02,94,8/17/2019,61.33932,-167.3913,12.5,12.6,24,2.82,14.86,2.715,4.19052,0.513
2019,143,201902,69,70,U-02,94,8/17/2019,61.65455,-167.3998,11.6,11.8,25,2.899,14.986,2.575,4.3444414,0.514
2019,143,201902,70,70,U-03,94,8/17/2019,61.6592,-166.743,12.9,13.6,22,2.729,14.917,2.709,4.0708493,0.518
2019,143,201902,72,70,T-03,94,8/18/2019,61.34322,-166.6757,13.5,13.8,14,3.057,14.122,3.015,4.3170954,0.54
2019,143,201902,73,70,S-03,94,8/18/2019,61.0111,-166.6492,14,14.2,18,3.009,14.222,2.917,4.2793998,0.537
2019,143,201902,74,70,R-03,94,8/18/2019,60.67659,-166.6225,13.4,13.9,20,2.806,14.544,2.734,4.0810464,0.52
2019,143,201902,75,70,R-02,94,8/18/2019,60.66506,-167.3026,12.5,12.8,25,3.032,15.828,2.413,4.7990496,0.529
2019,143,201902,76,70,S-02,94,8/19/2019,61.00198,-167.3394,12.6,12.5,23,2.958,14.786,2.701,4.3736988,0.525
2019,143,201902,77,70,S-01,94,8/19/2019,60.99756,-168.0101,11.9,11.9,30,2.801,15.754,2.551,4.4126954,0.527
2019,143,201902,78,70,S-18,94,8/19/2019,60.99762,-168.6891,10.8,11.7,36,2.739,15.432,2.352,4.2268248,0.515
2019,143,201902,79,70,R-01,94,8/19/2019,60.6782,-168.0184,12,12.2,30,2.921,15.479,2.571,4.5214159,0.525
2019,143,201902,80,70,R-18,94,8/20/2019,60.66753,-168.6732,10.6,11.3,36,2.925,16.235,2.37,4.7487375,0.516
2019,143,201902,81,70,R-19,94,8/20/2019,60.67605,-169.3457,7.5,11.3,42,2.667,16.061,2.407,4.2834687,0.509
2019,143,201902,1,81,W-27,162,7/28/2019,62.30649,-175.3341,0.2,10.3,80,2.741,18.719,2.578,5.1308779,0.502
2019,143,201902,2,81,W-26,162,7/29/2019,62.33363,-174.5976,-0.5,10.3,71,2.707,17.93,2.643,4.853651,0.495
2019,143,201902,3,81,W-25,162,7/29/2019,62.3338,-173.89,0.3,10.2,64,2.773,17.924,2.681,4.9703252,0.503
2019,143,201902,4,81,W-24,162,7/29/2019,62.33432,-173.1827,0.6,10.4,59,2.768,18.037,2.59,4.9926416,0.506
2019,143,201902,5,81,W-23,162,7/29/2019,62.33659,-172.4704,0.5,10.8,55,2.708,17.219,2.737,4.6629052,0.497
2019,143,201902,6,81,V-23,162,7/29/2019,62.02148,-172.3751,0.6,10.7,56,2.717,16.946,2.811,4.6042282,0.489
2019,143,201902,7,70,V-22,162,7/30/2019,61.97314,-171.652,0.8,10.8,53,2.717,17.431,2.692,4.7360027,0.5
2019,143,201902,8,81,W-22,162,7/30/2019,62.3127,-171.7242,0.7,10.6,47,2.763,16.659,2.891,4.6028817,0.503
2019,143,201902,9,70,W-21,162,7/30/2019,62.34143,-171.0728,0.7,10.9,43,2.756,17.212,2.919,4.7436272,0.505
2019,143,201902,10,70,V-21,162,7/30/2019,62.01016,-170.9812,0.7,10.9,50,2.737,17.365,2.794,4.7528005,0.501
2019,143,201902,11,71,CC-04,162,8/4/2019,64.33135,-166.0155,12.3,12.4,23,2.951,15.73,2.822,4.641923,0.533
2019,143,201902,12,71,CC-03,162,8/4/2019,64.32683,-166.8267,11.2,12.2,30,2.774,15.543,2.903,4.3116282,0.514
2019,143,201902,13,71,DD-03,162,8/4/2019,64.64538,-166.8071,11.9,12.8,25,2.853,14.38,3.281,4.102614,0.519
2019,143,201902,14,71,DD-02,162,8/5/2019,64.66144,-167.6025,8.5,8.8,30,2.787,14.936,3.404,4.1626632,0.512
2019,143,201902,15,71,EE-02,162,8/5/2019,64.99464,-167.633,9.9,10.8,34,2.745,15.109,3.183,4.1474205,0.508
2019,143,201902,16,71,FF-02,162,8/5/2019,65.29108,-167.6587,9.6,10.3,38,2.714,15.066,3.102,4.0889124,0.505
2019,143,201902,17,71,FF-01,162,8/5/2019,65.33323,-168.3589,3.9,10.6,53,2.725,16.679,2.931,4.5450275,0.497
2019,143,201902,18,71,FF-18,162,8/5/2019,65.23569,-168.895,2.1,7.5,53,2.751,15.11,3.112,4.156761,0.499
2019,143,201902,19,71,EE-19,162,8/6/2019,65.00346,-169.9235,2.8,3.9,50,2.699,16.411,3.117,4.4293289,0.505
2019,143,201902,20,71,EE-18,162,8/6/2019,65.00613,-169.1403,2.3,4.7,49,2.784,17.272,2.798,4.8085248,0.508
2019,143,201902,21,71,EE-01,162,8/6/2019,65.01327,-168.3598,3.7,10.8,45,2.901,15.222,3.176,4.4159022,0.52
2019,143,201902,22,71,DD-01,162,8/6/2019,64.67403,-168.3626,2.1,9.2,41,2.746,14.056,3.632,3.8597776,0.497
2019,143,201902,23,71,CC-01,162,8/7/2019,64.32949,-168.3493,3.4,11.3,40,2.718,14.294,3.341,3.8851092,0.498
2019,143,201902,24,71,CC-02,162,8/7/2019,64.32765,-167.6315,5.5,8.6,31,2.794,14.004,3.229,3.9127176,0.513
2019,143,201902,25,71,BB-02,162,8/7/2019,64.00734,-167.5424,4,8.7,35,2.833,14.736,3.039,4.1747088,0.504
2019,143,201902,26,71,BB-01,162,8/7/2019,64.01826,-168.2552,3,11.8,37,2.774,15.115,3.116,4.192901,0.506
2019,143,201902,27,71,BB-18,162,8/8/2019,63.95853,-169.0653,3.1,8.7,35,2.777,16.638,2.526,4.6203726,0.502
2019,143,201902,28,71,AA-18,162,8/8/2019,63.67969,-168.9986,6.3,10.4,36,2.857,14.998,3.209,4.2849286,0.512
2019,143,201902,29,71,AA-19,162,8/8/2019,63.64422,-169.7513,7.2,10.2,39,2.674,15.017,3.219,4.0155458,0.495
2019,143,201902,30,71,BB-19,162,8/8/2019,63.97691,-169.7669,3.3,8.8,35,2.77,14.726,3.443,4.079102,0.509
2019,143,201902,31,71,CC-19,162,8/8/2019,64.29052,-169.8217,2.6,8.9,39,2.86,15.118,3.867,4.323748,0.512
2019,143,201902,32,71,CC-18,162,8/9/2019,64.31723,-169.073,2.4,8.8,40,2.764,14.491,3.347,4.0053124,0.502
2019,143,201902,33,71,DD-18,162,8/9/2019,64.65492,-169.1101,2.2,8.4,44,1.533,16.345,2.961,2.5056885,0.281
2019,143,201902,34,71,DD-19,162,8/9/2019,64.65048,-169.8719,1.8,3.6,47,2.875,16.33,2.966,4.694875,0.516
2019,143,201902,35,71,DD-20,162,8/10/2019,64.64478,-170.6232,2.7,2.7,48,2.852,17.056,2.71,4.8643712,0.514
2019,143,201902,36,71,CC-20,162,8/10/2019,64.34217,-170.5833,1.9,7.3,37,2.8,15.154,3.222,4.24312,0.503
2019,143,201902,37,71,CC-21,162,8/10/2019,64.24084,-171.0823,2,10.2,40,2.817,14.896,3.005,4.1962032,0.506
2019,143,201902,38,71,BB-20,162,8/10/2019,64.00583,-170.5588,4.4,10.4,29,2.834,15.346,3.138,4.3490564,0.509
2019,143,201902,39,71,AA-21,162,8/11/2019,63.69896,-171.0501,8.3,10.8,21,1.524,15.318,3.178,2.3344632,0.275
2019,143,201902,40,71,BB-21,162,8/11/2019,64.03936,-171.3694,3.8,10.6,32,2.785,15.233,2.831,4.2423905,0.513
2019,143,201902,41,71,BB-22,162,8/11/2019,64.0086,-171.9959,1.5,10.6,53,1.911,17.397,2.752,3.3245667,0.347
2019,143,201902,42,81,AA-23,162,8/13/2019,63.65857,-172.7493,0.3,9.8,56,2.878,17.12,2.892,4.927136,0.521
2019,143,201902,43,70,AA-22,162,8/13/2019,63.70331,-172.0616,0.7,10.8,35,1.093,16.343,2.842,1.7862899,0.227
2019,143,201902,44,70,ZZ-22,162,8/13/2019,63.30671,-172.0057,0.6,10.6,59,2.615,17.655,2.741,4.6167825,0.48
2019,143,201902,45,81,ZZ-23,162,8/13/2019,63.32958,-172.6205,0.4,10.7,63,2.836,17.73,2.467,5.028228,0.517
2019,143,201902,46,81,ZZ-24,162,8/13/2019,63.33568,-173.3783,0,10.9,71,2.798,17.869,2.601,4.9997462,0.505
2019,143,201902,47,81,Y-23,162,8/14/2019,63.03515,-172.6095,-0.5,10.2,62,2.791,17.876,2.613,4.9891916,0.511
2019,143,201902,49,81,Y-24,162,8/14/2019,63.02231,-173.2834,-0.6,10.1,70,2.801,17.815,2.697,4.9899815,0.507
2019,143,201902,50,81,Y-25,162,8/14/2019,63.00002,-173.9799,-0.2,11.1,74,2.844,21.184,2.932,6.0247296,0.516
2019,143,201902,52,81,X-26,162,8/14/2019,62.67695,-174.6071,-0.1,10.6,74,2.894,18.466,2.637,5.3440604,0.524
2019,143,201902,53,81,X-25,162,8/15/2019,62.6431,-173.9083,-0.5,10.1,69,2.684,19.455,2.37,5.221722,0.495
2019,143,201902,54,81,X-24,162,8/15/2019,62.67963,-173.195,0.1,10.3,65,2.764,18.435,2.549,5.095434,0.509
2019,143,201902,55,81,X-23,162,8/15/2019,62.66838,-172.5354,0.8,10.3,55,2.734,16.889,2.433,4.6174526,0.5
2019,143,201902,56,70,X-22,162,8/15/2019,62.66478,-171.8488,0.8,10,50,2.76,16.767,2.837,4.627692,0.512
2019,143,201902,57,70,Y-22,162,8/15/2019,62.9616,-171.805,-0.6,10.6,53,2.76,17.005,2.566,4.69338,0.503
2019,143,201902,58,70,ZZ-21,162,8/16/2019,63.27878,-171.1296,1.3,7.5,31,1.406,16.9,2.752,2.37614,0.262
2019,143,201902,59,70,Y-21,162,8/16/2019,63.01457,-171.1265,-0.5,9.8,48,2.825,16.648,2.784,4.70306,0.519
2019,143,201902,60,70,Y-20,162,8/16/2019,62.95381,-170.5206,-0.2,9.5,40,2.775,15.252,3.08,4.23243,0.506
2019,143,201902,61,70,X-21,162,8/16/2019,62.68828,-171.0909,0.5,9.7,45,2.867,16.631,2.952,4.7681077,0.523
2019,143,201902,62,70,X-20,162,8/17/2019,62.67244,-170.3564,0.2,10,40,2.723,15.43,3.036,4.201589,0.499
2019,143,201902,63,70,X-19,162,8/17/2019,62.67695,-169.6703,1.1,10,38,2.747,15.51,3.017,4.260597,0.502
2019,143,201902,64,70,W-19,162,8/17/2019,62.35878,-169.5935,2.7,10.6,36,2.804,15.931,2.869,4.4670524,0.51
2019,143,201902,65,70,W-20,162,8/17/2019,62.32116,-170.2589,2.6,10.7,41,2.784,15.589,3.092,4.3399776,0.499
2019,143,201902,66,70,V-20,162,8/18/2019,61.99812,-170.269,1.6,11.3,47,2.844,16.583,2.827,4.7162052,0.521
2019,143,201902,67,70,V-19,162,8/18/2019,61.99596,-169.5863,2.4,11.3,42,2.926,16.464,2.866,4.8173664,0.524
2019,143,201902,68,70,U-19,162,8/18/2019,61.68279,-169.4955,5.5,11.5,41,2.816,14.976,3.035,4.2172416,0.506
2019,143,201902,69,70,U-20,162,8/18/2019,61.6742,-170.1601,2.5,11.5,46,2.874,16.36,2.751,4.701864,0.517
2019,143,201902,70,70,T-20,162,8/18/2019,61.34999,-170.1705,3.8,11.9,47,2.82,15.995,2.574,4.51059,0.52
2019,143,201902,71,70,T-19,162,8/19/2019,61.33962,-169.4601,8.7,11.5,40,2.777,14.305,3.187,3.9724985,0.506
2019,143,201902,72,70,S-19,162,8/19/2019,61.01003,-169.41,6.3,11.5,41,2.784,14.193,3.041,3.9513312,0.503
2019,143,201902,73,70,S-20,162,8/19/2019,60.99273,-170.0469,4.1,11.5,48,2.859,16.149,2.666,4.6169991,0.518
2019,143,201902,74,81,S-21,162,8/19/2019,60.99418,-170.7441,2.9,11.6,54,2.823,16.614,2.641,4.6901322,0.513
2019,143,201902,75,81,R-21,162,8/20/2019,60.68104,-170.7835,3.1,11.5,59,2.83,17.386,2.557,4.920238,0.528
2019,143,201902,76,70,R-20,162,8/20/2019,60.67623,-170.1085,4.2,11.6,50,2.821,16.999,2.574,4.7954179,0.515
2021,143,202102,1,81,U-24,94,7/22/2021,61.686,-173.0776,1.1,8.5,66,2.839,18.996,2.223,5.3929644,0.529
2021,143,202102,2,81,T-24,94,7/22/2021,61.37158,-172.9201,1.6,8.8,68,2.789,18.044,2.256,5.0324716,0.512
2021,143,202102,3,81,T-23,94,7/23/2021,61.34965,-172.2251,0.8,8.8,63,2.789,19.066,2.215,5.3175074,0.511
2021,143,202102,4,81,T-22,94,7/23/2021,61.33899,-171.5572,1.5,9.2,56,2.749,18.43,2.601,5.066407,0.506
2021,143,202102,5,81,U-22,94,7/23/2021,61.65143,-171.5133,0.6,8.9,54,2.941,16.651,2.494,4.8970591,0.53
2021,143,202102,6,81,U-23,94,7/23/2021,61.66434,-172.2655,0.5,9.3,61,2.856,17.526,2.596,5.0054256,0.519
2021,143,202102,7,81,V-24,94,7/24/2021,61.99142,-173.1373,-0.8,8.2,60,2.872,17.448,2.547,5.0110656,0.53
2021,143,202102,8,81,V-23,94,7/24/2021,62.00324,-172.4304,-1.2,8.4,55,2.932,18.238,2.35,5.3473816,0.528
2021,143,202102,9,81,W-23,94,7/24/2021,62.31602,-172.3989,-1.2,8.5,53,2.699,16.667,2.461,4.4984233,0.514
2021,143,202102,10,81,W-22,94,7/24/2021,62.34441,-171.7883,-1.1,8.1,47,2.77,16.632,2.74,4.607064,0.522
2021,143,202102,11,70,V-22,94,7/24/2021,62.03713,-171.6528,-1,8.6,51,2.734,16.905,2.439,4.621827,0.508
2021,143,202102,12,70,V-21,94,7/25/2021,61.96982,-171.0834,-0.6,8.7,51,2.743,18.655,2.666,5.1170665,0.51
2021,143,202102,13,70,V-20,94,7/25/2021,61.99482,-170.2827,-1,8.4,47,2.772,17.224,2.612,4.7744928,0.515
2021,143,202102,14,70,W-20,94,7/25/2021,62.29353,-170.2717,-0.3,8.7,42,2.694,16.041,2.534,4.3214454,0.506
2021,143,202102,15,70,W-21,94,7/25/2021,62.33164,-170.9688,-0.9,8.5,43,2.841,15.794,2.796,4.4870754,0.503
2021,143,202102,16,70,X-21,94,7/26/2021,62.6296,-170.9653,-1.2,8.3,45,2.724,16.489,2.64,4.4916036,0.519
2021,143,202102,17,70,Y-21,94,7/26/2021,62.99213,-171.1063,-1.5,7.5,47,2.662,16.54,2.461,4.402948,0.514
2021,143,202102,18,70,ZZ-21,94,7/26/2021,63.20622,-171.1728,-1.4,7.7,40,1.365,15.975,2.66,2.1805875,0.255
2021,143,202102,19,70,Y-20,94,7/26/2021,62.95266,-170.5053,-1.4,7.7,42,2.755,15.807,2.849,4.3548285,0.504
2021,143,202102,20,70,X-20,94,7/26/2021,62.68677,-170.3615,-0.9,8.3,43,2.698,16.508,2.613,4.4538584,0.504
2021,143,202102,21,70,X-19,94,7/27/2021,62.6501,-169.6405,-0.7,7.6,40,2.74,15.479,2.62,4.241246,0.506
2021,143,202102,22,70,X-18,94,7/27/2021,62.6458,-168.9102,0.2,7.3,35,2.911,15.736,2.66,4.5807496,0.518
2021,143,202102,23,70,Y-18,94,7/27/2021,62.8552,-168.8419,-0.2,1.7,40,2.811,15.902,2.563,4.4700522,0.509
2021,143,202102,24,70,Y-01,94,7/27/2021,62.98435,-168.2007,0.8,4.1,40,2.705,16.132,2.564,4.363706,0.501
2021,143,202102,25,71,AA-18,94,7/28/2021,63.66892,-168.9558,1.5,6.8,36,2.782,15.855,2.57,4.410861,0.516
2021,143,202102,26,71,AA-19,94,7/28/2021,63.67344,-169.6631,6.7,6.8,40,2.655,15.542,2.675,4.126401,0.505
2021,143,202102,27,71,BB-19,94,7/28/2021,63.97117,-169.758,2.7,7.5,35,2.707,15.062,2.811,4.0772834,0.517
2021,143,202102,28,71,BB-18,94,7/29/2021,63.98995,-169.0842,6.4,6.9,34,2.712,15.007,2.337,4.0698984,0.513
2021,143,202102,29,71,BB-01,94,7/29/2021,64.0121,-168.3417,0.7,6.6,37,2.716,15.72,2.638,4.269552,0.507
2021,143,202102,30,71,AA-01,94,7/29/2021,63.70083,-168.2758,0.9,6.2,33,2.715,16.249,2.592,4.4116035,0.514
2021,143,202102,31,71,ZZ-01,94,7/29/2021,63.38473,-168.2898,0.4,3.6,29,2.885,15.432,2.66,4.452132,0.527
2021,143,202102,32,71,ZZ-02,94,7/30/2021,63.31423,-167.5675,2.1,5.1,35,2.787,15.703,2.774,4.3764261,0.518
2021,143,202102,33,71,AA-02,94,7/30/2021,63.64793,-167.532,3.3,3.8,29,2.859,15.378,2.783,4.3965702,0.531
2021,143,202102,34,71,BB-02,94,7/30/2021,64.01642,-167.5622,3.5,4.7,35,2.887,15.124,2.902,4.3662988,0.528
2021,143,202102,35,71,CC-04,94,8/2/2021,64.32496,-165.9937,9.3,9.3,23,3.072,15.741,2.431,4.8356352,0.552
2021,143,202102,36,71,BB-04,94,8/2/2021,64.01469,-166.0591,8.3,9.6,23,2.72,15.855,2.369,4.31256,0.53
2021,143,202102,37,70,R-02,94,8/12/2021,60.64047,-167.343,9.7,9.8,26,3.019,15.159,2.943,4.5765021,0.55
2021,143,202102,39,70,R-03,94,8/12/2021,60.67378,-166.7462,10.8,11,22,3.085,14.001,3.035,4.3193085,0.534
2021,143,202102,46,70,V-03,94,8/14/2021,62.00706,-166.7053,10.2,11,23,2.934,14.426,2.992,4.2325884,0.532
2021,143,202102,47,70,V-02,94,8/14/2021,62.00425,-167.3703,8.9,8.9,26,2.993,14.882,2.779,4.4541826,0.548
2021,143,202102,48,70,U-02,94,8/14/2021,61.68276,-167.3972,9.7,9.7,25,3.102,14.812,2.693,4.5946824,0.545
2021,143,202102,49,70,U-03,94,8/14/2021,61.66843,-166.7518,10.2,10.7,23,2.785,14.55,2.684,4.052175,0.535
2021,143,202102,50,70,T-03,94,8/14/2021,61.37613,-166.7544,11,11,17,3.024,13.96,2.825,4.221504,0.546
2021,143,202102,51,70,S-03,94,8/15/2021,60.98278,-166.715,10.5,10.8,21,2.986,14.138,3.03,4.2216068,0.533
2021,143,202102,52,70,S-02,94,8/15/2021,60.98621,-167.291,10.1,10.1,23,3.114,14.095,3.161,4.389183,0.544
2021,143,202102,53,70,T-02,94,8/15/2021,61.31265,-167.3328,10,10,24,2.841,14.532,2.662,4.1285412,0.533
2021,143,202102,54,70,T-01,94,8/15/2021,61.32838,-167.9789,9.2,9.1,29,2.819,16.221,2.396,4.5726999,0.543
2021,143,202102,55,70,T-18,94,8/15/2021,61.32462,-168.674,8.4,8.4,34,3.033,15.676,2.461,4.7545308,0.535
2021,143,202102,56,70,T-19,94,8/16/2021,61.33352,-169.3989,7.6,8.6,41,2.803,15.772,2.5,4.4208916,0.52
2021,143,202102,57,70,S-19,94,8/16/2021,61.00399,-169.4505,7.8,8.4,41,2.897,15.539,2.349,4.5016483,0.515
2021,143,202102,58,70,S-18,94,8/16/2021,61.00798,-168.7683,8.4,8.5,36,2.877,16.077,2.539,4.6253529,0.537
2021,143,202102,59,70,S-01,94,8/16/2021,61.01816,-168.0565,9.1,9.1,30,2.799,15.07,2.22,4.218093,0.54
2021,143,202102,60,70,R-01,94,8/16/2021,60.70601,-168.0095,9.1,9.2,29,3.027,16.302,2.348,4.9346154,0.54
2021,143,202102,2,81,W-27,162,7/23/2021,62.33336,-175.3018,-0.6,9.2,79,2.738,17.088,2.656,4.6786944,0.51
2021,143,202102,3,81,W-26,162,7/23/2021,62.3255,-174.6206,-1.5,8.9,72,2.806,16.612,2.579,4.6613272,0.513
2021,143,202102,4,81,X-26,162,7/23/2021,62.64921,-174.6376,-1.7,8.3,73,2.778,17.092,2.616,4.7481576,0.522
2021,143,202102,5,81,X-25,162,7/23/2021,62.67151,-173.9166,-1.7,8.3,70,2.747,16.563,2.513,4.5498561,0.503
2021,143,202102,6,81,W-25,162,7/24/2021,62.32907,-173.8566,-1.2,8.4,64,2.796,16.58,2.479,4.635768,0.51
2021,143,202102,7,81,W-24,162,7/24/2021,62.3374,-173.1702,-1.3,8.6,59,2.765,17.099,2.485,4.7278735,0.513
2021,143,202102,8,81,X-24,162,7/24/2021,62.65133,-173.1736,-1.6,8.2,64,2.71,17.111,2.628,4.637081,0.504
2021,143,202102,9,81,X-23,162,7/24/2021,62.66675,-172.4679,-1.3,8.2,54,2.761,16.444,2.726,4.5401884,0.501
2021,143,202102,10,70,X-22,162,7/24/2021,62.67009,-171.84,-1.2,8.4,50,2.739,16.555,2.772,4.5344145,0.507
2021,143,202102,11,70,Y-22,162,7/25/2021,63.00672,-171.7404,-1.6,7.7,54,2.805,16.963,2.611,4.7581215,0.51
2021,143,202102,12,81,Y-23,162,7/25/2021,63.00412,-172.5364,-1.7,7.8,61,2.819,17.603,2.631,4.9622857,0.509
2021,143,202102,13,81,Y-24,162,7/25/2021,63.00338,-173.1881,-1.7,7.5,69,2.768,17.317,2.66,4.7933456,0.499
2021,143,202102,14,81,Y-25,162,7/25/2021,63.00042,-173.9544,-1.7,8,73,2.778,18.687,2.431,5.1912486,0.507
2021,143,202102,15,81,ZZ-24,162,7/26/2021,63.33936,-173.3844,-1.6,7.4,71,2.709,17.039,2.667,4.6158651,0.5
2021,143,202102,16,81,ZZ-23,162,7/26/2021,63.33366,-172.6521,-1.1,7.6,64,2.78,16.615,2.65,4.61897,0.514
2021,143,202102,18,70,ZZ-22,162,7/26/2021,63.24549,-171.9689,-1.5,7.6,59,2.863,16.932,2.561,4.8476316,0.529
2021,143,202102,19,70,AA-22,162,7/26/2021,63.52304,-171.9891,-1,7.8,36,2.763,14.745,3.057,4.0740435,0.508
2021,143,202102,20,81,AA-23,162,7/26/2021,63.64808,-172.6541,-1.5,7.9,55,2.777,16.552,2.855,4.5964904,0.5
2021,143,202102,22,71,BB-22,162,7/27/2021,64.02263,-171.7908,-0.9,8.2,50,2.757,17.305,2.864,4.7709885,0.506
2021,143,202102,23,71,BB-21,162,7/27/2021,64.05634,-171.3326,0.9,7.7,33,2.843,16.212,2.708,4.6090716,0.519
2021,143,202102,24,71,BB-20,162,7/27/2021,64.00664,-170.5521,3,7.4,26,2.83,15.151,2.786,4.287733,0.514
2021,143,202102,25,71,AA-21,162,7/27/2021,63.70028,-171.0225,6.7,6.7,21,2.864,14.757,3.186,4.2264048,0.516
2021,143,202102,26,71,CC-21,162,7/28/2021,64.24166,-171.084,0.3,7.8,40,2.728,15.595,3.145,4.254316,0.505
2021,143,202102,27,71,CC-20,162,7/28/2021,64.29068,-170.6612,0.6,7.9,34,2.762,15.721,3.28,4.3421402,0.503
2021,143,202102,28,71,CC-19,162,7/29/2021,64.30595,-169.8237,0.3,5.9,39,2.76,15.634,3.094,4.314984,0.504
2021,143,202102,29,71,DD-19,162,7/29/2021,64.64579,-169.8947,0.3,0.9,47,2.74,16.461,2.737,4.510314,0.508
2021,143,202102,30,71,DD-20,162,7/29/2021,64.64771,-170.6413,0.8,0.9,48,1.809,16.508,2.879,2.9862972,0.337
2021,143,202102,32,71,EE-19,162,7/29/2021,64.99945,-169.9694,0.9,0.4,49,2.758,16.385,2.855,4.518983,0.509
2021,143,202102,33,71,FF-18,162,7/30/2021,65.26033,-168.9236,2.2,7.6,52,2.79,15.448,2.793,4.309992,0.514
2021,143,202102,34,71,EE-18,162,7/30/2021,65.02319,-169.0742,1.3,1.6,49,2.771,16.34,2.992,4.527814,0.507
2021,143,202102,35,71,DD-18,162,7/30/2021,64.66633,-169.134,-0.1,2.2,44,2.828,16.315,2.801,4.613882,0.516
2021,143,202102,36,71,CC-18,162,7/30/2021,64.34471,-169.0816,0.3,7.4,39,2.763,14.891,2.786,4.1143833,0.502
2021,143,202102,37,71,CC-01,162,7/31/2021,64.32005,-168.3448,0.7,7.5,40,2.72,14.899,3.151,4.052528,0.503
2021,143,202102,38,71,DD-01,162,7/31/2021,64.64174,-168.3264,1.6,7.2,39,2.764,14.443,3.169,3.9920452,0.51
2021,143,202102,39,71,EE-01,162,7/31/2021,64.98236,-168.3442,3.4,7,44,2.708,13.939,3.182,3.7746812,0.501
2021,143,202102,40,71,FF-01,162,7/31/2021,65.31198,-168.3582,4.9,5.6,53,2.808,16.381,2.702,4.5997848,0.507
2021,143,202102,41,71,CC-02,162,8/1/2021,64.3205,-167.5777,6.3,7.4,31,2.797,14.269,3.118,3.9910393,0.516
2021,143,202102,42,71,DD-02,162,8/1/2021,64.64507,-167.6019,7.4,7.6,31,2.818,14.537,3.211,4.0965266,0.516
2021,143,202102,43,71,EE-02,162,8/1/2021,64.98869,-167.6318,9.3,9.3,34,2.779,14.565,2.769,4.0476135,0.518
2021,143,202102,44,71,FF-02,162,8/1/2021,65.2775,-167.8918,8.4,9.5,34,2.765,14.736,2.836,4.074504,0.504
2021,143,202102,45,71,DD-03,162,8/5/2021,64.68669,-166.8545,10.1,10,26,2.835,15.074,2.906,4.273479,0.521
2021,143,202102,46,71,CC-03,162,8/5/2021,64.36577,-166.8474,5.3,7,31,2.794,14.88,2.786,4.157472,0.514
2021,143,202102,47,71,BB-03,162,8/5/2021,64.01449,-166.8227,3.2,6.8,33,2.812,15.171,3.067,4.2660852,0.516
2021,143,202102,48,71,AA-03,162,8/5/2021,63.69164,-166.7912,4.6,5.6,30,2.869,15.254,2.97,4.3763726,0.525
2021,143,202102,49,71,AA-04,162,8/5/2021,63.67013,-166.1382,7.5,8.5,27,2.908,15.267,2.911,4.4396436,0.526
2021,143,202102,50,71,AA-05,162,8/6/2021,63.66105,-165.3449,10.6,10.8,19,2.863,14.389,2.962,4.1195707,0.522
2021,143,202102,51,71,BB-05,162,8/6/2021,63.98058,-165.3114,10.8,10.8,18,2.814,13.896,3.17,3.9103344,0.516
2021,143,202102,52,71,CC-05,162,8/6/2021,64.30178,-165.3449,10.7,11.2,22,2.797,13.268,3.121,3.7110596,0.513
2021,143,202102,53,71,CC-06,162,8/6/2021,64.33172,-164.596,8.5,13.4,18,2.927,13.339,5.357,3.9043253,0.523
2021,143,202102,54,71,BB-06,162,8/7/2021,64.00063,-164.5979,11.1,11.2,20,2.953,13.937,2.777,4.1155961,0.529
2021,143,202102,55,71,BB-07,162,8/7/2021,64.00061,-163.8699,8.1,11.5,20,2.985,13.463,2.733,4.0187055,0.529
2021,143,202102,56,71,CC-07,162,8/7/2021,64.32326,-163.8534,9.5,13.1,19,2.889,13.239,2.761,3.8247471,0.531
2021,143,202102,57,71,CC-08,162,8/7/2021,64.24725,-163.1933,7.7,14,21,2.897,12.527,2.749,3.6290719,0.53
2021,143,202102,58,71,BB-08,162,8/7/2021,64.03698,-163.0712,8.4,13.2,20,2.978,13.509,2.86,4.0229802,0.528
2021,143,202102,59,71,CC-09,162,8/8/2021,64.34414,-162.2971,6.3,13.8,18,2.964,13.656,2.966,4.0476384,0.532
2021,143,202102,60,71,CC-10,162,8/8/2021,64.3181,-161.5907,11.1,14,15,3.063,13.354,2.827,4.0903302,0.536
2021,143,202102,61,71,BB-10,162,8/8/2021,64.00951,-161.5455,4.7,13.7,19,2.978,13.776,2.795,4.1024928,0.529
2021,143,202102,62,71,BB-09,162,8/8/2021,63.99813,-162.2839,5.7,13.2,18,3.014,13.85,2.704,4.17439,0.535
2021,143,202102,63,71,AA-08,162,8/9/2021,63.66493,-163.0271,11.7,13.6,15,2.972,13.244,2.478,3.9361168,0.537
2021,143,202102,64,71,AA-07,162,8/9/2021,63.6671,-163.7769,12.5,12.5,15,3.071,13.49,2.665,4.142779,0.54
2021,143,202102,65,71,AA-06,162,8/9/2021,63.66702,-164.5343,11.9,12,11,3.233,13.395,3.056,4.3306035,0.556
2021,143,202102,66,71,ZZ-05,162,8/9/2021,63.34812,-165.326,11.2,12.9,16,3.062,14.495,2.443,4.438369,0.536
2021,143,202102,67,70,Y-04,162,8/10/2021,62.99276,-166.0315,9.8,9.8,22,3.056,14.445,2.573,4.414392,0.55
2021,143,202102,68,71,ZZ-04,162,8/10/2021,63.31956,-166.0042,9.4,9.3,24,3.141,14.743,2.513,4.6307763,0.546
2021,143,202102,69,71,ZZ-03,162,8/10/2021,63.33383,-166.6958,8.2,8.1,27,3.028,14.672,2.443,4.4426816,0.542
2021,143,202102,70,70,Y-03,162,8/10/2021,63.01403,-166.7353,8.9,9.1,28,3.012,15.15,2.397,4.56318,0.538
2021,143,202102,71,70,Y-02,162,8/10/2021,62.99893,-167.3973,2,8.3,36,2.832,15.327,2.496,4.3406064,0.522
2021,143,202102,72,70,X-01,162,8/11/2021,62.64649,-168.2135,1,8.1,35,2.858,15.033,2.898,4.2964314,0.526
2021,143,202102,73,70,X-02,162,8/11/2021,62.66538,-167.5115,3,8.4,28,2.964,14.866,2.659,4.4062824,0.54
2021,143,202102,74,70,X-03,162,8/11/2021,62.67692,-166.7683,9.6,9.9,26,3.025,14.168,2.836,4.28582,0.541
2021,143,202102,75,70,W-03,162,8/11/2021,62.35196,-166.7185,10.2,10.5,22,3.099,14.503,2.641,4.4944797,0.547
2021,143,202102,77,70,W-02,162,8/11/2021,62.3337,-167.4932,8.7,9,27,2.986,15.02,2.56,4.484972,0.539
2021,143,202102,78,70,W-01,162,8/12/2021,62.3523,-168.1407,3.3,8.7,31,2.968,15.099,2.754,4.4813832,0.529
2021,143,202102,79,70,W-18,162,8/12/2021,62.32918,-168.8473,1.3,8.8,35,2.896,15.118,2.763,4.3781728,0.522
2021,143,202102,80,70,W-19,162,8/12/2021,62.33093,-169.5885,-0.3,8.4,37,2.876,15.344,2.721,4.4129344,0.525
2021,143,202102,81,70,V-19,162,8/12/2021,62.03037,-169.5538,1.8,8.8,42,2.822,15.202,2.716,4.2900044,0.515
2021,143,202102,82,70,V-18,162,8/13/2021,61.99472,-168.8257,3.8,8.7,36,2.834,15.086,2.512,4.2753724,0.522
2021,143,202102,83,70,V-01,162,8/13/2021,62.00931,-168.1506,8.4,8.5,28,2.988,15.332,2.191,4.5812016,0.536
2021,143,202102,84,70,U-01,162,8/13/2021,61.69325,-168.0826,8.1,9,28,2.968,15.083,2.398,4.4766344,0.534
2021,143,202102,85,70,U-18,162,8/13/2021,61.66627,-168.7623,7.5,8.4,36,2.983,14.753,2.377,4.4008199,0.522
2021,143,202102,86,70,U-19,162,8/13/2021,61.66712,-169.4411,5.1,8.7,41,2.815,15.217,2.672,4.2835855,0.516
2021,143,202102,87,70,U-20,162,8/15/2021,61.66996,-170.185,3.2,8.7,47,3.09,17.147,1.696,5.298423,0.543
2021,143,202102,88,81,U-21,162,8/15/2021,61.66868,-170.9047,2,8.4,50,2.905,17.39,1.772,5.051795,0.527
2021,143,202102,89,81,T-21,162,8/15/2021,61.34463,-170.8639,2.7,8.8,50,2.948,17.231,1.663,5.0796988,0.526
2021,143,202102,90,70,T-20,162,8/15/2021,61.33581,-170.2015,4.3,8.7,48,2.927,17.564,1.72,5.1409828,0.532
2021,143,202102,91,70,S-20,162,8/15/2021,61.00841,-170.1348,4.9,9.1,49,2.864,17.267,1.752,4.9452688,0.527
2021,143,202102,92,81,S-21,162,8/16/2021,61.01249,-170.8051,3.5,9.3,54,2.859,17.475,1.761,4.9961025,0.522
2021,143,202102,93,81,R-21,162,8/16/2021,60.68356,-170.774,3.6,9.7,59,2.958,17.582,1.572,5.2007556,0.54
2021,143,202102,94,70,R-20,162,8/16/2021,60.66973,-170.081,4.5,9.5,50,2.939,16.722,1.865,4.9145958,0.529
2021,143,202102,95,70,R-19,162,8/16/2021,60.67208,-169.3967,7.7,8.9,43,3.056,15.935,2.172,4.869736,0.541
2021,143,202102,96,70,R-18,162,8/16/2021,60.667,-168.7284,8.5,8.5,38,2.873,15.944,2.14,4.5807112,0.526
2022,143,202202,1,81,U-24,94,7/29/2022,61.6667,-173.1204,-1,8,65,2.752,17.987,2.486,4.9500224,0.519
2022,143,202202,2,81,V-24,94,7/29/2022,61.99653,-173.079,-0.9,7.8,57,2.905,17.552,2.399,5.098856,0.524
2022,143,202202,3,71,CC-05,94,8/2/2022,64.33044,-165.3374,11.4,12.7,23,3.143,15.421,2.283,4.8468203,0.557
2022,143,202202,4,71,CC-06,94,8/2/2022,64.32204,-164.5706,12,14.1,15,3.032,14.371,2.938,4.3572872,0.544
2022,143,202202,5,71,BB-06,94,8/2/2022,64.00613,-164.5789,10.2,12.3,18,2.887,15.535,2.417,4.4849545,0.532
2022,143,202202,6,71,BB-07,94,8/2/2022,63.99868,-163.8612,10.8,14.2,17,2.816,14.954,2.39,4.2110464,0.532
2022,143,202202,7,71,CC-07,94,8/3/2022,64.33993,-163.8158,11.2,13.6,18,3.051,14.937,2.581,4.5572787,0.536
2022,143,202202,8,71,CC-08,94,8/3/2022,64.24664,-163.1591,10.7,12.9,20,3.045,14.29,2.745,4.351305,0.538
2022,143,202202,9,71,CC-09,94,8/3/2022,64.33069,-162.3197,11.6,13.2,18,2.889,14.66,2.611,4.235274,0.533
2022,143,202202,10,71,CC-10,94,8/3/2022,64.32988,-161.601,11,13.3,14,2.892,13.961,2.922,4.0375212,0.52
2022,143,202202,11,71,BB-10,94,8/4/2022,64.01371,-161.5309,9.7,13,17,2.904,15.472,2.562,4.4930688,0.526
2022,143,202202,12,71,BB-09,94,8/4/2022,64.00619,-162.2692,10.2,12,17,3.018,15.514,2.564,4.6821252,0.543
2022,143,202202,13,71,BB-08,94,8/4/2022,63.97936,-163.0456,9.9,13.1,18,2.772,14.119,2.826,3.9137868,0.534
2022,143,202202,14,71,AA-08,94,8/4/2022,63.65625,-163.0668,10.1,13.7,14,2.928,14.682,2.858,4.2988896,0.534
2022,143,202202,15,71,BB-05,94,8/5/2022,64.03226,-165.3191,8.8,10.5,18,2.854,14.608,2.711,4.1691232,0.514
2022,143,202202,16,71,AA-05,94,8/5/2022,63.68384,-165.3647,7.2,10.1,18,2.88,14.647,2.666,4.218336,0.519
2022,143,202202,17,71,AA-06,94,8/5/2022,63.6749,-164.6568,10.9,11.5,11,2.873,14.996,2.692,4.3083508,0.522
2022,143,202202,18,71,AA-07,94,8/5/2022,63.67012,-163.8896,10.7,11.9,13,2.921,14.643,2.717,4.2772203,0.526
2022,143,202202,19,71,BB-04,94,8/6/2022,63.98436,-166.0262,5.9,7.8,22,2.834,14.954,2.793,4.2379636,0.514
2022,143,202202,20,71,BB-03,94,8/6/2022,63.99944,-166.779,3.7,7.6,32,2.833,16.174,2.549,4.5820942,0.521
2022,143,202202,21,71,CC-03,94,8/6/2022,64.32156,-166.8225,4.4,10.1,28,3.008,15.488,2.484,4.6587904,0.546
2022,143,202202,22,71,CC-02,94,8/6/2022,64.35664,-167.5675,2.7,6.9,31,2.846,15.185,2.564,4.321651,0.528
2022,143,202202,23,71,CC-01,94,8/7/2022,64.35025,-168.3522,4.2,6.5,39,2.707,15.026,2.578,4.0675382,0.505
2022,143,202202,24,71,BB-01,94,8/7/2022,64.03572,-168.2961,3.5,6.9,35,2.807,15.919,2.477,4.4684633,0.514
2022,143,202202,25,71,BB-02,94,8/7/2022,64.02572,-167.5795,3.6,7.9,33,2.853,16.107,2.489,4.5953271,0.521
2022,143,202202,26,71,AA-02,94,8/7/2022,63.68723,-167.5675,4,7.4,28,2.829,15.878,2.537,4.4918862,0.524
2022,143,202202,27,70,Y-18,94,8/8/2022,62.86103,-168.851,0.6,6.4,39,2.699,15.578,2.553,4.2045022,0.511
2022,143,202202,28,70,X-18,94,8/8/2022,62.66599,-168.9166,-0.1,6.3,35,2.831,15.454,2.67,4.3750274,0.513
2022,143,202202,29,70,X-19,94,8/8/2022,62.65983,-169.6282,0.5,5.8,39,2.785,15.04,2.71,4.18864,0.511
2022,143,202202,30,70,X-20,94,8/8/2022,62.68433,-170.2741,-0.3,6.5,42,2.791,15.933,2.749,4.4469003,0.514
2022,143,202202,31,70,W-20,94,8/9/2022,62.34302,-170.2941,0.7,7.5,40,2.817,15.693,2.796,4.4207181,0.515
2022,143,202202,32,70,W-19,94,8/9/2022,62.35546,-169.6114,1.5,7,35,2.788,15.227,2.778,4.2452876,0.523
2022,143,202202,33,70,W-18,94,8/9/2022,62.34767,-168.8854,2.9,7.3,34,2.782,15.147,2.671,4.2138954,0.519
2022,143,202202,34,70,W-01,94,8/9/2022,62.34941,-168.1874,4.7,6.7,30,2.795,15.422,2.592,4.310449,0.521
2022,143,202202,35,70,X-01,94,8/10/2022,62.65505,-168.2168,3.3,6.3,33,2.744,15.278,2.678,4.1922832,0.519
2022,143,202202,36,70,Y-01,94,8/10/2022,62.97471,-168.2102,1.7,6,39,2.754,15.023,2.803,4.1373342,0.511
2022,143,202202,37,71,ZZ-01,94,8/10/2022,63.35717,-168.2394,3.1,7,27,2.858,14.278,3.024,4.0806524,0.519
2022,143,202202,38,71,AA-01,94,8/10/2022,63.65234,-168.2868,2.5,6.8,31,2.776,15.267,2.79,4.2381192,0.522
2022,143,202202,39,71,ZZ-02,94,8/11/2022,63.34064,-167.5621,3.8,7.1,33,2.873,15.258,2.484,4.3836234,0.524
2022,143,202202,40,71,ZZ-03,94,8/11/2022,63.31618,-166.7688,5.7,7.9,26,2.772,15.134,2.594,4.1951448,0.529
2022,143,202202,41,71,AA-03,94,8/11/2022,63.65286,-166.7876,4.4,7.7,28,2.851,15.025,2.458,4.2836275,0.529
2022,143,202202,42,71,AA-04,94,8/11/2022,63.65861,-166.0689,5.2,7.4,25,2.851,15.218,2.495,4.3386518,0.527
2022,143,202202,43,71,ZZ-05,94,8/12/2022,63.33377,-165.2715,8.9,8.8,14,2.919,14.238,3.105,4.1560722,0.527
2022,143,202202,44,71,ZZ-04,94,8/12/2022,63.33366,-166.0159,7.7,8,22,2.931,14.348,2.867,4.2053988,0.519
2022,143,202202,45,70,Y-04,94,8/12/2022,63.02224,-165.9964,9.4,9.6,20,2.905,13.469,3.313,3.9127445,0.534
2022,143,202202,46,70,Y-03,94,8/12/2022,63.00675,-166.7157,8.5,8.9,28,2.9,15.654,2.598,4.53966,0.518
2022,143,202202,47,70,Y-02,94,8/12/2022,62.99006,-167.4554,3.9,7.8,34,2.77,15.346,2.579,4.250842,0.511
2022,143,202202,48,70,W-03,94,8/13/2022,62.31659,-166.7193,10.3,10.3,21,2.894,14.219,3,4.1149786,0.522
2022,143,202202,49,70,X-03,94,8/13/2022,62.62241,-166.7449,9.4,9.4,25,2.768,13.892,2.838,3.8453056,0.518
2022,143,202202,50,70,X-02,94,8/13/2022,62.66675,-167.3985,5.8,7.5,30,2.857,15.457,2.69,4.4160649,0.524
2022,143,202202,51,70,W-02,94,8/13/2022,62.37003,-167.4356,7.3,7.4,26,2.87,15.46,2.77,4.43702,0.533
2022,143,202202,52,70,V-19,94,8/14/2022,62.04346,-169.558,1.6,7.3,41,2.709,15.767,2.914,4.2712803,0.509
2022,143,202202,53,70,U-19,94,8/14/2022,61.68553,-169.5077,3.8,7.6,41,2.746,15.799,2.591,4.3384054,0.509
2022,143,202202,54,70,U-18,94,8/15/2022,61.64706,-168.804,6.1,7.5,36,2.674,15.597,2.618,4.1706378,0.519
2022,143,202202,55,70,V-18,94,8/15/2022,61.97973,-168.8318,4.6,6.9,35,2.747,15.551,2.495,4.2718597,0.515
2022,143,202202,56,70,V-01,94,8/15/2022,62.01131,-168.1389,7.2,7.4,28,2.959,14.914,2.833,4.4130526,0.536
2022,143,202202,57,70,U-01,94,8/15/2022,61.69102,-168.0911,8.3,8.4,28,2.93,15.68,2.488,4.59424,0.526
2022,143,202202,58,70,T-18,94,8/16/2022,61.35054,-168.7686,7.9,8,35,2.772,16.107,1.994,4.4648604,0.522
2022,143,202202,59,70,S-18,94,8/16/2022,61.02945,-168.7513,8,8,37,2.79,16.042,2.022,4.475718,0.518
2022,143,202202,60,70,T-01,94,8/17/2022,61.34252,-168.1051,8.4,8.5,31,2.815,15.838,2.147,4.458397,0.529
2022,143,202202,61,70,S-01,94,8/17/2022,61.04338,-168.0571,8.8,8.8,30,2.891,16.171,2.172,4.6750361,0.534
2022,143,202202,62,70,S-02,94,8/17/2022,61.00051,-167.4278,9.6,9.6,25,2.915,14.485,2.209,4.2223775,0.527
2022,143,202202,63,70,T-02,94,8/17/2022,61.31127,-167.3901,9.1,9.1,27,2.84,14.592,2.356,4.144128,0.527
2022,143,202202,65,70,U-02,94,8/18/2022,61.66844,-167.4178,9.1,9.1,26,3.172,15.047,2.11,4.7729084,0.53
2022,143,202202,66,70,V-02,94,8/18/2022,61.97265,-167.4219,9,9.9,27,3.07,14.995,2.029,4.603465,0.518
2022,143,202202,67,70,V-03,94,8/18/2022,62.00525,-166.7065,9.3,10.3,22,2.915,14.963,2.243,4.3617145,0.527
2022,143,202202,68,70,U-03,94,8/18/2022,61.66963,-166.7322,10.2,10.6,23,2.825,15.033,2.069,4.2468225,0.524
2022,143,202202,69,70,T-03,94,8/19/2022,61.34011,-166.7281,10.2,10.1,15,2.879,13.947,2.279,4.0153413,0.525
2022,143,202202,70,70,S-03,94,8/19/2022,61.01849,-166.6826,10.2,10.2,18,2.997,12.324,2.586,3.6935028,0.528
2022,143,202202,71,70,R-03,94,8/19/2022,60.68299,-166.7617,11,11.1,24,3.102,14.623,2.436,4.5360546,0.545
2022,143,202202,1,81,W-24,162,7/29/2022,62.33262,-173.1405,-1.3,8.1,59,3.019,18.777,1.419,5.6687763,0.53
2022,143,202202,2,81,W-25,162,7/29/2022,62.33351,-173.8181,-1.3,8.4,64,2.938,17.805,1.882,5.231109,0.526
2022,143,202202,3,81,W-26,162,7/29/2022,62.32779,-174.5536,-1.5,8.5,71,2.826,18.075,1.971,5.107995,0.507
2022,143,202202,4,81,W-27,162,7/29/2022,62.33296,-175.2608,-1.6,8.4,78,3.043,18.346,2.129,5.5826878,0.539
2022,143,202202,5,81,X-26,162,7/30/2022,62.66308,-174.6851,-1.6,8.4,73,3.058,18.315,1.998,5.600727,0.543
2022,143,202202,6,81,X-25,162,7/30/2022,62.66055,-173.9789,-1.5,8.4,70,2.904,18.221,2.072,5.2913784,0.519
2022,143,202202,7,81,X-24,162,7/30/2022,62.66481,-173.1573,-1.5,7.9,64,2.923,18.112,2.105,5.2941376,0.521
2022,143,202202,8,81,X-23,162,7/30/2022,62.65466,-172.4728,-1.2,7.3,54,2.817,17.204,2.171,4.8463668,0.507
2022,143,202202,9,71,CC-04,162,8/3/2022,64.33519,-166.0021,7.4,11,23,3.072,16.591,2.18,5.0967552,0.54
2022,143,202202,10,71,DD-03,162,8/3/2022,64.64488,-166.8108,5.7,10.7,25,2.972,15.7,2.252,4.66604,0.534
2022,143,202202,11,71,DD-02,162,8/4/2022,64.67725,-167.6052,2.6,7.8,30,2.91,15.085,2.785,4.389735,0.524
2022,143,202202,12,71,EE-02,162,8/4/2022,64.97546,-167.5979,4.8,8.9,32,2.948,15.298,2.434,4.5098504,0.523
2022,143,202202,13,71,FF-02,162,8/4/2022,65.31255,-167.6858,6.6,9,39,2.832,15.374,2.317,4.3539168,0.51
2022,143,202202,14,71,FF-01,162,8/4/2022,65.33853,-168.3969,2.2,6.8,53,2.827,16.482,2.168,4.6594614,0.511
2022,143,202202,15,71,FF-18,162,8/4/2022,65.23394,-168.887,1.6,6.5,53,2.846,16.344,2.293,4.6515024,0.511
2022,143,202202,16,71,EE-19,162,8/5/2022,65.00732,-169.8922,0.9,3.4,50,2.899,16.52,2.287,4.789148,0.518
2022,143,202202,17,71,EE-18,162,8/5/2022,65.01162,-169.1441,1.5,4.9,48,2.953,16.967,2.274,5.0103551,0.528
2022,143,202202,18,71,EE-01,162,8/5/2022,65.00792,-168.3539,2.8,6.9,44,2.975,16.756,2.22,4.98491,0.532
2022,143,202202,19,71,DD-01,162,8/5/2022,64.67739,-168.3673,3.6,5.8,40,2.852,15.25,1.84,4.3493,0.516
2022,143,202202,20,71,DD-18,162,8/6/2022,64.65152,-169.1354,1.8,5.9,44,2.938,16.391,2.324,4.8156758,0.525
2022,143,202202,21,71,CC-18,162,8/6/2022,64.3325,-169.1156,1.1,5.9,41,2.813,15.454,2.517,4.3472102,0.512
2022,143,202202,22,71,BB-18,162,8/6/2022,64.01883,-169.0501,3,6.4,35,2.88,15.792,2.221,4.548096,0.518
2022,143,202202,23,71,AA-18,162,8/6/2022,63.68334,-169.0051,4.6,7.4,35,2.868,15.094,2.356,4.3289592,0.512
2022,143,202202,24,71,AA-19,162,8/7/2022,63.6499,-169.7436,5.3,6.9,39,2.79,15.618,2.467,4.357422,0.507
2022,143,202202,25,71,BB-19,162,8/7/2022,63.98433,-169.786,2.2,6.9,36,1.45,15.103,2.616,2.189935,0.263
2022,143,202202,26,71,CC-19,162,8/7/2022,64.30908,-169.8298,1.4,6.3,39,2.831,15.055,2.649,4.2620705,0.511
2022,143,202202,27,71,DD-19,162,8/7/2022,64.6459,-169.8841,0.8,1.9,47,2.909,16.317,2.309,4.7466153,0.526
2022,143,202202,28,71,DD-20,162,8/7/2022,64.65752,-170.6473,0.9,2,48,1.9,16.61,2.336,3.1559,0.339
2022,143,202202,29,71,CC-21,162,8/8/2022,64.3365,-171.3552,0.8,0.7,46,1.097,16.847,2.454,1.8481159,0.191
2022,143,202202,30,71,CC-20,162,8/8/2022,64.32923,-170.6158,0.9,1.1,37,2.837,15.339,2.574,4.3516743,0.514
2022,143,202202,31,71,BB-20,162,8/8/2022,63.99106,-170.5587,4.2,6.1,30,2.956,15.199,2.554,4.4928244,0.528
2022,143,202202,32,71,AA-21,162,8/9/2022,63.69991,-171.0487,7.2,7.3,22,1.729,14.42,2.692,2.493218,0.293
2022,143,202202,33,71,BB-21,162,8/9/2022,63.99994,-171.3022,5.5,7.3,28,2.988,15.363,2.212,4.5904644,0.53
2022,143,202202,34,71,BB-22,162,8/9/2022,64.00163,-172.0131,-0.1,7.4,53,2.891,16.608,1.948,4.8013728,0.519
2022,143,202202,35,70,AA-22,162,8/9/2022,63.7056,-172.0803,-0.9,7,38,1.918,16.082,2.375,3.0845276,0.345
2022,143,202202,36,81,AA-23,162,8/10/2022,63.6653,-172.7234,-0.7,7.1,55,2.873,16.09,2.418,4.622657,0.514
2022,143,202202,37,70,ZZ-22,162,8/10/2022,63.30058,-172.0003,-1.6,6.6,58,1.447,16.71,2.303,2.417937,0.249
2022,143,202202,38,81,ZZ-23,162,8/10/2022,63.3267,-172.598,-1.4,7.2,63,2.964,17.869,1.767,5.2963716,0.529
2022,143,202202,39,81,ZZ-24,162,8/10/2022,63.3369,-173.4047,-1.7,7.7,71,2.901,18.097,1.793,5.2499397,0.519
2022,143,202202,40,81,Y-25,162,8/11/2022,63.0014,-174.0487,-1.6,7.9,74,3.043,18.901,1.81,5.7515743,0.534
2022,143,202202,41,81,Y-24,162,8/11/2022,63.00074,-173.3079,-1.6,8.3,69,2.934,18.5,1.697,5.4279,0.517
2022,143,202202,42,81,Y-23,162,8/11/2022,63.00142,-172.6122,-1.7,7.7,61,2.993,17.975,1.674,5.3799175,0.533
2022,143,202202,43,70,Y-22,162,8/11/2022,63.00302,-171.8778,-1.2,7.2,54,2.935,17.47,1.637,5.127445,0.524
2022,143,202202,44,70,X-21,162,8/12/2022,62.65106,-171.0684,-1.2,7.3,45,2.94,16.668,1.995,4.900392,0.531
2022,143,202202,46,70,Y-20,162,8/13/2022,62.95212,-170.5079,-1.5,5.7,42,2.007,15.271,2.715,3.0648897,0.358
2022,143,202202,47,70,ZZ-21,162,8/13/2022,63.25736,-171.1154,-1.4,5.6,34,1.46,15.508,2.375,2.264168,0.261
2022,143,202202,48,70,Y-21,162,8/13/2022,62.99467,-171.139,-1.3,6,46,2.913,15.828,2.441,4.6106964,0.521
2022,143,202202,49,70,X-22,162,8/13/2022,62.68098,-171.7697,-1.4,7.7,49,2.912,16.555,2.277,4.820816,0.523
2022,143,202202,50,81,W-23,162,8/14/2022,62.33615,-172.4331,-0.5,8.1,54,2.816,15.891,2.309,4.4749056,0.506
2022,143,202202,51,81,V-23,162,8/14/2022,62.01094,-172.3667,-0.6,8.3,56,2.767,15.875,2.503,4.3926125,0.501
2022,143,202202,52,81,U-23,162,8/14/2022,61.67421,-172.3115,-0.3,8.6,61,2.924,17.21,2.068,5.032204,0.525
2022,143,202202,53,81,T-23,162,8/14/2022,61.34674,-172.2313,-0.1,8.4,63,1.149,19.053,1.784,2.1891897,0.197
2022,143,202202,54,81,T-24,162,8/14/2022,61.33163,-172.8967,-0.5,9.1,68,2.932,17.383,2.184,5.0966956,0.52
2022,143,202202,55,81,T-22,162,8/15/2022,61.31829,-171.5117,1.6,8.1,55,2.846,16.743,2.13,4.7650578,0.516
2022,143,202202,56,81,U-22,162,8/15/2022,61.65939,-171.5634,0.2,8.5,55,2.842,16.683,2.27,4.7413086,0.513
2022,143,202202,57,70,V-22,162,8/15/2022,61.98797,-171.613,0.1,8.2,51,2.875,16.738,2.257,4.812175,0.519
2022,143,202202,58,81,W-22,162,8/15/2022,62.30765,-171.7165,-0.3,7.8,46,2.952,16.298,2.22,4.8111696,0.526
2022,143,202202,59,70,W-21,162,8/16/2022,62.34657,-171.0401,0.2,7.2,43,2.812,15.327,2.619,4.3099524,0.505
2022,143,202202,60,70,V-21,162,8/16/2022,62.0081,-170.9644,0.2,7.6,49,2.898,16.369,2.286,4.7437362,0.518
2022,143,202202,61,81,U-21,162,8/17/2022,61.67571,-170.9265,0.5,8.2,50,2.896,16.595,2.251,4.805912,0.52
2022,143,202202,62,81,T-21,162,8/17/2022,61.35088,-170.8493,2.3,7.8,49,2.893,15.809,2.308,4.5735437,0.523
2022,143,202202,63,81,S-21,162,8/17/2022,61.0089,-170.8038,1.9,7.8,54,2.899,16.418,2.233,4.7595782,0.513
2022,143,202202,64,81,R-21,162,8/17/2022,60.67278,-170.749,1.3,7.7,59,2.993,17.13,2.192,5.127009,0.529
2022,143,202202,65,70,S-20,162,8/18/2022,60.97328,-170.11,3.5,7,48,2.923,15.725,2.11,4.5964175,0.523
2022,143,202202,66,70,T-20,162,8/18/2022,61.31158,-170.1527,3.1,6.9,47,2.948,16.387,2.231,4.8308876,0.526
2022,143,202202,67,70,U-20,162,8/18/2022,61.64551,-170.1853,1,7.5,46,2.96,16.414,2.265,4.858544,0.522
2022,143,202202,68,70,V-20,162,8/18/2022,61.98676,-170.2456,0.6,7.5,46,2.949,16.48,2.172,4.859952,0.529
2022,143,202202,69,70,T-19,162,8/19/2022,61.33894,-169.463,7.1,7.2,40,2.81,15.222,2.367,4.277382,0.505
2022,143,202202,70,70,S-19,162,8/19/2022,61.01137,-169.4297,7.6,7.6,41,2.823,15.433,2.228,4.3567359,0.507
2022,143,202202,71,70,R-19,162,8/19/2022,60.68155,-169.3833,7.3,7.4,43,2.868,17.779,1.407,5.0990172,0.515
2022,143,202202,72,70,R-20,162,8/19/2022,60.6694,-170.0343,4.3,7.4,50,2.869,16.494,1.975,4.7321286,0.519
2022,143,202202,73,70,R-18,162,8/20/2022,60.66963,-168.7037,8.1,8.2,37,2.84,15.207,2.418,4.318788,0.516
2022,143,202202,74,70,R-01,162,8/20/2022,60.68382,-168.0264,9.4,9.5,28,2.972,14.941,2.257,4.4404652,0.527
2022,143,202202,75,70,R-02,162,8/20/2022,60.67853,-167.3545,9.9,9.9,24,3.047,14.623,2.315,4.4556281,0.534
2023,143,202302,1,71,CC-05,134,7/29/2023,64.31807,-165.34201,8.4,9.9,23,3.126,13.802,2.418,4.3145,0.541
2023,143,202302,1,81,W-27,162,8/3/2023,62.33222,-175.30354,-1.6,10.1,78,3.014,18.73,1.655,5.6452,0.543
2023,143,202302,2,71,CC-06,134,7/29/2023,64.32391,-164.5651,8.5,14.2,15,3.028,13.802,2.418,4.1792,0.539
2023,143,202302,2,81,W-26,162,8/3/2023,62.32365,-174.6055,-1.6,9.9,70,2.931,18.297,1.662,5.3629,0.521
2023,143,202302,3,70,AA-22,162,8/4/2023,63.53524,-171.99809,2.7,9.4,37,2.921,15.277,2.674,4.4624,0.529
2023,143,202302,3,71,CC-07,134,7/29/2023,64.33254,-163.81542,5.5,14.6,18,3.008,13.802,2.418,4.1516,0.529
2023,143,202302,4,71,BB-22,162,8/4/2023,63.99955,-172.01431,-0.1,9.8,53,2.934,15.81,2.668,4.6387,0.53
2023,143,202302,4,71,CC-08,134,7/30/2023,64.24752,-163.16005,4,14.1,21,3.013,13.79,2.476,4.1549,0.528
2023,143,202302,5,71,BB-21,162,8/4/2023,63.99925,-171.36862,1.4,9.8,28,2.986,14.518,2.674,4.3351,0.532
2023,143,202302,5,71,CC-09,134,7/30/2023,64.33186,-162.28503,1.7,15.1,20,2.96,13.764,2.607,4.0741,0.527
2023,143,202302,6,71,AA-21,162,8/4/2023,63.69688,-171.09204,8.7,8.9,21,2.915,13.645,2.528,3.9775,0.524
2023,143,202302,6,71,CC-10,134,7/30/2023,64.30741,-161.59158,8,14.7,16,3.185,13.802,2.418,4.3959,0.537
2023,143,202302,7,71,BB-10,134,7/30/2023,64.00493,-161.54279,2.3,14.5,17,2.944,13.802,2.418,4.0633,0.521
2023,143,202302,7,71,BB-20,162,8/5/2023,63.99294,-170.57382,1.6,4,30,3.05,15.296,2.674,4.6653,0.546
2023,143,202302,8,71,BB-09,134,7/31/2023,63.99723,-162.24382,3.8,15.1,18,2.91,14.264,2.418,4.1508,0.516
2023,143,202302,8,71,BB-19,162,8/5/2023,63.9903,-169.81628,3.2,5.9,34,2.943,15.672,2.083,4.6123,0.533
2023,143,202302,9,71,AA-19,162,8/6/2023,63.66258,-169.79001,7.7,9.1,40,2.889,15.589,2.156,4.5037,0.515
2023,143,202302,9,71,BB-08,134,7/31/2023,64.00566,-163.04201,4.7,14.1,21,2.992,15.663,2.418,4.6864,0.52
2023,143,202302,10,71,AA-18,162,8/6/2023,63.65504,-169.03318,2.7,8.7,36,2.865,16.084,2,4.6081,0.521
2023,143,202302,10,71,BB-07,134,7/31/2023,64.00027,-163.81911,6,12.8,20,3.044,14.322,2.519,4.3596,0.523
2023,143,202302,11,71,AA-08,134,7/31/2023,63.68803,-163.09919,7.7,14.9,16,2.995,13.976,2.418,4.1858,0.528
2023,143,202302,11,71,BB-18,162,8/6/2023,63.99044,-169.05094,2.4,7.9,36,2.89,15.686,2.622,4.5333,0.522
2023,143,202302,12,71,AA-07,134,8/1/2023,63.66438,-163.76445,10.4,14.3,15,2.976,13.374,2.418,3.9801,0.528
2023,143,202302,12,71,CC-18,162,8/6/2023,64.29852,-169.09513,1.5,7.1,40,2.807,15.867,2.141,4.4539,0.51
2023,143,202302,13,71,AA-06,134,8/1/2023,63.65842,-164.55834,11.1,11.3,12,3.082,14.373,2.418,4.4298,0.534
2023,143,202302,13,71,DD-18,162,8/7/2023,64.66868,-169.11337,1.3,7.1,43,2.962,15.74,2.087,4.6622,0.537
2023,143,202302,14,71,BB-06,134,8/1/2023,64.00095,-164.55033,8.4,12.4,19,2.997,14.45,2.277,4.3307,0.523
2023,143,202302,14,71,DD-19,162,8/7/2023,64.66808,-169.91486,1.7,5,47,2.948,16.61,2.121,4.8966,0.529
2023,143,202302,15,71,CC-19,162,8/7/2023,64.34952,-169.84512,0.7,4.5,40,2.827,15.272,2.651,4.3174,0.513
2023,143,202302,16,71,BB-05,134,8/1/2023,64.00671,-165.35578,9.6,9.7,18,2.988,14.015,2.203,4.1877,0.529
2023,143,202302,16,71,CC-20,162,8/7/2023,64.33476,-170.57326,1,7.1,37,2.441,15.093,2.437,3.6842,0.451
2023,143,202302,17,71,AA-05,134,8/2/2023,63.67904,-165.27107,9,9.7,19,2.946,14.148,2.418,4.168,0.522
2023,143,202302,17,71,CC-21,162,8/7/2023,64.24674,-171.06827,2.6,8.4,40,2.753,15.148,2.919,4.1702,0.499
2023,143,202302,18,71,DD-20,162,8/8/2023,64.64106,-170.63694,2.1,7.1,48,2.795,16.195,2.685,4.5265,0.509
2023,143,202302,19,71,EE-19,162,8/8/2023,64.9736,-169.90458,1.2,6.9,48,2.861,16.731,2.471,4.7867,0.514
2023,143,202302,19,71,ZZ-05,134,8/2/2023,63.32979,-165.33022,10.6,10.5,17,2.527,13.775,2.541,3.4809,0.432
2023,143,202302,20,71,EE-18,162,8/8/2023,65.00297,-169.15404,1.3,8.1,49,2.821,16.276,2.512,4.5915,0.509
2023,143,202302,20,71,ZZ-04,134,8/2/2023,63.337,-166.02905,7.9,9.2,24,2.81,13.085,2.687,3.6769,0.503
2023,143,202302,21,70,Y-04,134,8/2/2023,62.99296,-166.02226,9.1,9.7,21,2.979,13.721,2.35,4.0875,0.522
2023,143,202302,22,71,AA-04,134,8/3/2023,63.6639,-166.01895,5.9,9.4,28,3.024,15.152,2.837,4.582,0.531
2023,143,202302,22,71,FF-18,162,8/8/2023,65.22677,-168.89393,2.2,8.9,53,1.376,16.387,2.653,2.2549,0.251
2023,143,202302,23,71,BB-04,134,8/3/2023,63.99654,-166.05784,6.5,9.4,23,2.907,13.689,2.418,3.9794,0.516
2023,143,202302,23,71,FF-01,162,8/9/2023,65.33613,-168.41038,4,9.6,53,2.819,15.447,2.595,4.3545,0.506
2023,143,202302,24,71,CC-04,134,8/3/2023,64.33352,-166.02858,7.3,10.2,24,2.992,14.569,2.295,4.359,0.524
2023,143,202302,24,71,FF-02,162,8/9/2023,65.32155,-167.68042,8.7,9.1,38,2.78,14.664,2.582,4.0766,0.509
2023,143,202302,25,71,BB-03,134,8/9/2023,63.99858,-166.78612,6.2,9.2,33,2.987,15.846,2.07,4.7332,0.524
2023,143,202302,25,71,EE-02,162,8/9/2023,65.01551,-167.62865,7.7,7.8,34,2.828,14.077,3.027,3.981,0.514
2023,143,202302,26,71,BB-02,134,8/9/2023,64.00514,-167.55839,3.8,6.9,34,2.944,14.913,2.19,4.3904,0.524
2023,143,202302,26,71,EE-01,162,8/9/2023,65.01131,-168.35604,2.2,9.1,45,2.911,15.957,2.871,4.6451,0.529
2023,143,202302,27,71,AA-02,134,8/9/2023,63.68227,-167.52401,6.4,6.3,28,2.916,13.694,2.427,3.9932,0.517
2023,143,202302,27,71,DD-01,162,8/10/2023,64.66436,-168.36902,1.7,8.4,39,2.802,14.336,2.735,4.0169,0.506
2023,143,202302,28,71,AA-03,134,8/10/2023,63.67835,-166.77274,5.9,7.8,29,3.048,15.187,2.18,4.629,0.532
2023,143,202302,28,71,DD-02,162,8/10/2023,64.66806,-167.65323,7,8.3,31,2.876,14.264,2.896,4.1023,0.524
2023,143,202302,29,71,DD-03,162,8/10/2023,64.67513,-166.8636,9.9,12.8,24,2.86,14.769,2.708,4.2239,0.527
2023,143,202302,29,71,ZZ-03,134,8/10/2023,63.33735,-166.73097,6.4,8.7,28,3.145,15.662,1.776,4.9257,0.543
2023,143,202302,30,71,CC-03,162,8/10/2023,64.34818,-166.83601,7.5,9.2,30,2.914,14.8,2.653,4.3127,0.524
2023,143,202302,30,71,ZZ-02,134,8/10/2023,63.32641,-167.51227,5.1,7.6,33,2.973,14.661,2.298,4.3587,0.518
2023,143,202302,31,70,Y-03,134,8/11/2023,62.99862,-166.73912,8.7,9.5,29,3.066,15.207,2.109,4.6625,0.531
2023,143,202302,31,71,CC-02,162,8/11/2023,64.34315,-167.53443,6.2,8.2,31,2.901,14.295,2.807,4.147,0.528
2023,143,202302,32,70,Y-02,134,8/11/2023,62.99446,-167.41885,5.5,8.3,36,2.973,15.661,2.117,4.656,0.521
2023,143,202302,33,71,CC-01,162,8/11/2023,64.33923,-168.33761,1.3,8,39,2.787,14.106,2.916,3.9313,0.507
2023,143,202302,33,71,ZZ-01,134,8/11/2023,63.33458,-168.25936,4.3,7.8,31,3.005,14.184,2.588,4.2623,0.528
2023,143,202302,34,70,X-18,134,8/12/2023,62.66757,-168.92143,2.3,8.4,36,2.903,14.668,2.402,4.2581,0.513
2023,143,202302,34,71,BB-01,162,8/11/2023,64.02512,-168.30308,1.6,9.3,36,2.778,15.079,2.956,4.1889,0.506
2023,143,202302,35,70,X-01,134,8/12/2023,62.67361,-168.1784,3.2,7.7,34,2.209,14.815,2.235,3.2726,0.387
2023,143,202302,35,71,AA-01,162,8/11/2023,63.69779,-168.27428,2.8,5.4,33,2.808,14.791,2.638,4.1533,0.512
2023,143,202302,36,70,W-01,134,8/12/2023,62.33772,-168.13466,6.8,8.2,31,3.017,14.892,2.302,4.4929,0.526
2023,143,202302,36,70,Y-01,162,8/12/2023,63.02298,-168.21711,3,7.6,39,2.769,13.533,3.064,3.7473,0.501
2023,143,202302,37,70,W-19,134,8/13/2023,62.34331,-169.59868,1.9,7.2,36,3.008,15.928,2.402,4.7911,0.523
2023,143,202302,37,70,Y-18,162,8/12/2023,62.88096,-168.83287,2.1,8.3,39,2.819,15.574,2.199,4.3903,0.511
2023,143,202302,38,70,V-19,134,8/13/2023,61.99958,-169.58319,1.5,8.1,42,2.894,16.282,2.228,4.712,0.51
2023,143,202302,38,70,X-19,162,8/12/2023,62.67974,-169.55726,0.8,8.3,40,2.849,14.833,2.738,4.2259,0.518
2023,143,202302,39,70,V-18,134,8/13/2023,62.00383,-168.84144,3.7,8,37,2.892,15.9,2.248,4.5983,0.513
2023,143,202302,39,70,X-20,162,8/12/2023,62.67143,-170.30881,0.2,8.2,42,3.001,16.391,2.525,4.9189,0.538
2023,143,202302,40,70,Y-21,162,8/13/2023,62.99521,-171.10216,0,8.4,47,2.829,16.235,2.539,4.5929,0.514
2023,143,202302,41,70,W-02,134,8/14/2023,62.33297,-167.48101,7.9,8.1,26,3.14,14.861,2.41,4.6664,0.543
2023,143,202302,41,70,Y-22,162,8/13/2023,62.98007,-171.76876,-0.8,7.9,52,2.884,16.654,2.451,4.803,0.518
2023,143,202302,42,70,W-03,134,8/14/2023,62.34457,-166.72213,10.4,11.9,22,2.968,14.027,2.7,4.1632,0.528
2023,143,202302,42,81,ZZ-23,162,8/13/2023,63.32826,-172.55603,0,7.8,63,2.817,16.925,2.651,4.7678,0.513
2023,143,202302,43,70,V-03,134,8/14/2023,62.01718,-166.69057,10.9,12.3,21,2.961,14.744,2.283,4.3657,0.528
2023,143,202302,43,81,ZZ-24,162,8/13/2023,63.33828,-173.35491,-1.3,8.2,70,2.761,16.955,2.336,4.6813,0.504
2023,143,202302,44,70,T-03,134,8/15/2023,61.31921,-166.73855,11,11.2,14,3.018,13.529,2.458,4.0831,0.537
2023,143,202302,44,81,Y-25,162,8/14/2023,63.01044,-174.0143,-1.5,8.1,74,2.849,18.561,2.383,5.288,0.516
2023,143,202302,45,70,U-03,134,8/15/2023,61.65727,-166.73288,10.2,11.5,21,2.254,14.209,2.427,3.2027,0.399
2023,143,202302,45,81,X-25,162,8/14/2023,62.66251,-173.91004,-1.6,8.6,68,2.815,17.007,2.295,4.7875,0.513
2023,143,202302,46,70,U-02,134,8/15/2023,61.66874,-167.38973,9.3,9.4,26,3.199,15.627,2.252,4.9991,0.547
2023,143,202302,46,81,X-24,162,8/15/2023,62.66875,-173.27936,-1.5,9.5,65,1.315,17.216,2.57,2.2639,0.233
2023,143,202302,47,70,U-18,134,8/16/2023,61.68086,-168.80679,5,8,36,2.944,15.696,2.361,4.6209,0.516
2023,143,202302,47,81,X-23,162,8/15/2023,62.66631,-172.53461,-1.1,9.2,54,2.982,16.821,2.412,5.016,0.536
2023,143,202302,48,70,T-18,134,8/16/2023,61.33452,-168.80683,7.3,8.3,35,3.059,16.962,2.252,5.1887,0.53
2023,143,202302,48,81,W-23,162,8/16/2023,62.33246,-172.44681,-0.7,9.1,54,2.784,15.722,2.819,4.377,0.5
2023,143,202302,49,70,T-01,134,8/16/2023,61.33394,-168.07784,8.1,8.4,30,3.069,15.161,2.237,4.6529,0.534
2023,143,202302,49,81,W-22,162,8/16/2023,62.33187,-171.77246,-0.4,8.6,47,2.828,15.211,3.216,4.3017,0.512
2023,143,202302,50,70,T-02,134,8/17/2023,61.35082,-167.37696,9.2,9.2,24,3.032,14.025,2.558,4.2524,0.529
2023,143,202302,50,70,W-21,162,8/16/2023,62.33269,-171.08652,0.2,8.9,42,2.947,15.675,2.104,4.6194,0.528
2023,143,202302,51,70,S-02,134,8/17/2023,61.014,-167.34606,9.4,9.4,24,3.02,14.206,2.505,4.2902,0.526
2023,143,202302,51,70,W-20,162,8/16/2023,62.33514,-170.34106,0.9,8.7,40,2.728,14.659,3.172,3.999,0.497
2023,143,202302,52,70,R-02,134,8/17/2023,60.68519,-167.33318,9.9,9.9,25,2.925,14.345,2.418,4.1959,0.516
2023,143,202302,52,70,V-20,162,8/16/2023,62.01283,-170.26016,0.6,9,46,2.843,16.133,3.071,4.5866,0.514
2023,143,202302,53,70,R-01,134,8/18/2023,60.66798,-167.97018,9,9,28,3.134,15.627,2.252,4.8975,0.542
2023,143,202302,53,70,V-21,162,8/17/2023,62.0034,-170.91762,0.3,8.8,50,2.837,16.683,2.762,4.733,0.516
2023,143,202302,54,70,R-18,134,8/18/2023,60.66949,-168.66915,7.6,7.5,37,2.891,16.022,2.112,4.632,0.518
2023,143,202302,54,70,V-22,162,8/17/2023,62.00161,-171.59276,-0.2,9.4,52,2.742,16.849,2.721,4.62,0.504
2023,143,202302,55,81,V-23,162,8/17/2023,62.00081,-172.30856,-0.8,9.3,55,2.989,17.291,2.717,5.1683,0.537
2023,143,202302,56,81,V-24,162,8/17/2023,62.00404,-173.02588,-1.1,9.6,58,2.869,17.025,2.779,4.8845,0.524
2023,143,202302,57,81,T-24,162,8/18/2023,61.33587,-172.95797,-1,8.3,69,2.797,16.897,2.684,4.7261,0.508
2023,143,202302,58,81,T-23,162,8/18/2023,61.33284,-172.29096,-0.8,8.9,63,2.836,18.109,2.307,5.1357,0.51
2023,143,202302,59,81,T-22,162,8/18/2023,61.3336,-171.55331,-0.3,8,56,2.771,16.873,2.682,4.6755,0.503
2023,143,202302,60,81,U-22,162,8/18/2023,61.64164,-171.58086,-0.1,9.2,55,2.723,16.788,2.684,4.5714,0.497
2023,143,202302,61,81,U-21,162,8/18/2023,61.66691,-170.9258,0.3,8.6,50,2.752,16.423,2.708,4.5196,0.5
2023,143,202302,62,81,S-21,162,8/19/2023,61.00294,-170.84698,-0.8,9.2,54,2.749,16.313,2.788,4.4844,0.5
2023,143,202302,63,70,T-20,162,8/19/2023,61.33219,-170.19903,0.1,8.2,47,2.808,16.422,3.133,4.6113,0.51
2023,143,202302,64,70,T-19,162,8/19/2023,61.334,-169.47431,3.4,7.5,40,2.758,15.332,2.958,4.2286,0.503
2023,143,202302,65,70,S-18,162,8/19/2023,61.03443,-168.74123,7.9,8.2,36,2.816,15.252,3.051,4.295,0.511
2023,143,202302,66,70,R-20,162,8/20/2023,60.66991,-170.07918,1.6,9,49,2.802,16.165,2.789,4.5294,0.506
2023,143,202302,67,70,R-19,162,8/20/2023,60.67457,-169.3943,4.1,7.6,43,2.878,15.956,2.988,4.5921,0.517
